m_H,m_S_fixed,phi,delta_D0_dir,q_1,O_1,demand_gate,opportunity_gate,region,policy_allocation
0.31,0.3,0.04,1.52,0.19,1.95,True,False,demand_only,Scenario C fixed
0.31,0.3,0.045,1.52,0.20500000000000002,2.0250000000000004,True,False,demand_only,Scenario C fixed
0.31,0.3,0.05,1.52,0.22000000000000003,2.1,True,False,demand_only,Scenario C fixed
0.31,0.3,0.055,1.52,0.23500000000000001,2.175,True,False,demand_only,Scenario C fixed
0.31,0.3,0.06,1.52,0.25,2.25,True,False,demand_only,Scenario C fixed
0.31,0.3,0.065,1.52,0.265,2.325,True,False,demand_only,Scenario C fixed
0.31,0.3,0.07,1.52,0.28,2.4000000000000004,True,False,demand_only,Scenario C fixed
0.31,0.3,0.07500000000000001,1.52,0.29500000000000004,2.475,True,False,demand_only,Scenario C fixed
0.31,0.3,0.08,1.52,0.31,2.55,True,False,demand_only,Scenario C fixed
0.31,0.3,0.08499999999999999,1.52,0.325,2.625,True,False,demand_only,Scenario C fixed
0.31,0.3,0.09,1.52,0.34,2.7,True,False,demand_only,Scenario C fixed
0.31,0.3,0.095,1.52,0.35500000000000004,2.7750000000000004,True,False,demand_only,Scenario C fixed
0.31,0.3,0.1,1.52,0.37000000000000005,2.8500000000000005,True,False,demand_only,Scenario C fixed
0.31,0.3,0.10500000000000001,1.52,0.38500000000000006,2.9250000000000003,True,False,demand_only,Scenario C fixed
0.31,0.3,0.11000000000000001,1.52,0.4000000000000001,3.0000000000000004,True,False,demand_only,Scenario C fixed
0.31,0.3,0.11499999999999999,1.52,0.415,3.0749999999999997,True,False,demand_only,Scenario C fixed
0.31,0.3,0.12,1.52,0.43,3.15,True,False,demand_only,Scenario C fixed
0.31,0.3,0.125,1.52,0.445,3.225,True,False,demand_only,Scenario C fixed
0.31,0.3,0.13,1.52,0.46,3.3000000000000003,True,False,demand_only,Scenario C fixed
0.31,0.3,0.135,1.52,0.47500000000000003,3.375,True,False,demand_only,Scenario C fixed
0.31,0.3,0.14,1.52,0.49000000000000005,3.45,True,False,demand_only,Scenario C fixed
0.31,0.3,0.145,1.52,0.5049999999999999,3.5249999999999995,True,False,demand_only,Scenario C fixed
0.31,0.3,0.15,1.52,0.52,3.6,True,False,demand_only,Scenario C fixed
0.31,0.3,0.155,1.52,0.5349999999999999,3.675,True,False,demand_only,Scenario C fixed
0.31,0.3,0.16,1.52,0.55,3.75,True,False,demand_only,Scenario C fixed
0.31,0.3,0.165,1.52,0.565,3.8249999999999997,True,False,demand_only,Scenario C fixed
0.31,0.3,0.17,1.52,0.5800000000000001,3.9000000000000004,True,False,demand_only,Scenario C fixed
0.31,0.3,0.17500000000000002,1.52,0.595,3.9749999999999996,True,False,demand_only,Scenario C fixed
0.31,0.3,0.18000000000000002,1.52,0.6100000000000001,4.050000000000001,True,False,demand_only,Scenario C fixed
0.31,0.3,0.185,1.52,0.625,4.125,True,False,demand_only,Scenario C fixed
0.31,0.3,0.19,1.52,0.6400000000000001,4.200000000000001,True,False,demand_only,Scenario C fixed
0.31,0.3,0.195,1.52,0.655,4.275,True,False,demand_only,Scenario C fixed
0.31,0.3,0.2,1.52,0.6700000000000002,4.3500000000000005,True,False,demand_only,Scenario C fixed
0.31,0.3,0.20500000000000002,1.52,0.685,4.425000000000001,True,False,demand_only,Scenario C fixed
0.31,0.3,0.21000000000000002,1.52,0.7000000000000002,4.500000000000001,True,False,demand_only,Scenario C fixed
0.31,0.3,0.21500000000000002,1.52,0.7150000000000001,4.575,True,False,demand_only,Scenario C fixed
0.31,0.3,0.22,1.52,0.73,4.65,True,False,demand_only,Scenario C fixed
0.31,0.3,0.225,1.52,0.7450000000000001,4.7250000000000005,True,False,demand_only,Scenario C fixed
0.31,0.3,0.23,1.52,0.76,4.8,True,False,demand_only,Scenario C fixed
0.31,0.3,0.23500000000000001,1.52,0.7750000000000001,4.875000000000001,True,False,demand_only,Scenario C fixed
0.31,0.3,0.24000000000000002,1.52,0.79,4.95,True,False,demand_only,Scenario C fixed
0.31,0.3,0.24500000000000002,1.52,0.8050000000000002,5.0,True,True,both_pass,Scenario C fixed
0.31,0.3,0.25,1.52,0.8200000000000001,5.0,True,True,both_pass,Scenario C fixed
0.31,0.3,0.255,1.52,0.835,5.0,True,True,both_pass,Scenario C fixed
0.31,0.3,0.26,1.52,0.8500000000000001,5.0,True,True,both_pass,Scenario C fixed
0.31,0.3,0.265,1.52,0.865,5.0,True,True,both_pass,Scenario C fixed
0.31,0.3,0.27,1.52,0.8800000000000001,5.0,True,True,both_pass,Scenario C fixed
0.31,0.3,0.275,1.52,0.895,5.0,True,True,both_pass,Scenario C fixed
0.31,0.3,0.27999999999999997,1.52,0.9099999999999999,5.0,True,True,both_pass,Scenario C fixed
0.31,0.3,0.285,1.52,0.925,5.0,True,True,both_pass,Scenario C fixed
0.31,0.3,0.29,1.52,0.94,5.0,True,True,both_pass,Scenario C fixed
0.31,0.3,0.295,1.52,0.9550000000000001,5.0,True,True,both_pass,Scenario C fixed
0.31,0.3,0.3,1.52,0.97,5.0,True,True,both_pass,Scenario C fixed
0.31,0.3,0.305,1.52,0.9850000000000001,5.0,True,True,both_pass,Scenario C fixed
0.31,0.3,0.31,1.52,1.0,5.0,True,True,both_pass,Scenario C fixed
0.31,0.3,0.315,1.52,1.0,5.0,True,True,both_pass,Scenario C fixed
0.31,0.3,0.32,1.52,1.0,5.0,True,True,both_pass,Scenario C fixed
0.31,0.3,0.325,1.52,1.0,5.0,True,True,both_pass,Scenario C fixed
0.31,0.3,0.32999999999999996,1.52,1.0,5.0,True,True,both_pass,Scenario C fixed
0.31,0.3,0.33499999999999996,1.52,1.0,5.0,True,True,both_pass,Scenario C fixed
0.31,0.3,0.33999999999999997,1.52,1.0,5.0,True,True,both_pass,Scenario C fixed
0.31,0.3,0.345,1.52,1.0,5.0,True,True,both_pass,Scenario C fixed
0.31,0.3,0.35,1.52,1.0,5.0,True,True,both_pass,Scenario C fixed
0.32,0.3,0.04,1.44,0.19,1.95,True,False,demand_only,Scenario C fixed
0.32,0.3,0.045,1.44,0.20500000000000002,2.0250000000000004,True,False,demand_only,Scenario C fixed
0.32,0.3,0.05,1.44,0.22000000000000003,2.1,True,False,demand_only,Scenario C fixed
0.32,0.3,0.055,1.44,0.23500000000000001,2.175,True,False,demand_only,Scenario C fixed
0.32,0.3,0.06,1.44,0.25,2.25,True,False,demand_only,Scenario C fixed
0.32,0.3,0.065,1.44,0.265,2.325,True,False,demand_only,Scenario C fixed
0.32,0.3,0.07,1.44,0.28,2.4000000000000004,True,False,demand_only,Scenario C fixed
0.32,0.3,0.07500000000000001,1.44,0.29500000000000004,2.475,True,False,demand_only,Scenario C fixed
0.32,0.3,0.08,1.44,0.31,2.55,True,False,demand_only,Scenario C fixed
0.32,0.3,0.08499999999999999,1.44,0.325,2.625,True,False,demand_only,Scenario C fixed
0.32,0.3,0.09,1.44,0.34,2.7,True,False,demand_only,Scenario C fixed
0.32,0.3,0.095,1.44,0.35500000000000004,2.7750000000000004,True,False,demand_only,Scenario C fixed
0.32,0.3,0.1,1.44,0.37000000000000005,2.8500000000000005,True,False,demand_only,Scenario C fixed
0.32,0.3,0.10500000000000001,1.44,0.38500000000000006,2.9250000000000003,True,False,demand_only,Scenario C fixed
0.32,0.3,0.11000000000000001,1.44,0.4000000000000001,3.0000000000000004,True,False,demand_only,Scenario C fixed
0.32,0.3,0.11499999999999999,1.44,0.415,3.0749999999999997,True,False,demand_only,Scenario C fixed
0.32,0.3,0.12,1.44,0.43,3.15,True,False,demand_only,Scenario C fixed
0.32,0.3,0.125,1.44,0.445,3.225,True,False,demand_only,Scenario C fixed
0.32,0.3,0.13,1.44,0.46,3.3000000000000003,True,False,demand_only,Scenario C fixed
0.32,0.3,0.135,1.44,0.47500000000000003,3.375,True,False,demand_only,Scenario C fixed
0.32,0.3,0.14,1.44,0.49000000000000005,3.45,True,False,demand_only,Scenario C fixed
0.32,0.3,0.145,1.44,0.5049999999999999,3.5249999999999995,True,False,demand_only,Scenario C fixed
0.32,0.3,0.15,1.44,0.52,3.6,True,False,demand_only,Scenario C fixed
0.32,0.3,0.155,1.44,0.5349999999999999,3.675,True,False,demand_only,Scenario C fixed
0.32,0.3,0.16,1.44,0.55,3.75,True,False,demand_only,Scenario C fixed
0.32,0.3,0.165,1.44,0.565,3.8249999999999997,True,False,demand_only,Scenario C fixed
0.32,0.3,0.17,1.44,0.5800000000000001,3.9000000000000004,True,False,demand_only,Scenario C fixed
0.32,0.3,0.17500000000000002,1.44,0.595,3.9749999999999996,True,False,demand_only,Scenario C fixed
0.32,0.3,0.18000000000000002,1.44,0.6100000000000001,4.050000000000001,True,False,demand_only,Scenario C fixed
0.32,0.3,0.185,1.44,0.625,4.125,True,False,demand_only,Scenario C fixed
0.32,0.3,0.19,1.44,0.6400000000000001,4.200000000000001,True,False,demand_only,Scenario C fixed
0.32,0.3,0.195,1.44,0.655,4.275,True,False,demand_only,Scenario C fixed
0.32,0.3,0.2,1.44,0.6700000000000002,4.3500000000000005,True,False,demand_only,Scenario C fixed
0.32,0.3,0.20500000000000002,1.44,0.685,4.425000000000001,True,False,demand_only,Scenario C fixed
0.32,0.3,0.21000000000000002,1.44,0.7000000000000002,4.500000000000001,True,False,demand_only,Scenario C fixed
0.32,0.3,0.21500000000000002,1.44,0.7150000000000001,4.575,True,False,demand_only,Scenario C fixed
0.32,0.3,0.22,1.44,0.73,4.65,True,False,demand_only,Scenario C fixed
0.32,0.3,0.225,1.44,0.7450000000000001,4.7250000000000005,True,False,demand_only,Scenario C fixed
0.32,0.3,0.23,1.44,0.76,4.8,True,False,demand_only,Scenario C fixed
0.32,0.3,0.23500000000000001,1.44,0.7750000000000001,4.875000000000001,True,False,demand_only,Scenario C fixed
0.32,0.3,0.24000000000000002,1.44,0.79,4.95,True,False,demand_only,Scenario C fixed
0.32,0.3,0.24500000000000002,1.44,0.8050000000000002,5.0,True,True,both_pass,Scenario C fixed
0.32,0.3,0.25,1.44,0.8200000000000001,5.0,True,True,both_pass,Scenario C fixed
0.32,0.3,0.255,1.44,0.835,5.0,True,True,both_pass,Scenario C fixed
0.32,0.3,0.26,1.44,0.8500000000000001,5.0,True,True,both_pass,Scenario C fixed
0.32,0.3,0.265,1.44,0.865,5.0,True,True,both_pass,Scenario C fixed
0.32,0.3,0.27,1.44,0.8800000000000001,5.0,True,True,both_pass,Scenario C fixed
0.32,0.3,0.275,1.44,0.895,5.0,True,True,both_pass,Scenario C fixed
0.32,0.3,0.27999999999999997,1.44,0.9099999999999999,5.0,True,True,both_pass,Scenario C fixed
0.32,0.3,0.285,1.44,0.925,5.0,True,True,both_pass,Scenario C fixed
0.32,0.3,0.29,1.44,0.94,5.0,True,True,both_pass,Scenario C fixed
0.32,0.3,0.295,1.44,0.9550000000000001,5.0,True,True,both_pass,Scenario C fixed
0.32,0.3,0.3,1.44,0.97,5.0,True,True,both_pass,Scenario C fixed
0.32,0.3,0.305,1.44,0.9850000000000001,5.0,True,True,both_pass,Scenario C fixed
0.32,0.3,0.31,1.44,1.0,5.0,True,True,both_pass,Scenario C fixed
0.32,0.3,0.315,1.44,1.0,5.0,True,True,both_pass,Scenario C fixed
0.32,0.3,0.32,1.44,1.0,5.0,True,True,both_pass,Scenario C fixed
0.32,0.3,0.325,1.44,1.0,5.0,True,True,both_pass,Scenario C fixed
0.32,0.3,0.32999999999999996,1.44,1.0,5.0,True,True,both_pass,Scenario C fixed
0.32,0.3,0.33499999999999996,1.44,1.0,5.0,True,True,both_pass,Scenario C fixed
0.32,0.3,0.33999999999999997,1.44,1.0,5.0,True,True,both_pass,Scenario C fixed
0.32,0.3,0.345,1.44,1.0,5.0,True,True,both_pass,Scenario C fixed
0.32,0.3,0.35,1.44,1.0,5.0,True,True,both_pass,Scenario C fixed
0.33,0.3,0.04,1.3599999999999999,0.19,1.95,True,False,demand_only,Scenario C fixed
0.33,0.3,0.045,1.3599999999999999,0.20500000000000002,2.0250000000000004,True,False,demand_only,Scenario C fixed
0.33,0.3,0.05,1.3599999999999999,0.22000000000000003,2.1,True,False,demand_only,Scenario C fixed
0.33,0.3,0.055,1.3599999999999999,0.23500000000000001,2.175,True,False,demand_only,Scenario C fixed
0.33,0.3,0.06,1.3599999999999999,0.25,2.25,True,False,demand_only,Scenario C fixed
0.33,0.3,0.065,1.3599999999999999,0.265,2.325,True,False,demand_only,Scenario C fixed
0.33,0.3,0.07,1.3599999999999999,0.28,2.4000000000000004,True,False,demand_only,Scenario C fixed
0.33,0.3,0.07500000000000001,1.3599999999999999,0.29500000000000004,2.475,True,False,demand_only,Scenario C fixed
0.33,0.3,0.08,1.3599999999999999,0.31,2.55,True,False,demand_only,Scenario C fixed
0.33,0.3,0.08499999999999999,1.3599999999999999,0.325,2.625,True,False,demand_only,Scenario C fixed
0.33,0.3,0.09,1.3599999999999999,0.34,2.7,True,False,demand_only,Scenario C fixed
0.33,0.3,0.095,1.3599999999999999,0.35500000000000004,2.7750000000000004,True,False,demand_only,Scenario C fixed
0.33,0.3,0.1,1.3599999999999999,0.37000000000000005,2.8500000000000005,True,False,demand_only,Scenario C fixed
0.33,0.3,0.10500000000000001,1.3599999999999999,0.38500000000000006,2.9250000000000003,True,False,demand_only,Scenario C fixed
0.33,0.3,0.11000000000000001,1.3599999999999999,0.4000000000000001,3.0000000000000004,True,False,demand_only,Scenario C fixed
0.33,0.3,0.11499999999999999,1.3599999999999999,0.415,3.0749999999999997,True,False,demand_only,Scenario C fixed
0.33,0.3,0.12,1.3599999999999999,0.43,3.15,True,False,demand_only,Scenario C fixed
0.33,0.3,0.125,1.3599999999999999,0.445,3.225,True,False,demand_only,Scenario C fixed
0.33,0.3,0.13,1.3599999999999999,0.46,3.3000000000000003,True,False,demand_only,Scenario C fixed
0.33,0.3,0.135,1.3599999999999999,0.47500000000000003,3.375,True,False,demand_only,Scenario C fixed
0.33,0.3,0.14,1.3599999999999999,0.49000000000000005,3.45,True,False,demand_only,Scenario C fixed
0.33,0.3,0.145,1.3599999999999999,0.5049999999999999,3.5249999999999995,True,False,demand_only,Scenario C fixed
0.33,0.3,0.15,1.3599999999999999,0.52,3.6,True,False,demand_only,Scenario C fixed
0.33,0.3,0.155,1.3599999999999999,0.5349999999999999,3.675,True,False,demand_only,Scenario C fixed
0.33,0.3,0.16,1.3599999999999999,0.55,3.75,True,False,demand_only,Scenario C fixed
0.33,0.3,0.165,1.3599999999999999,0.565,3.8249999999999997,True,False,demand_only,Scenario C fixed
0.33,0.3,0.17,1.3599999999999999,0.5800000000000001,3.9000000000000004,True,False,demand_only,Scenario C fixed
0.33,0.3,0.17500000000000002,1.3599999999999999,0.595,3.9749999999999996,True,False,demand_only,Scenario C fixed
0.33,0.3,0.18000000000000002,1.3599999999999999,0.6100000000000001,4.050000000000001,True,False,demand_only,Scenario C fixed
0.33,0.3,0.185,1.3599999999999999,0.625,4.125,True,False,demand_only,Scenario C fixed
0.33,0.3,0.19,1.3599999999999999,0.6400000000000001,4.200000000000001,True,False,demand_only,Scenario C fixed
0.33,0.3,0.195,1.3599999999999999,0.655,4.275,True,False,demand_only,Scenario C fixed
0.33,0.3,0.2,1.3599999999999999,0.6700000000000002,4.3500000000000005,True,False,demand_only,Scenario C fixed
0.33,0.3,0.20500000000000002,1.3599999999999999,0.685,4.425000000000001,True,False,demand_only,Scenario C fixed
0.33,0.3,0.21000000000000002,1.3599999999999999,0.7000000000000002,4.500000000000001,True,False,demand_only,Scenario C fixed
0.33,0.3,0.21500000000000002,1.3599999999999999,0.7150000000000001,4.575,True,False,demand_only,Scenario C fixed
0.33,0.3,0.22,1.3599999999999999,0.73,4.65,True,False,demand_only,Scenario C fixed
0.33,0.3,0.225,1.3599999999999999,0.7450000000000001,4.7250000000000005,True,False,demand_only,Scenario C fixed
0.33,0.3,0.23,1.3599999999999999,0.76,4.8,True,False,demand_only,Scenario C fixed
0.33,0.3,0.23500000000000001,1.3599999999999999,0.7750000000000001,4.875000000000001,True,False,demand_only,Scenario C fixed
0.33,0.3,0.24000000000000002,1.3599999999999999,0.79,4.95,True,False,demand_only,Scenario C fixed
0.33,0.3,0.24500000000000002,1.3599999999999999,0.8050000000000002,5.0,True,True,both_pass,Scenario C fixed
0.33,0.3,0.25,1.3599999999999999,0.8200000000000001,5.0,True,True,both_pass,Scenario C fixed
0.33,0.3,0.255,1.3599999999999999,0.835,5.0,True,True,both_pass,Scenario C fixed
0.33,0.3,0.26,1.3599999999999999,0.8500000000000001,5.0,True,True,both_pass,Scenario C fixed
0.33,0.3,0.265,1.3599999999999999,0.865,5.0,True,True,both_pass,Scenario C fixed
0.33,0.3,0.27,1.3599999999999999,0.8800000000000001,5.0,True,True,both_pass,Scenario C fixed
0.33,0.3,0.275,1.3599999999999999,0.895,5.0,True,True,both_pass,Scenario C fixed
0.33,0.3,0.27999999999999997,1.3599999999999999,0.9099999999999999,5.0,True,True,both_pass,Scenario C fixed
0.33,0.3,0.285,1.3599999999999999,0.925,5.0,True,True,both_pass,Scenario C fixed
0.33,0.3,0.29,1.3599999999999999,0.94,5.0,True,True,both_pass,Scenario C fixed
0.33,0.3,0.295,1.3599999999999999,0.9550000000000001,5.0,True,True,both_pass,Scenario C fixed
0.33,0.3,0.3,1.3599999999999999,0.97,5.0,True,True,both_pass,Scenario C fixed
0.33,0.3,0.305,1.3599999999999999,0.9850000000000001,5.0,True,True,both_pass,Scenario C fixed
0.33,0.3,0.31,1.3599999999999999,1.0,5.0,True,True,both_pass,Scenario C fixed
0.33,0.3,0.315,1.3599999999999999,1.0,5.0,True,True,both_pass,Scenario C fixed
0.33,0.3,0.32,1.3599999999999999,1.0,5.0,True,True,both_pass,Scenario C fixed
0.33,0.3,0.325,1.3599999999999999,1.0,5.0,True,True,both_pass,Scenario C fixed
0.33,0.3,0.32999999999999996,1.3599999999999999,1.0,5.0,True,True,both_pass,Scenario C fixed
0.33,0.3,0.33499999999999996,1.3599999999999999,1.0,5.0,True,True,both_pass,Scenario C fixed
0.33,0.3,0.33999999999999997,1.3599999999999999,1.0,5.0,True,True,both_pass,Scenario C fixed
0.33,0.3,0.345,1.3599999999999999,1.0,5.0,True,True,both_pass,Scenario C fixed
0.33,0.3,0.35,1.3599999999999999,1.0,5.0,True,True,both_pass,Scenario C fixed
0.33999999999999997,0.3,0.04,1.2800000000000002,0.19,1.95,True,False,demand_only,Scenario C fixed
0.33999999999999997,0.3,0.045,1.2800000000000002,0.20500000000000002,2.0250000000000004,True,False,demand_only,Scenario C fixed
0.33999999999999997,0.3,0.05,1.2800000000000002,0.22000000000000003,2.1,True,False,demand_only,Scenario C fixed
0.33999999999999997,0.3,0.055,1.2800000000000002,0.23500000000000001,2.175,True,False,demand_only,Scenario C fixed
0.33999999999999997,0.3,0.06,1.2800000000000002,0.25,2.25,True,False,demand_only,Scenario C fixed
0.33999999999999997,0.3,0.065,1.2800000000000002,0.265,2.325,True,False,demand_only,Scenario C fixed
0.33999999999999997,0.3,0.07,1.2800000000000002,0.28,2.4000000000000004,True,False,demand_only,Scenario C fixed
0.33999999999999997,0.3,0.07500000000000001,1.2800000000000002,0.29500000000000004,2.475,True,False,demand_only,Scenario C fixed
0.33999999999999997,0.3,0.08,1.2800000000000002,0.31,2.55,True,False,demand_only,Scenario C fixed
0.33999999999999997,0.3,0.08499999999999999,1.2800000000000002,0.325,2.625,True,False,demand_only,Scenario C fixed
0.33999999999999997,0.3,0.09,1.2800000000000002,0.34,2.7,True,False,demand_only,Scenario C fixed
0.33999999999999997,0.3,0.095,1.2800000000000002,0.35500000000000004,2.7750000000000004,True,False,demand_only,Scenario C fixed
0.33999999999999997,0.3,0.1,1.2800000000000002,0.37000000000000005,2.8500000000000005,True,False,demand_only,Scenario C fixed
0.33999999999999997,0.3,0.10500000000000001,1.2800000000000002,0.38500000000000006,2.9250000000000003,True,False,demand_only,Scenario C fixed
0.33999999999999997,0.3,0.11000000000000001,1.2800000000000002,0.4000000000000001,3.0000000000000004,True,False,demand_only,Scenario C fixed
0.33999999999999997,0.3,0.11499999999999999,1.2800000000000002,0.415,3.0749999999999997,True,False,demand_only,Scenario C fixed
0.33999999999999997,0.3,0.12,1.2800000000000002,0.43,3.15,True,False,demand_only,Scenario C fixed
0.33999999999999997,0.3,0.125,1.2800000000000002,0.445,3.225,True,False,demand_only,Scenario C fixed
0.33999999999999997,0.3,0.13,1.2800000000000002,0.46,3.3000000000000003,True,False,demand_only,Scenario C fixed
0.33999999999999997,0.3,0.135,1.2800000000000002,0.47500000000000003,3.375,True,False,demand_only,Scenario C fixed
0.33999999999999997,0.3,0.14,1.2800000000000002,0.49000000000000005,3.45,True,False,demand_only,Scenario C fixed
0.33999999999999997,0.3,0.145,1.2800000000000002,0.5049999999999999,3.5249999999999995,True,False,demand_only,Scenario C fixed
0.33999999999999997,0.3,0.15,1.2800000000000002,0.52,3.6,True,False,demand_only,Scenario C fixed
0.33999999999999997,0.3,0.155,1.2800000000000002,0.5349999999999999,3.675,True,False,demand_only,Scenario C fixed
0.33999999999999997,0.3,0.16,1.2800000000000002,0.55,3.75,True,False,demand_only,Scenario C fixed
0.33999999999999997,0.3,0.165,1.2800000000000002,0.565,3.8249999999999997,True,False,demand_only,Scenario C fixed
0.33999999999999997,0.3,0.17,1.2800000000000002,0.5800000000000001,3.9000000000000004,True,False,demand_only,Scenario C fixed
0.33999999999999997,0.3,0.17500000000000002,1.2800000000000002,0.595,3.9749999999999996,True,False,demand_only,Scenario C fixed
0.33999999999999997,0.3,0.18000000000000002,1.2800000000000002,0.6100000000000001,4.050000000000001,True,False,demand_only,Scenario C fixed
0.33999999999999997,0.3,0.185,1.2800000000000002,0.625,4.125,True,False,demand_only,Scenario C fixed
0.33999999999999997,0.3,0.19,1.2800000000000002,0.6400000000000001,4.200000000000001,True,False,demand_only,Scenario C fixed
0.33999999999999997,0.3,0.195,1.2800000000000002,0.655,4.275,True,False,demand_only,Scenario C fixed
0.33999999999999997,0.3,0.2,1.2800000000000002,0.6700000000000002,4.3500000000000005,True,False,demand_only,Scenario C fixed
0.33999999999999997,0.3,0.20500000000000002,1.2800000000000002,0.685,4.425000000000001,True,False,demand_only,Scenario C fixed
0.33999999999999997,0.3,0.21000000000000002,1.2800000000000002,0.7000000000000002,4.500000000000001,True,False,demand_only,Scenario C fixed
0.33999999999999997,0.3,0.21500000000000002,1.2800000000000002,0.7150000000000001,4.575,True,False,demand_only,Scenario C fixed
0.33999999999999997,0.3,0.22,1.2800000000000002,0.73,4.65,True,False,demand_only,Scenario C fixed
0.33999999999999997,0.3,0.225,1.2800000000000002,0.7450000000000001,4.7250000000000005,True,False,demand_only,Scenario C fixed
0.33999999999999997,0.3,0.23,1.2800000000000002,0.76,4.8,True,False,demand_only,Scenario C fixed
0.33999999999999997,0.3,0.23500000000000001,1.2800000000000002,0.7750000000000001,4.875000000000001,True,False,demand_only,Scenario C fixed
0.33999999999999997,0.3,0.24000000000000002,1.2800000000000002,0.79,4.95,True,False,demand_only,Scenario C fixed
0.33999999999999997,0.3,0.24500000000000002,1.2800000000000002,0.8050000000000002,5.0,True,True,both_pass,Scenario C fixed
0.33999999999999997,0.3,0.25,1.2800000000000002,0.8200000000000001,5.0,True,True,both_pass,Scenario C fixed
0.33999999999999997,0.3,0.255,1.2800000000000002,0.835,5.0,True,True,both_pass,Scenario C fixed
0.33999999999999997,0.3,0.26,1.2800000000000002,0.8500000000000001,5.0,True,True,both_pass,Scenario C fixed
0.33999999999999997,0.3,0.265,1.2800000000000002,0.865,5.0,True,True,both_pass,Scenario C fixed
0.33999999999999997,0.3,0.27,1.2800000000000002,0.8800000000000001,5.0,True,True,both_pass,Scenario C fixed
0.33999999999999997,0.3,0.275,1.2800000000000002,0.895,5.0,True,True,both_pass,Scenario C fixed
0.33999999999999997,0.3,0.27999999999999997,1.2800000000000002,0.9099999999999999,5.0,True,True,both_pass,Scenario C fixed
0.33999999999999997,0.3,0.285,1.2800000000000002,0.925,5.0,True,True,both_pass,Scenario C fixed
0.33999999999999997,0.3,0.29,1.2800000000000002,0.94,5.0,True,True,both_pass,Scenario C fixed
0.33999999999999997,0.3,0.295,1.2800000000000002,0.9550000000000001,5.0,True,True,both_pass,Scenario C fixed
0.33999999999999997,0.3,0.3,1.2800000000000002,0.97,5.0,True,True,both_pass,Scenario C fixed
0.33999999999999997,0.3,0.305,1.2800000000000002,0.9850000000000001,5.0,True,True,both_pass,Scenario C fixed
0.33999999999999997,0.3,0.31,1.2800000000000002,1.0,5.0,True,True,both_pass,Scenario C fixed
0.33999999999999997,0.3,0.315,1.2800000000000002,1.0,5.0,True,True,both_pass,Scenario C fixed
0.33999999999999997,0.3,0.32,1.2800000000000002,1.0,5.0,True,True,both_pass,Scenario C fixed
0.33999999999999997,0.3,0.325,1.2800000000000002,1.0,5.0,True,True,both_pass,Scenario C fixed
0.33999999999999997,0.3,0.32999999999999996,1.2800000000000002,1.0,5.0,True,True,both_pass,Scenario C fixed
0.33999999999999997,0.3,0.33499999999999996,1.2800000000000002,1.0,5.0,True,True,both_pass,Scenario C fixed
0.33999999999999997,0.3,0.33999999999999997,1.2800000000000002,1.0,5.0,True,True,both_pass,Scenario C fixed
0.33999999999999997,0.3,0.345,1.2800000000000002,1.0,5.0,True,True,both_pass,Scenario C fixed
0.33999999999999997,0.3,0.35,1.2800000000000002,1.0,5.0,True,True,both_pass,Scenario C fixed
0.35,0.3,0.04,1.2000000000000002,0.19,1.95,True,False,demand_only,Scenario C fixed
0.35,0.3,0.045,1.2000000000000002,0.20500000000000002,2.0250000000000004,True,False,demand_only,Scenario C fixed
0.35,0.3,0.05,1.2000000000000002,0.22000000000000003,2.1,True,False,demand_only,Scenario C fixed
0.35,0.3,0.055,1.2000000000000002,0.23500000000000001,2.175,True,False,demand_only,Scenario C fixed
0.35,0.3,0.06,1.2000000000000002,0.25,2.25,True,False,demand_only,Scenario C fixed
0.35,0.3,0.065,1.2000000000000002,0.265,2.325,True,False,demand_only,Scenario C fixed
0.35,0.3,0.07,1.2000000000000002,0.28,2.4000000000000004,True,False,demand_only,Scenario C fixed
0.35,0.3,0.07500000000000001,1.2000000000000002,0.29500000000000004,2.475,True,False,demand_only,Scenario C fixed
0.35,0.3,0.08,1.2000000000000002,0.31,2.55,True,False,demand_only,Scenario C fixed
0.35,0.3,0.08499999999999999,1.2000000000000002,0.325,2.625,True,False,demand_only,Scenario C fixed
0.35,0.3,0.09,1.2000000000000002,0.34,2.7,True,False,demand_only,Scenario C fixed
0.35,0.3,0.095,1.2000000000000002,0.35500000000000004,2.7750000000000004,True,False,demand_only,Scenario C fixed
0.35,0.3,0.1,1.2000000000000002,0.37000000000000005,2.8500000000000005,True,False,demand_only,Scenario C fixed
0.35,0.3,0.10500000000000001,1.2000000000000002,0.38500000000000006,2.9250000000000003,True,False,demand_only,Scenario C fixed
0.35,0.3,0.11000000000000001,1.2000000000000002,0.4000000000000001,3.0000000000000004,True,False,demand_only,Scenario C fixed
0.35,0.3,0.11499999999999999,1.2000000000000002,0.415,3.0749999999999997,True,False,demand_only,Scenario C fixed
0.35,0.3,0.12,1.2000000000000002,0.43,3.15,True,False,demand_only,Scenario C fixed
0.35,0.3,0.125,1.2000000000000002,0.445,3.225,True,False,demand_only,Scenario C fixed
0.35,0.3,0.13,1.2000000000000002,0.46,3.3000000000000003,True,False,demand_only,Scenario C fixed
0.35,0.3,0.135,1.2000000000000002,0.47500000000000003,3.375,True,False,demand_only,Scenario C fixed
0.35,0.3,0.14,1.2000000000000002,0.49000000000000005,3.45,True,False,demand_only,Scenario C fixed
0.35,0.3,0.145,1.2000000000000002,0.5049999999999999,3.5249999999999995,True,False,demand_only,Scenario C fixed
0.35,0.3,0.15,1.2000000000000002,0.52,3.6,True,False,demand_only,Scenario C fixed
0.35,0.3,0.155,1.2000000000000002,0.5349999999999999,3.675,True,False,demand_only,Scenario C fixed
0.35,0.3,0.16,1.2000000000000002,0.55,3.75,True,False,demand_only,Scenario C fixed
0.35,0.3,0.165,1.2000000000000002,0.565,3.8249999999999997,True,False,demand_only,Scenario C fixed
0.35,0.3,0.17,1.2000000000000002,0.5800000000000001,3.9000000000000004,True,False,demand_only,Scenario C fixed
0.35,0.3,0.17500000000000002,1.2000000000000002,0.595,3.9749999999999996,True,False,demand_only,Scenario C fixed
0.35,0.3,0.18000000000000002,1.2000000000000002,0.6100000000000001,4.050000000000001,True,False,demand_only,Scenario C fixed
0.35,0.3,0.185,1.2000000000000002,0.625,4.125,True,False,demand_only,Scenario C fixed
0.35,0.3,0.19,1.2000000000000002,0.6400000000000001,4.200000000000001,True,False,demand_only,Scenario C fixed
0.35,0.3,0.195,1.2000000000000002,0.655,4.275,True,False,demand_only,Scenario C fixed
0.35,0.3,0.2,1.2000000000000002,0.6700000000000002,4.3500000000000005,True,False,demand_only,Scenario C fixed
0.35,0.3,0.20500000000000002,1.2000000000000002,0.685,4.425000000000001,True,False,demand_only,Scenario C fixed
0.35,0.3,0.21000000000000002,1.2000000000000002,0.7000000000000002,4.500000000000001,True,False,demand_only,Scenario C fixed
0.35,0.3,0.21500000000000002,1.2000000000000002,0.7150000000000001,4.575,True,False,demand_only,Scenario C fixed
0.35,0.3,0.22,1.2000000000000002,0.73,4.65,True,False,demand_only,Scenario C fixed
0.35,0.3,0.225,1.2000000000000002,0.7450000000000001,4.7250000000000005,True,False,demand_only,Scenario C fixed
0.35,0.3,0.23,1.2000000000000002,0.76,4.8,True,False,demand_only,Scenario C fixed
0.35,0.3,0.23500000000000001,1.2000000000000002,0.7750000000000001,4.875000000000001,True,False,demand_only,Scenario C fixed
0.35,0.3,0.24000000000000002,1.2000000000000002,0.79,4.95,True,False,demand_only,Scenario C fixed
0.35,0.3,0.24500000000000002,1.2000000000000002,0.8050000000000002,5.0,True,True,both_pass,Scenario C fixed
0.35,0.3,0.25,1.2000000000000002,0.8200000000000001,5.0,True,True,both_pass,Scenario C fixed
0.35,0.3,0.255,1.2000000000000002,0.835,5.0,True,True,both_pass,Scenario C fixed
0.35,0.3,0.26,1.2000000000000002,0.8500000000000001,5.0,True,True,both_pass,Scenario C fixed
0.35,0.3,0.265,1.2000000000000002,0.865,5.0,True,True,both_pass,Scenario C fixed
0.35,0.3,0.27,1.2000000000000002,0.8800000000000001,5.0,True,True,both_pass,Scenario C fixed
0.35,0.3,0.275,1.2000000000000002,0.895,5.0,True,True,both_pass,Scenario C fixed
0.35,0.3,0.27999999999999997,1.2000000000000002,0.9099999999999999,5.0,True,True,both_pass,Scenario C fixed
0.35,0.3,0.285,1.2000000000000002,0.925,5.0,True,True,both_pass,Scenario C fixed
0.35,0.3,0.29,1.2000000000000002,0.94,5.0,True,True,both_pass,Scenario C fixed
0.35,0.3,0.295,1.2000000000000002,0.9550000000000001,5.0,True,True,both_pass,Scenario C fixed
0.35,0.3,0.3,1.2000000000000002,0.97,5.0,True,True,both_pass,Scenario C fixed
0.35,0.3,0.305,1.2000000000000002,0.9850000000000001,5.0,True,True,both_pass,Scenario C fixed
0.35,0.3,0.31,1.2000000000000002,1.0,5.0,True,True,both_pass,Scenario C fixed
0.35,0.3,0.315,1.2000000000000002,1.0,5.0,True,True,both_pass,Scenario C fixed
0.35,0.3,0.32,1.2000000000000002,1.0,5.0,True,True,both_pass,Scenario C fixed
0.35,0.3,0.325,1.2000000000000002,1.0,5.0,True,True,both_pass,Scenario C fixed
0.35,0.3,0.32999999999999996,1.2000000000000002,1.0,5.0,True,True,both_pass,Scenario C fixed
0.35,0.3,0.33499999999999996,1.2000000000000002,1.0,5.0,True,True,both_pass,Scenario C fixed
0.35,0.3,0.33999999999999997,1.2000000000000002,1.0,5.0,True,True,both_pass,Scenario C fixed
0.35,0.3,0.345,1.2000000000000002,1.0,5.0,True,True,both_pass,Scenario C fixed
0.35,0.3,0.35,1.2000000000000002,1.0,5.0,True,True,both_pass,Scenario C fixed
0.36,0.3,0.04,1.12,0.19,1.95,True,False,demand_only,Scenario C fixed
0.36,0.3,0.045,1.12,0.20500000000000002,2.0250000000000004,True,False,demand_only,Scenario C fixed
0.36,0.3,0.05,1.12,0.22000000000000003,2.1,True,False,demand_only,Scenario C fixed
0.36,0.3,0.055,1.12,0.23500000000000001,2.175,True,False,demand_only,Scenario C fixed
0.36,0.3,0.06,1.12,0.25,2.25,True,False,demand_only,Scenario C fixed
0.36,0.3,0.065,1.12,0.265,2.325,True,False,demand_only,Scenario C fixed
0.36,0.3,0.07,1.12,0.28,2.4000000000000004,True,False,demand_only,Scenario C fixed
0.36,0.3,0.07500000000000001,1.12,0.29500000000000004,2.475,True,False,demand_only,Scenario C fixed
0.36,0.3,0.08,1.12,0.31,2.55,True,False,demand_only,Scenario C fixed
0.36,0.3,0.08499999999999999,1.12,0.325,2.625,True,False,demand_only,Scenario C fixed
0.36,0.3,0.09,1.12,0.34,2.7,True,False,demand_only,Scenario C fixed
0.36,0.3,0.095,1.12,0.35500000000000004,2.7750000000000004,True,False,demand_only,Scenario C fixed
0.36,0.3,0.1,1.12,0.37000000000000005,2.8500000000000005,True,False,demand_only,Scenario C fixed
0.36,0.3,0.10500000000000001,1.12,0.38500000000000006,2.9250000000000003,True,False,demand_only,Scenario C fixed
0.36,0.3,0.11000000000000001,1.12,0.4000000000000001,3.0000000000000004,True,False,demand_only,Scenario C fixed
0.36,0.3,0.11499999999999999,1.12,0.415,3.0749999999999997,True,False,demand_only,Scenario C fixed
0.36,0.3,0.12,1.12,0.43,3.15,True,False,demand_only,Scenario C fixed
0.36,0.3,0.125,1.12,0.445,3.225,True,False,demand_only,Scenario C fixed
0.36,0.3,0.13,1.12,0.46,3.3000000000000003,True,False,demand_only,Scenario C fixed
0.36,0.3,0.135,1.12,0.47500000000000003,3.375,True,False,demand_only,Scenario C fixed
0.36,0.3,0.14,1.12,0.49000000000000005,3.45,True,False,demand_only,Scenario C fixed
0.36,0.3,0.145,1.12,0.5049999999999999,3.5249999999999995,True,False,demand_only,Scenario C fixed
0.36,0.3,0.15,1.12,0.52,3.6,True,False,demand_only,Scenario C fixed
0.36,0.3,0.155,1.12,0.5349999999999999,3.675,True,False,demand_only,Scenario C fixed
0.36,0.3,0.16,1.12,0.55,3.75,True,False,demand_only,Scenario C fixed
0.36,0.3,0.165,1.12,0.565,3.8249999999999997,True,False,demand_only,Scenario C fixed
0.36,0.3,0.17,1.12,0.5800000000000001,3.9000000000000004,True,False,demand_only,Scenario C fixed
0.36,0.3,0.17500000000000002,1.12,0.595,3.9749999999999996,True,False,demand_only,Scenario C fixed
0.36,0.3,0.18000000000000002,1.12,0.6100000000000001,4.050000000000001,True,False,demand_only,Scenario C fixed
0.36,0.3,0.185,1.12,0.625,4.125,True,False,demand_only,Scenario C fixed
0.36,0.3,0.19,1.12,0.6400000000000001,4.200000000000001,True,False,demand_only,Scenario C fixed
0.36,0.3,0.195,1.12,0.655,4.275,True,False,demand_only,Scenario C fixed
0.36,0.3,0.2,1.12,0.6700000000000002,4.3500000000000005,True,False,demand_only,Scenario C fixed
0.36,0.3,0.20500000000000002,1.12,0.685,4.425000000000001,True,False,demand_only,Scenario C fixed
0.36,0.3,0.21000000000000002,1.12,0.7000000000000002,4.500000000000001,True,False,demand_only,Scenario C fixed
0.36,0.3,0.21500000000000002,1.12,0.7150000000000001,4.575,True,False,demand_only,Scenario C fixed
0.36,0.3,0.22,1.12,0.73,4.65,True,False,demand_only,Scenario C fixed
0.36,0.3,0.225,1.12,0.7450000000000001,4.7250000000000005,True,False,demand_only,Scenario C fixed
0.36,0.3,0.23,1.12,0.76,4.8,True,False,demand_only,Scenario C fixed
0.36,0.3,0.23500000000000001,1.12,0.7750000000000001,4.875000000000001,True,False,demand_only,Scenario C fixed
0.36,0.3,0.24000000000000002,1.12,0.79,4.95,True,False,demand_only,Scenario C fixed
0.36,0.3,0.24500000000000002,1.12,0.8050000000000002,5.0,True,True,both_pass,Scenario C fixed
0.36,0.3,0.25,1.12,0.8200000000000001,5.0,True,True,both_pass,Scenario C fixed
0.36,0.3,0.255,1.12,0.835,5.0,True,True,both_pass,Scenario C fixed
0.36,0.3,0.26,1.12,0.8500000000000001,5.0,True,True,both_pass,Scenario C fixed
0.36,0.3,0.265,1.12,0.865,5.0,True,True,both_pass,Scenario C fixed
0.36,0.3,0.27,1.12,0.8800000000000001,5.0,True,True,both_pass,Scenario C fixed
0.36,0.3,0.275,1.12,0.895,5.0,True,True,both_pass,Scenario C fixed
0.36,0.3,0.27999999999999997,1.12,0.9099999999999999,5.0,True,True,both_pass,Scenario C fixed
0.36,0.3,0.285,1.12,0.925,5.0,True,True,both_pass,Scenario C fixed
0.36,0.3,0.29,1.12,0.94,5.0,True,True,both_pass,Scenario C fixed
0.36,0.3,0.295,1.12,0.9550000000000001,5.0,True,True,both_pass,Scenario C fixed
0.36,0.3,0.3,1.12,0.97,5.0,True,True,both_pass,Scenario C fixed
0.36,0.3,0.305,1.12,0.9850000000000001,5.0,True,True,both_pass,Scenario C fixed
0.36,0.3,0.31,1.12,1.0,5.0,True,True,both_pass,Scenario C fixed
0.36,0.3,0.315,1.12,1.0,5.0,True,True,both_pass,Scenario C fixed
0.36,0.3,0.32,1.12,1.0,5.0,True,True,both_pass,Scenario C fixed
0.36,0.3,0.325,1.12,1.0,5.0,True,True,both_pass,Scenario C fixed
0.36,0.3,0.32999999999999996,1.12,1.0,5.0,True,True,both_pass,Scenario C fixed
0.36,0.3,0.33499999999999996,1.12,1.0,5.0,True,True,both_pass,Scenario C fixed
0.36,0.3,0.33999999999999997,1.12,1.0,5.0,True,True,both_pass,Scenario C fixed
0.36,0.3,0.345,1.12,1.0,5.0,True,True,both_pass,Scenario C fixed
0.36,0.3,0.35,1.12,1.0,5.0,True,True,both_pass,Scenario C fixed
0.37,0.3,0.04,1.04,0.19,1.95,True,False,demand_only,Scenario C fixed
0.37,0.3,0.045,1.04,0.20500000000000002,2.0250000000000004,True,False,demand_only,Scenario C fixed
0.37,0.3,0.05,1.04,0.22000000000000003,2.1,True,False,demand_only,Scenario C fixed
0.37,0.3,0.055,1.04,0.23500000000000001,2.175,True,False,demand_only,Scenario C fixed
0.37,0.3,0.06,1.04,0.25,2.25,True,False,demand_only,Scenario C fixed
0.37,0.3,0.065,1.04,0.265,2.325,True,False,demand_only,Scenario C fixed
0.37,0.3,0.07,1.04,0.28,2.4000000000000004,True,False,demand_only,Scenario C fixed
0.37,0.3,0.07500000000000001,1.04,0.29500000000000004,2.475,True,False,demand_only,Scenario C fixed
0.37,0.3,0.08,1.04,0.31,2.55,True,False,demand_only,Scenario C fixed
0.37,0.3,0.08499999999999999,1.04,0.325,2.625,True,False,demand_only,Scenario C fixed
0.37,0.3,0.09,1.04,0.34,2.7,True,False,demand_only,Scenario C fixed
0.37,0.3,0.095,1.04,0.35500000000000004,2.7750000000000004,True,False,demand_only,Scenario C fixed
0.37,0.3,0.1,1.04,0.37000000000000005,2.8500000000000005,True,False,demand_only,Scenario C fixed
0.37,0.3,0.10500000000000001,1.04,0.38500000000000006,2.9250000000000003,True,False,demand_only,Scenario C fixed
0.37,0.3,0.11000000000000001,1.04,0.4000000000000001,3.0000000000000004,True,False,demand_only,Scenario C fixed
0.37,0.3,0.11499999999999999,1.04,0.415,3.0749999999999997,True,False,demand_only,Scenario C fixed
0.37,0.3,0.12,1.04,0.43,3.15,True,False,demand_only,Scenario C fixed
0.37,0.3,0.125,1.04,0.445,3.225,True,False,demand_only,Scenario C fixed
0.37,0.3,0.13,1.04,0.46,3.3000000000000003,True,False,demand_only,Scenario C fixed
0.37,0.3,0.135,1.04,0.47500000000000003,3.375,True,False,demand_only,Scenario C fixed
0.37,0.3,0.14,1.04,0.49000000000000005,3.45,True,False,demand_only,Scenario C fixed
0.37,0.3,0.145,1.04,0.5049999999999999,3.5249999999999995,True,False,demand_only,Scenario C fixed
0.37,0.3,0.15,1.04,0.52,3.6,True,False,demand_only,Scenario C fixed
0.37,0.3,0.155,1.04,0.5349999999999999,3.675,True,False,demand_only,Scenario C fixed
0.37,0.3,0.16,1.04,0.55,3.75,True,False,demand_only,Scenario C fixed
0.37,0.3,0.165,1.04,0.565,3.8249999999999997,True,False,demand_only,Scenario C fixed
0.37,0.3,0.17,1.04,0.5800000000000001,3.9000000000000004,True,False,demand_only,Scenario C fixed
0.37,0.3,0.17500000000000002,1.04,0.595,3.9749999999999996,True,False,demand_only,Scenario C fixed
0.37,0.3,0.18000000000000002,1.04,0.6100000000000001,4.050000000000001,True,False,demand_only,Scenario C fixed
0.37,0.3,0.185,1.04,0.625,4.125,True,False,demand_only,Scenario C fixed
0.37,0.3,0.19,1.04,0.6400000000000001,4.200000000000001,True,False,demand_only,Scenario C fixed
0.37,0.3,0.195,1.04,0.655,4.275,True,False,demand_only,Scenario C fixed
0.37,0.3,0.2,1.04,0.6700000000000002,4.3500000000000005,True,False,demand_only,Scenario C fixed
0.37,0.3,0.20500000000000002,1.04,0.685,4.425000000000001,True,False,demand_only,Scenario C fixed
0.37,0.3,0.21000000000000002,1.04,0.7000000000000002,4.500000000000001,True,False,demand_only,Scenario C fixed
0.37,0.3,0.21500000000000002,1.04,0.7150000000000001,4.575,True,False,demand_only,Scenario C fixed
0.37,0.3,0.22,1.04,0.73,4.65,True,False,demand_only,Scenario C fixed
0.37,0.3,0.225,1.04,0.7450000000000001,4.7250000000000005,True,False,demand_only,Scenario C fixed
0.37,0.3,0.23,1.04,0.76,4.8,True,False,demand_only,Scenario C fixed
0.37,0.3,0.23500000000000001,1.04,0.7750000000000001,4.875000000000001,True,False,demand_only,Scenario C fixed
0.37,0.3,0.24000000000000002,1.04,0.79,4.95,True,False,demand_only,Scenario C fixed
0.37,0.3,0.24500000000000002,1.04,0.8050000000000002,5.0,True,True,both_pass,Scenario C fixed
0.37,0.3,0.25,1.04,0.8200000000000001,5.0,True,True,both_pass,Scenario C fixed
0.37,0.3,0.255,1.04,0.835,5.0,True,True,both_pass,Scenario C fixed
0.37,0.3,0.26,1.04,0.8500000000000001,5.0,True,True,both_pass,Scenario C fixed
0.37,0.3,0.265,1.04,0.865,5.0,True,True,both_pass,Scenario C fixed
0.37,0.3,0.27,1.04,0.8800000000000001,5.0,True,True,both_pass,Scenario C fixed
0.37,0.3,0.275,1.04,0.895,5.0,True,True,both_pass,Scenario C fixed
0.37,0.3,0.27999999999999997,1.04,0.9099999999999999,5.0,True,True,both_pass,Scenario C fixed
0.37,0.3,0.285,1.04,0.925,5.0,True,True,both_pass,Scenario C fixed
0.37,0.3,0.29,1.04,0.94,5.0,True,True,both_pass,Scenario C fixed
0.37,0.3,0.295,1.04,0.9550000000000001,5.0,True,True,both_pass,Scenario C fixed
0.37,0.3,0.3,1.04,0.97,5.0,True,True,both_pass,Scenario C fixed
0.37,0.3,0.305,1.04,0.9850000000000001,5.0,True,True,both_pass,Scenario C fixed
0.37,0.3,0.31,1.04,1.0,5.0,True,True,both_pass,Scenario C fixed
0.37,0.3,0.315,1.04,1.0,5.0,True,True,both_pass,Scenario C fixed
0.37,0.3,0.32,1.04,1.0,5.0,True,True,both_pass,Scenario C fixed
0.37,0.3,0.325,1.04,1.0,5.0,True,True,both_pass,Scenario C fixed
0.37,0.3,0.32999999999999996,1.04,1.0,5.0,True,True,both_pass,Scenario C fixed
0.37,0.3,0.33499999999999996,1.04,1.0,5.0,True,True,both_pass,Scenario C fixed
0.37,0.3,0.33999999999999997,1.04,1.0,5.0,True,True,both_pass,Scenario C fixed
0.37,0.3,0.345,1.04,1.0,5.0,True,True,both_pass,Scenario C fixed
0.37,0.3,0.35,1.04,1.0,5.0,True,True,both_pass,Scenario C fixed
0.38,0.3,0.04,0.96,0.19,1.95,True,False,demand_only,Scenario C fixed
0.38,0.3,0.045,0.96,0.20500000000000002,2.0250000000000004,True,False,demand_only,Scenario C fixed
0.38,0.3,0.05,0.96,0.22000000000000003,2.1,True,False,demand_only,Scenario C fixed
0.38,0.3,0.055,0.96,0.23500000000000001,2.175,True,False,demand_only,Scenario C fixed
0.38,0.3,0.06,0.96,0.25,2.25,True,False,demand_only,Scenario C fixed
0.38,0.3,0.065,0.96,0.265,2.325,True,False,demand_only,Scenario C fixed
0.38,0.3,0.07,0.96,0.28,2.4000000000000004,True,False,demand_only,Scenario C fixed
0.38,0.3,0.07500000000000001,0.96,0.29500000000000004,2.475,True,False,demand_only,Scenario C fixed
0.38,0.3,0.08,0.96,0.31,2.55,True,False,demand_only,Scenario C fixed
0.38,0.3,0.08499999999999999,0.96,0.325,2.625,True,False,demand_only,Scenario C fixed
0.38,0.3,0.09,0.96,0.34,2.7,True,False,demand_only,Scenario C fixed
0.38,0.3,0.095,0.96,0.35500000000000004,2.7750000000000004,True,False,demand_only,Scenario C fixed
0.38,0.3,0.1,0.96,0.37000000000000005,2.8500000000000005,True,False,demand_only,Scenario C fixed
0.38,0.3,0.10500000000000001,0.96,0.38500000000000006,2.9250000000000003,True,False,demand_only,Scenario C fixed
0.38,0.3,0.11000000000000001,0.96,0.4000000000000001,3.0000000000000004,True,False,demand_only,Scenario C fixed
0.38,0.3,0.11499999999999999,0.96,0.415,3.0749999999999997,True,False,demand_only,Scenario C fixed
0.38,0.3,0.12,0.96,0.43,3.15,True,False,demand_only,Scenario C fixed
0.38,0.3,0.125,0.96,0.445,3.225,True,False,demand_only,Scenario C fixed
0.38,0.3,0.13,0.96,0.46,3.3000000000000003,True,False,demand_only,Scenario C fixed
0.38,0.3,0.135,0.96,0.47500000000000003,3.375,True,False,demand_only,Scenario C fixed
0.38,0.3,0.14,0.96,0.49000000000000005,3.45,True,False,demand_only,Scenario C fixed
0.38,0.3,0.145,0.96,0.5049999999999999,3.5249999999999995,True,False,demand_only,Scenario C fixed
0.38,0.3,0.15,0.96,0.52,3.6,True,False,demand_only,Scenario C fixed
0.38,0.3,0.155,0.96,0.5349999999999999,3.675,True,False,demand_only,Scenario C fixed
0.38,0.3,0.16,0.96,0.55,3.75,True,False,demand_only,Scenario C fixed
0.38,0.3,0.165,0.96,0.565,3.8249999999999997,True,False,demand_only,Scenario C fixed
0.38,0.3,0.17,0.96,0.5800000000000001,3.9000000000000004,True,False,demand_only,Scenario C fixed
0.38,0.3,0.17500000000000002,0.96,0.595,3.9749999999999996,True,False,demand_only,Scenario C fixed
0.38,0.3,0.18000000000000002,0.96,0.6100000000000001,4.050000000000001,True,False,demand_only,Scenario C fixed
0.38,0.3,0.185,0.96,0.625,4.125,True,False,demand_only,Scenario C fixed
0.38,0.3,0.19,0.96,0.6400000000000001,4.200000000000001,True,False,demand_only,Scenario C fixed
0.38,0.3,0.195,0.96,0.655,4.275,True,False,demand_only,Scenario C fixed
0.38,0.3,0.2,0.96,0.6700000000000002,4.3500000000000005,True,False,demand_only,Scenario C fixed
0.38,0.3,0.20500000000000002,0.96,0.685,4.425000000000001,True,False,demand_only,Scenario C fixed
0.38,0.3,0.21000000000000002,0.96,0.7000000000000002,4.500000000000001,True,False,demand_only,Scenario C fixed
0.38,0.3,0.21500000000000002,0.96,0.7150000000000001,4.575,True,False,demand_only,Scenario C fixed
0.38,0.3,0.22,0.96,0.73,4.65,True,False,demand_only,Scenario C fixed
0.38,0.3,0.225,0.96,0.7450000000000001,4.7250000000000005,True,False,demand_only,Scenario C fixed
0.38,0.3,0.23,0.96,0.76,4.8,True,False,demand_only,Scenario C fixed
0.38,0.3,0.23500000000000001,0.96,0.7750000000000001,4.875000000000001,True,False,demand_only,Scenario C fixed
0.38,0.3,0.24000000000000002,0.96,0.79,4.95,True,False,demand_only,Scenario C fixed
0.38,0.3,0.24500000000000002,0.96,0.8050000000000002,5.0,True,True,both_pass,Scenario C fixed
0.38,0.3,0.25,0.96,0.8200000000000001,5.0,True,True,both_pass,Scenario C fixed
0.38,0.3,0.255,0.96,0.835,5.0,True,True,both_pass,Scenario C fixed
0.38,0.3,0.26,0.96,0.8500000000000001,5.0,True,True,both_pass,Scenario C fixed
0.38,0.3,0.265,0.96,0.865,5.0,True,True,both_pass,Scenario C fixed
0.38,0.3,0.27,0.96,0.8800000000000001,5.0,True,True,both_pass,Scenario C fixed
0.38,0.3,0.275,0.96,0.895,5.0,True,True,both_pass,Scenario C fixed
0.38,0.3,0.27999999999999997,0.96,0.9099999999999999,5.0,True,True,both_pass,Scenario C fixed
0.38,0.3,0.285,0.96,0.925,5.0,True,True,both_pass,Scenario C fixed
0.38,0.3,0.29,0.96,0.94,5.0,True,True,both_pass,Scenario C fixed
0.38,0.3,0.295,0.96,0.9550000000000001,5.0,True,True,both_pass,Scenario C fixed
0.38,0.3,0.3,0.96,0.97,5.0,True,True,both_pass,Scenario C fixed
0.38,0.3,0.305,0.96,0.9850000000000001,5.0,True,True,both_pass,Scenario C fixed
0.38,0.3,0.31,0.96,1.0,5.0,True,True,both_pass,Scenario C fixed
0.38,0.3,0.315,0.96,1.0,5.0,True,True,both_pass,Scenario C fixed
0.38,0.3,0.32,0.96,1.0,5.0,True,True,both_pass,Scenario C fixed
0.38,0.3,0.325,0.96,1.0,5.0,True,True,both_pass,Scenario C fixed
0.38,0.3,0.32999999999999996,0.96,1.0,5.0,True,True,both_pass,Scenario C fixed
0.38,0.3,0.33499999999999996,0.96,1.0,5.0,True,True,both_pass,Scenario C fixed
0.38,0.3,0.33999999999999997,0.96,1.0,5.0,True,True,both_pass,Scenario C fixed
0.38,0.3,0.345,0.96,1.0,5.0,True,True,both_pass,Scenario C fixed
0.38,0.3,0.35,0.96,1.0,5.0,True,True,both_pass,Scenario C fixed
0.39,0.3,0.04,0.8799999999999999,0.19,1.95,True,False,demand_only,Scenario C fixed
0.39,0.3,0.045,0.8799999999999999,0.20500000000000002,2.0250000000000004,True,False,demand_only,Scenario C fixed
0.39,0.3,0.05,0.8799999999999999,0.22000000000000003,2.1,True,False,demand_only,Scenario C fixed
0.39,0.3,0.055,0.8799999999999999,0.23500000000000001,2.175,True,False,demand_only,Scenario C fixed
0.39,0.3,0.06,0.8799999999999999,0.25,2.25,True,False,demand_only,Scenario C fixed
0.39,0.3,0.065,0.8799999999999999,0.265,2.325,True,False,demand_only,Scenario C fixed
0.39,0.3,0.07,0.8799999999999999,0.28,2.4000000000000004,True,False,demand_only,Scenario C fixed
0.39,0.3,0.07500000000000001,0.8799999999999999,0.29500000000000004,2.475,True,False,demand_only,Scenario C fixed
0.39,0.3,0.08,0.8799999999999999,0.31,2.55,True,False,demand_only,Scenario C fixed
0.39,0.3,0.08499999999999999,0.8799999999999999,0.325,2.625,True,False,demand_only,Scenario C fixed
0.39,0.3,0.09,0.8799999999999999,0.34,2.7,True,False,demand_only,Scenario C fixed
0.39,0.3,0.095,0.8799999999999999,0.35500000000000004,2.7750000000000004,True,False,demand_only,Scenario C fixed
0.39,0.3,0.1,0.8799999999999999,0.37000000000000005,2.8500000000000005,True,False,demand_only,Scenario C fixed
0.39,0.3,0.10500000000000001,0.8799999999999999,0.38500000000000006,2.9250000000000003,True,False,demand_only,Scenario C fixed
0.39,0.3,0.11000000000000001,0.8799999999999999,0.4000000000000001,3.0000000000000004,True,False,demand_only,Scenario C fixed
0.39,0.3,0.11499999999999999,0.8799999999999999,0.415,3.0749999999999997,True,False,demand_only,Scenario C fixed
0.39,0.3,0.12,0.8799999999999999,0.43,3.15,True,False,demand_only,Scenario C fixed
0.39,0.3,0.125,0.8799999999999999,0.445,3.225,True,False,demand_only,Scenario C fixed
0.39,0.3,0.13,0.8799999999999999,0.46,3.3000000000000003,True,False,demand_only,Scenario C fixed
0.39,0.3,0.135,0.8799999999999999,0.47500000000000003,3.375,True,False,demand_only,Scenario C fixed
0.39,0.3,0.14,0.8799999999999999,0.49000000000000005,3.45,True,False,demand_only,Scenario C fixed
0.39,0.3,0.145,0.8799999999999999,0.5049999999999999,3.5249999999999995,True,False,demand_only,Scenario C fixed
0.39,0.3,0.15,0.8799999999999999,0.52,3.6,True,False,demand_only,Scenario C fixed
0.39,0.3,0.155,0.8799999999999999,0.5349999999999999,3.675,True,False,demand_only,Scenario C fixed
0.39,0.3,0.16,0.8799999999999999,0.55,3.75,True,False,demand_only,Scenario C fixed
0.39,0.3,0.165,0.8799999999999999,0.565,3.8249999999999997,True,False,demand_only,Scenario C fixed
0.39,0.3,0.17,0.8799999999999999,0.5800000000000001,3.9000000000000004,True,False,demand_only,Scenario C fixed
0.39,0.3,0.17500000000000002,0.8799999999999999,0.595,3.9749999999999996,True,False,demand_only,Scenario C fixed
0.39,0.3,0.18000000000000002,0.8799999999999999,0.6100000000000001,4.050000000000001,True,False,demand_only,Scenario C fixed
0.39,0.3,0.185,0.8799999999999999,0.625,4.125,True,False,demand_only,Scenario C fixed
0.39,0.3,0.19,0.8799999999999999,0.6400000000000001,4.200000000000001,True,False,demand_only,Scenario C fixed
0.39,0.3,0.195,0.8799999999999999,0.655,4.275,True,False,demand_only,Scenario C fixed
0.39,0.3,0.2,0.8799999999999999,0.6700000000000002,4.3500000000000005,True,False,demand_only,Scenario C fixed
0.39,0.3,0.20500000000000002,0.8799999999999999,0.685,4.425000000000001,True,False,demand_only,Scenario C fixed
0.39,0.3,0.21000000000000002,0.8799999999999999,0.7000000000000002,4.500000000000001,True,False,demand_only,Scenario C fixed
0.39,0.3,0.21500000000000002,0.8799999999999999,0.7150000000000001,4.575,True,False,demand_only,Scenario C fixed
0.39,0.3,0.22,0.8799999999999999,0.73,4.65,True,False,demand_only,Scenario C fixed
0.39,0.3,0.225,0.8799999999999999,0.7450000000000001,4.7250000000000005,True,False,demand_only,Scenario C fixed
0.39,0.3,0.23,0.8799999999999999,0.76,4.8,True,False,demand_only,Scenario C fixed
0.39,0.3,0.23500000000000001,0.8799999999999999,0.7750000000000001,4.875000000000001,True,False,demand_only,Scenario C fixed
0.39,0.3,0.24000000000000002,0.8799999999999999,0.79,4.95,True,False,demand_only,Scenario C fixed
0.39,0.3,0.24500000000000002,0.8799999999999999,0.8050000000000002,5.0,True,True,both_pass,Scenario C fixed
0.39,0.3,0.25,0.8799999999999999,0.8200000000000001,5.0,True,True,both_pass,Scenario C fixed
0.39,0.3,0.255,0.8799999999999999,0.835,5.0,True,True,both_pass,Scenario C fixed
0.39,0.3,0.26,0.8799999999999999,0.8500000000000001,5.0,True,True,both_pass,Scenario C fixed
0.39,0.3,0.265,0.8799999999999999,0.865,5.0,True,True,both_pass,Scenario C fixed
0.39,0.3,0.27,0.8799999999999999,0.8800000000000001,5.0,True,True,both_pass,Scenario C fixed
0.39,0.3,0.275,0.8799999999999999,0.895,5.0,True,True,both_pass,Scenario C fixed
0.39,0.3,0.27999999999999997,0.8799999999999999,0.9099999999999999,5.0,True,True,both_pass,Scenario C fixed
0.39,0.3,0.285,0.8799999999999999,0.925,5.0,True,True,both_pass,Scenario C fixed
0.39,0.3,0.29,0.8799999999999999,0.94,5.0,True,True,both_pass,Scenario C fixed
0.39,0.3,0.295,0.8799999999999999,0.9550000000000001,5.0,True,True,both_pass,Scenario C fixed
0.39,0.3,0.3,0.8799999999999999,0.97,5.0,True,True,both_pass,Scenario C fixed
0.39,0.3,0.305,0.8799999999999999,0.9850000000000001,5.0,True,True,both_pass,Scenario C fixed
0.39,0.3,0.31,0.8799999999999999,1.0,5.0,True,True,both_pass,Scenario C fixed
0.39,0.3,0.315,0.8799999999999999,1.0,5.0,True,True,both_pass,Scenario C fixed
0.39,0.3,0.32,0.8799999999999999,1.0,5.0,True,True,both_pass,Scenario C fixed
0.39,0.3,0.325,0.8799999999999999,1.0,5.0,True,True,both_pass,Scenario C fixed
0.39,0.3,0.32999999999999996,0.8799999999999999,1.0,5.0,True,True,both_pass,Scenario C fixed
0.39,0.3,0.33499999999999996,0.8799999999999999,1.0,5.0,True,True,both_pass,Scenario C fixed
0.39,0.3,0.33999999999999997,0.8799999999999999,1.0,5.0,True,True,both_pass,Scenario C fixed
0.39,0.3,0.345,0.8799999999999999,1.0,5.0,True,True,both_pass,Scenario C fixed
0.39,0.3,0.35,0.8799999999999999,1.0,5.0,True,True,both_pass,Scenario C fixed
0.39999999999999997,0.3,0.04,0.8000000000000003,0.19,1.95,True,False,demand_only,Scenario C fixed
0.39999999999999997,0.3,0.045,0.8000000000000003,0.20500000000000002,2.0250000000000004,True,False,demand_only,Scenario C fixed
0.39999999999999997,0.3,0.05,0.8000000000000003,0.22000000000000003,2.1,True,False,demand_only,Scenario C fixed
0.39999999999999997,0.3,0.055,0.8000000000000003,0.23500000000000001,2.175,True,False,demand_only,Scenario C fixed
0.39999999999999997,0.3,0.06,0.8000000000000003,0.25,2.25,True,False,demand_only,Scenario C fixed
0.39999999999999997,0.3,0.065,0.8000000000000003,0.265,2.325,True,False,demand_only,Scenario C fixed
0.39999999999999997,0.3,0.07,0.8000000000000003,0.28,2.4000000000000004,True,False,demand_only,Scenario C fixed
0.39999999999999997,0.3,0.07500000000000001,0.8000000000000003,0.29500000000000004,2.475,True,False,demand_only,Scenario C fixed
0.39999999999999997,0.3,0.08,0.8000000000000003,0.31,2.55,True,False,demand_only,Scenario C fixed
0.39999999999999997,0.3,0.08499999999999999,0.8000000000000003,0.325,2.625,True,False,demand_only,Scenario C fixed
0.39999999999999997,0.3,0.09,0.8000000000000003,0.34,2.7,True,False,demand_only,Scenario C fixed
0.39999999999999997,0.3,0.095,0.8000000000000003,0.35500000000000004,2.7750000000000004,True,False,demand_only,Scenario C fixed
0.39999999999999997,0.3,0.1,0.8000000000000003,0.37000000000000005,2.8500000000000005,True,False,demand_only,Scenario C fixed
0.39999999999999997,0.3,0.10500000000000001,0.8000000000000003,0.38500000000000006,2.9250000000000003,True,False,demand_only,Scenario C fixed
0.39999999999999997,0.3,0.11000000000000001,0.8000000000000003,0.4000000000000001,3.0000000000000004,True,False,demand_only,Scenario C fixed
0.39999999999999997,0.3,0.11499999999999999,0.8000000000000003,0.415,3.0749999999999997,True,False,demand_only,Scenario C fixed
0.39999999999999997,0.3,0.12,0.8000000000000003,0.43,3.15,True,False,demand_only,Scenario C fixed
0.39999999999999997,0.3,0.125,0.8000000000000003,0.445,3.225,True,False,demand_only,Scenario C fixed
0.39999999999999997,0.3,0.13,0.8000000000000003,0.46,3.3000000000000003,True,False,demand_only,Scenario C fixed
0.39999999999999997,0.3,0.135,0.8000000000000003,0.47500000000000003,3.375,True,False,demand_only,Scenario C fixed
0.39999999999999997,0.3,0.14,0.8000000000000003,0.49000000000000005,3.45,True,False,demand_only,Scenario C fixed
0.39999999999999997,0.3,0.145,0.8000000000000003,0.5049999999999999,3.5249999999999995,True,False,demand_only,Scenario C fixed
0.39999999999999997,0.3,0.15,0.8000000000000003,0.52,3.6,True,False,demand_only,Scenario C fixed
0.39999999999999997,0.3,0.155,0.8000000000000003,0.5349999999999999,3.675,True,False,demand_only,Scenario C fixed
0.39999999999999997,0.3,0.16,0.8000000000000003,0.55,3.75,True,False,demand_only,Scenario C fixed
0.39999999999999997,0.3,0.165,0.8000000000000003,0.565,3.8249999999999997,True,False,demand_only,Scenario C fixed
0.39999999999999997,0.3,0.17,0.8000000000000003,0.5800000000000001,3.9000000000000004,True,False,demand_only,Scenario C fixed
0.39999999999999997,0.3,0.17500000000000002,0.8000000000000003,0.595,3.9749999999999996,True,False,demand_only,Scenario C fixed
0.39999999999999997,0.3,0.18000000000000002,0.8000000000000003,0.6100000000000001,4.050000000000001,True,False,demand_only,Scenario C fixed
0.39999999999999997,0.3,0.185,0.8000000000000003,0.625,4.125,True,False,demand_only,Scenario C fixed
0.39999999999999997,0.3,0.19,0.8000000000000003,0.6400000000000001,4.200000000000001,True,False,demand_only,Scenario C fixed
0.39999999999999997,0.3,0.195,0.8000000000000003,0.655,4.275,True,False,demand_only,Scenario C fixed
0.39999999999999997,0.3,0.2,0.8000000000000003,0.6700000000000002,4.3500000000000005,True,False,demand_only,Scenario C fixed
0.39999999999999997,0.3,0.20500000000000002,0.8000000000000003,0.685,4.425000000000001,True,False,demand_only,Scenario C fixed
0.39999999999999997,0.3,0.21000000000000002,0.8000000000000003,0.7000000000000002,4.500000000000001,True,False,demand_only,Scenario C fixed
0.39999999999999997,0.3,0.21500000000000002,0.8000000000000003,0.7150000000000001,4.575,True,False,demand_only,Scenario C fixed
0.39999999999999997,0.3,0.22,0.8000000000000003,0.73,4.65,True,False,demand_only,Scenario C fixed
0.39999999999999997,0.3,0.225,0.8000000000000003,0.7450000000000001,4.7250000000000005,True,False,demand_only,Scenario C fixed
0.39999999999999997,0.3,0.23,0.8000000000000003,0.76,4.8,True,False,demand_only,Scenario C fixed
0.39999999999999997,0.3,0.23500000000000001,0.8000000000000003,0.7750000000000001,4.875000000000001,True,False,demand_only,Scenario C fixed
0.39999999999999997,0.3,0.24000000000000002,0.8000000000000003,0.79,4.95,True,False,demand_only,Scenario C fixed
0.39999999999999997,0.3,0.24500000000000002,0.8000000000000003,0.8050000000000002,5.0,True,True,both_pass,Scenario C fixed
0.39999999999999997,0.3,0.25,0.8000000000000003,0.8200000000000001,5.0,True,True,both_pass,Scenario C fixed
0.39999999999999997,0.3,0.255,0.8000000000000003,0.835,5.0,True,True,both_pass,Scenario C fixed
0.39999999999999997,0.3,0.26,0.8000000000000003,0.8500000000000001,5.0,True,True,both_pass,Scenario C fixed
0.39999999999999997,0.3,0.265,0.8000000000000003,0.865,5.0,True,True,both_pass,Scenario C fixed
0.39999999999999997,0.3,0.27,0.8000000000000003,0.8800000000000001,5.0,True,True,both_pass,Scenario C fixed
0.39999999999999997,0.3,0.275,0.8000000000000003,0.895,5.0,True,True,both_pass,Scenario C fixed
0.39999999999999997,0.3,0.27999999999999997,0.8000000000000003,0.9099999999999999,5.0,True,True,both_pass,Scenario C fixed
0.39999999999999997,0.3,0.285,0.8000000000000003,0.925,5.0,True,True,both_pass,Scenario C fixed
0.39999999999999997,0.3,0.29,0.8000000000000003,0.94,5.0,True,True,both_pass,Scenario C fixed
0.39999999999999997,0.3,0.295,0.8000000000000003,0.9550000000000001,5.0,True,True,both_pass,Scenario C fixed
0.39999999999999997,0.3,0.3,0.8000000000000003,0.97,5.0,True,True,both_pass,Scenario C fixed
0.39999999999999997,0.3,0.305,0.8000000000000003,0.9850000000000001,5.0,True,True,both_pass,Scenario C fixed
0.39999999999999997,0.3,0.31,0.8000000000000003,1.0,5.0,True,True,both_pass,Scenario C fixed
0.39999999999999997,0.3,0.315,0.8000000000000003,1.0,5.0,True,True,both_pass,Scenario C fixed
0.39999999999999997,0.3,0.32,0.8000000000000003,1.0,5.0,True,True,both_pass,Scenario C fixed
0.39999999999999997,0.3,0.325,0.8000000000000003,1.0,5.0,True,True,both_pass,Scenario C fixed
0.39999999999999997,0.3,0.32999999999999996,0.8000000000000003,1.0,5.0,True,True,both_pass,Scenario C fixed
0.39999999999999997,0.3,0.33499999999999996,0.8000000000000003,1.0,5.0,True,True,both_pass,Scenario C fixed
0.39999999999999997,0.3,0.33999999999999997,0.8000000000000003,1.0,5.0,True,True,both_pass,Scenario C fixed
0.39999999999999997,0.3,0.345,0.8000000000000003,1.0,5.0,True,True,both_pass,Scenario C fixed
0.39999999999999997,0.3,0.35,0.8000000000000003,1.0,5.0,True,True,both_pass,Scenario C fixed
0.41,0.3,0.04,0.7200000000000002,0.19,1.95,True,False,demand_only,Scenario C fixed
0.41,0.3,0.045,0.7200000000000002,0.20500000000000002,2.0250000000000004,True,False,demand_only,Scenario C fixed
0.41,0.3,0.05,0.7200000000000002,0.22000000000000003,2.1,True,False,demand_only,Scenario C fixed
0.41,0.3,0.055,0.7200000000000002,0.23500000000000001,2.175,True,False,demand_only,Scenario C fixed
0.41,0.3,0.06,0.7200000000000002,0.25,2.25,True,False,demand_only,Scenario C fixed
0.41,0.3,0.065,0.7200000000000002,0.265,2.325,True,False,demand_only,Scenario C fixed
0.41,0.3,0.07,0.7200000000000002,0.28,2.4000000000000004,True,False,demand_only,Scenario C fixed
0.41,0.3,0.07500000000000001,0.7200000000000002,0.29500000000000004,2.475,True,False,demand_only,Scenario C fixed
0.41,0.3,0.08,0.7200000000000002,0.31,2.55,True,False,demand_only,Scenario C fixed
0.41,0.3,0.08499999999999999,0.7200000000000002,0.325,2.625,True,False,demand_only,Scenario C fixed
0.41,0.3,0.09,0.7200000000000002,0.34,2.7,True,False,demand_only,Scenario C fixed
0.41,0.3,0.095,0.7200000000000002,0.35500000000000004,2.7750000000000004,True,False,demand_only,Scenario C fixed
0.41,0.3,0.1,0.7200000000000002,0.37000000000000005,2.8500000000000005,True,False,demand_only,Scenario C fixed
0.41,0.3,0.10500000000000001,0.7200000000000002,0.38500000000000006,2.9250000000000003,True,False,demand_only,Scenario C fixed
0.41,0.3,0.11000000000000001,0.7200000000000002,0.4000000000000001,3.0000000000000004,True,False,demand_only,Scenario C fixed
0.41,0.3,0.11499999999999999,0.7200000000000002,0.415,3.0749999999999997,True,False,demand_only,Scenario C fixed
0.41,0.3,0.12,0.7200000000000002,0.43,3.15,True,False,demand_only,Scenario C fixed
0.41,0.3,0.125,0.7200000000000002,0.445,3.225,True,False,demand_only,Scenario C fixed
0.41,0.3,0.13,0.7200000000000002,0.46,3.3000000000000003,True,False,demand_only,Scenario C fixed
0.41,0.3,0.135,0.7200000000000002,0.47500000000000003,3.375,True,False,demand_only,Scenario C fixed
0.41,0.3,0.14,0.7200000000000002,0.49000000000000005,3.45,True,False,demand_only,Scenario C fixed
0.41,0.3,0.145,0.7200000000000002,0.5049999999999999,3.5249999999999995,True,False,demand_only,Scenario C fixed
0.41,0.3,0.15,0.7200000000000002,0.52,3.6,True,False,demand_only,Scenario C fixed
0.41,0.3,0.155,0.7200000000000002,0.5349999999999999,3.675,True,False,demand_only,Scenario C fixed
0.41,0.3,0.16,0.7200000000000002,0.55,3.75,True,False,demand_only,Scenario C fixed
0.41,0.3,0.165,0.7200000000000002,0.565,3.8249999999999997,True,False,demand_only,Scenario C fixed
0.41,0.3,0.17,0.7200000000000002,0.5800000000000001,3.9000000000000004,True,False,demand_only,Scenario C fixed
0.41,0.3,0.17500000000000002,0.7200000000000002,0.595,3.9749999999999996,True,False,demand_only,Scenario C fixed
0.41,0.3,0.18000000000000002,0.7200000000000002,0.6100000000000001,4.050000000000001,True,False,demand_only,Scenario C fixed
0.41,0.3,0.185,0.7200000000000002,0.625,4.125,True,False,demand_only,Scenario C fixed
0.41,0.3,0.19,0.7200000000000002,0.6400000000000001,4.200000000000001,True,False,demand_only,Scenario C fixed
0.41,0.3,0.195,0.7200000000000002,0.655,4.275,True,False,demand_only,Scenario C fixed
0.41,0.3,0.2,0.7200000000000002,0.6700000000000002,4.3500000000000005,True,False,demand_only,Scenario C fixed
0.41,0.3,0.20500000000000002,0.7200000000000002,0.685,4.425000000000001,True,False,demand_only,Scenario C fixed
0.41,0.3,0.21000000000000002,0.7200000000000002,0.7000000000000002,4.500000000000001,True,False,demand_only,Scenario C fixed
0.41,0.3,0.21500000000000002,0.7200000000000002,0.7150000000000001,4.575,True,False,demand_only,Scenario C fixed
0.41,0.3,0.22,0.7200000000000002,0.73,4.65,True,False,demand_only,Scenario C fixed
0.41,0.3,0.225,0.7200000000000002,0.7450000000000001,4.7250000000000005,True,False,demand_only,Scenario C fixed
0.41,0.3,0.23,0.7200000000000002,0.76,4.8,True,False,demand_only,Scenario C fixed
0.41,0.3,0.23500000000000001,0.7200000000000002,0.7750000000000001,4.875000000000001,True,False,demand_only,Scenario C fixed
0.41,0.3,0.24000000000000002,0.7200000000000002,0.79,4.95,True,False,demand_only,Scenario C fixed
0.41,0.3,0.24500000000000002,0.7200000000000002,0.8050000000000002,5.0,True,True,both_pass,Scenario C fixed
0.41,0.3,0.25,0.7200000000000002,0.8200000000000001,5.0,True,True,both_pass,Scenario C fixed
0.41,0.3,0.255,0.7200000000000002,0.835,5.0,True,True,both_pass,Scenario C fixed
0.41,0.3,0.26,0.7200000000000002,0.8500000000000001,5.0,True,True,both_pass,Scenario C fixed
0.41,0.3,0.265,0.7200000000000002,0.865,5.0,True,True,both_pass,Scenario C fixed
0.41,0.3,0.27,0.7200000000000002,0.8800000000000001,5.0,True,True,both_pass,Scenario C fixed
0.41,0.3,0.275,0.7200000000000002,0.895,5.0,True,True,both_pass,Scenario C fixed
0.41,0.3,0.27999999999999997,0.7200000000000002,0.9099999999999999,5.0,True,True,both_pass,Scenario C fixed
0.41,0.3,0.285,0.7200000000000002,0.925,5.0,True,True,both_pass,Scenario C fixed
0.41,0.3,0.29,0.7200000000000002,0.94,5.0,True,True,both_pass,Scenario C fixed
0.41,0.3,0.295,0.7200000000000002,0.9550000000000001,5.0,True,True,both_pass,Scenario C fixed
0.41,0.3,0.3,0.7200000000000002,0.97,5.0,True,True,both_pass,Scenario C fixed
0.41,0.3,0.305,0.7200000000000002,0.9850000000000001,5.0,True,True,both_pass,Scenario C fixed
0.41,0.3,0.31,0.7200000000000002,1.0,5.0,True,True,both_pass,Scenario C fixed
0.41,0.3,0.315,0.7200000000000002,1.0,5.0,True,True,both_pass,Scenario C fixed
0.41,0.3,0.32,0.7200000000000002,1.0,5.0,True,True,both_pass,Scenario C fixed
0.41,0.3,0.325,0.7200000000000002,1.0,5.0,True,True,both_pass,Scenario C fixed
0.41,0.3,0.32999999999999996,0.7200000000000002,1.0,5.0,True,True,both_pass,Scenario C fixed
0.41,0.3,0.33499999999999996,0.7200000000000002,1.0,5.0,True,True,both_pass,Scenario C fixed
0.41,0.3,0.33999999999999997,0.7200000000000002,1.0,5.0,True,True,both_pass,Scenario C fixed
0.41,0.3,0.345,0.7200000000000002,1.0,5.0,True,True,both_pass,Scenario C fixed
0.41,0.3,0.35,0.7200000000000002,1.0,5.0,True,True,both_pass,Scenario C fixed
0.42,0.3,0.04,0.6400000000000001,0.19,1.95,True,False,demand_only,Scenario C fixed
0.42,0.3,0.045,0.6400000000000001,0.20500000000000002,2.0250000000000004,True,False,demand_only,Scenario C fixed
0.42,0.3,0.05,0.6400000000000001,0.22000000000000003,2.1,True,False,demand_only,Scenario C fixed
0.42,0.3,0.055,0.6400000000000001,0.23500000000000001,2.175,True,False,demand_only,Scenario C fixed
0.42,0.3,0.06,0.6400000000000001,0.25,2.25,True,False,demand_only,Scenario C fixed
0.42,0.3,0.065,0.6400000000000001,0.265,2.325,True,False,demand_only,Scenario C fixed
0.42,0.3,0.07,0.6400000000000001,0.28,2.4000000000000004,True,False,demand_only,Scenario C fixed
0.42,0.3,0.07500000000000001,0.6400000000000001,0.29500000000000004,2.475,True,False,demand_only,Scenario C fixed
0.42,0.3,0.08,0.6400000000000001,0.31,2.55,True,False,demand_only,Scenario C fixed
0.42,0.3,0.08499999999999999,0.6400000000000001,0.325,2.625,True,False,demand_only,Scenario C fixed
0.42,0.3,0.09,0.6400000000000001,0.34,2.7,True,False,demand_only,Scenario C fixed
0.42,0.3,0.095,0.6400000000000001,0.35500000000000004,2.7750000000000004,True,False,demand_only,Scenario C fixed
0.42,0.3,0.1,0.6400000000000001,0.37000000000000005,2.8500000000000005,True,False,demand_only,Scenario C fixed
0.42,0.3,0.10500000000000001,0.6400000000000001,0.38500000000000006,2.9250000000000003,True,False,demand_only,Scenario C fixed
0.42,0.3,0.11000000000000001,0.6400000000000001,0.4000000000000001,3.0000000000000004,True,False,demand_only,Scenario C fixed
0.42,0.3,0.11499999999999999,0.6400000000000001,0.415,3.0749999999999997,True,False,demand_only,Scenario C fixed
0.42,0.3,0.12,0.6400000000000001,0.43,3.15,True,False,demand_only,Scenario C fixed
0.42,0.3,0.125,0.6400000000000001,0.445,3.225,True,False,demand_only,Scenario C fixed
0.42,0.3,0.13,0.6400000000000001,0.46,3.3000000000000003,True,False,demand_only,Scenario C fixed
0.42,0.3,0.135,0.6400000000000001,0.47500000000000003,3.375,True,False,demand_only,Scenario C fixed
0.42,0.3,0.14,0.6400000000000001,0.49000000000000005,3.45,True,False,demand_only,Scenario C fixed
0.42,0.3,0.145,0.6400000000000001,0.5049999999999999,3.5249999999999995,True,False,demand_only,Scenario C fixed
0.42,0.3,0.15,0.6400000000000001,0.52,3.6,True,False,demand_only,Scenario C fixed
0.42,0.3,0.155,0.6400000000000001,0.5349999999999999,3.675,True,False,demand_only,Scenario C fixed
0.42,0.3,0.16,0.6400000000000001,0.55,3.75,True,False,demand_only,Scenario C fixed
0.42,0.3,0.165,0.6400000000000001,0.565,3.8249999999999997,True,False,demand_only,Scenario C fixed
0.42,0.3,0.17,0.6400000000000001,0.5800000000000001,3.9000000000000004,True,False,demand_only,Scenario C fixed
0.42,0.3,0.17500000000000002,0.6400000000000001,0.595,3.9749999999999996,True,False,demand_only,Scenario C fixed
0.42,0.3,0.18000000000000002,0.6400000000000001,0.6100000000000001,4.050000000000001,True,False,demand_only,Scenario C fixed
0.42,0.3,0.185,0.6400000000000001,0.625,4.125,True,False,demand_only,Scenario C fixed
0.42,0.3,0.19,0.6400000000000001,0.6400000000000001,4.200000000000001,True,False,demand_only,Scenario C fixed
0.42,0.3,0.195,0.6400000000000001,0.655,4.275,True,False,demand_only,Scenario C fixed
0.42,0.3,0.2,0.6400000000000001,0.6700000000000002,4.3500000000000005,True,False,demand_only,Scenario C fixed
0.42,0.3,0.20500000000000002,0.6400000000000001,0.685,4.425000000000001,True,False,demand_only,Scenario C fixed
0.42,0.3,0.21000000000000002,0.6400000000000001,0.7000000000000002,4.500000000000001,True,False,demand_only,Scenario C fixed
0.42,0.3,0.21500000000000002,0.6400000000000001,0.7150000000000001,4.575,True,False,demand_only,Scenario C fixed
0.42,0.3,0.22,0.6400000000000001,0.73,4.65,True,False,demand_only,Scenario C fixed
0.42,0.3,0.225,0.6400000000000001,0.7450000000000001,4.7250000000000005,True,False,demand_only,Scenario C fixed
0.42,0.3,0.23,0.6400000000000001,0.76,4.8,True,False,demand_only,Scenario C fixed
0.42,0.3,0.23500000000000001,0.6400000000000001,0.7750000000000001,4.875000000000001,True,False,demand_only,Scenario C fixed
0.42,0.3,0.24000000000000002,0.6400000000000001,0.79,4.95,True,False,demand_only,Scenario C fixed
0.42,0.3,0.24500000000000002,0.6400000000000001,0.8050000000000002,5.0,True,True,both_pass,Scenario C fixed
0.42,0.3,0.25,0.6400000000000001,0.8200000000000001,5.0,True,True,both_pass,Scenario C fixed
0.42,0.3,0.255,0.6400000000000001,0.835,5.0,True,True,both_pass,Scenario C fixed
0.42,0.3,0.26,0.6400000000000001,0.8500000000000001,5.0,True,True,both_pass,Scenario C fixed
0.42,0.3,0.265,0.6400000000000001,0.865,5.0,True,True,both_pass,Scenario C fixed
0.42,0.3,0.27,0.6400000000000001,0.8800000000000001,5.0,True,True,both_pass,Scenario C fixed
0.42,0.3,0.275,0.6400000000000001,0.895,5.0,True,True,both_pass,Scenario C fixed
0.42,0.3,0.27999999999999997,0.6400000000000001,0.9099999999999999,5.0,True,True,both_pass,Scenario C fixed
0.42,0.3,0.285,0.6400000000000001,0.925,5.0,True,True,both_pass,Scenario C fixed
0.42,0.3,0.29,0.6400000000000001,0.94,5.0,True,True,both_pass,Scenario C fixed
0.42,0.3,0.295,0.6400000000000001,0.9550000000000001,5.0,True,True,both_pass,Scenario C fixed
0.42,0.3,0.3,0.6400000000000001,0.97,5.0,True,True,both_pass,Scenario C fixed
0.42,0.3,0.305,0.6400000000000001,0.9850000000000001,5.0,True,True,both_pass,Scenario C fixed
0.42,0.3,0.31,0.6400000000000001,1.0,5.0,True,True,both_pass,Scenario C fixed
0.42,0.3,0.315,0.6400000000000001,1.0,5.0,True,True,both_pass,Scenario C fixed
0.42,0.3,0.32,0.6400000000000001,1.0,5.0,True,True,both_pass,Scenario C fixed
0.42,0.3,0.325,0.6400000000000001,1.0,5.0,True,True,both_pass,Scenario C fixed
0.42,0.3,0.32999999999999996,0.6400000000000001,1.0,5.0,True,True,both_pass,Scenario C fixed
0.42,0.3,0.33499999999999996,0.6400000000000001,1.0,5.0,True,True,both_pass,Scenario C fixed
0.42,0.3,0.33999999999999997,0.6400000000000001,1.0,5.0,True,True,both_pass,Scenario C fixed
0.42,0.3,0.345,0.6400000000000001,1.0,5.0,True,True,both_pass,Scenario C fixed
0.42,0.3,0.35,0.6400000000000001,1.0,5.0,True,True,both_pass,Scenario C fixed
0.43,0.3,0.04,0.56,0.19,1.95,True,False,demand_only,Scenario C fixed
0.43,0.3,0.045,0.56,0.20500000000000002,2.0250000000000004,True,False,demand_only,Scenario C fixed
0.43,0.3,0.05,0.56,0.22000000000000003,2.1,True,False,demand_only,Scenario C fixed
0.43,0.3,0.055,0.56,0.23500000000000001,2.175,True,False,demand_only,Scenario C fixed
0.43,0.3,0.06,0.56,0.25,2.25,True,False,demand_only,Scenario C fixed
0.43,0.3,0.065,0.56,0.265,2.325,True,False,demand_only,Scenario C fixed
0.43,0.3,0.07,0.56,0.28,2.4000000000000004,True,False,demand_only,Scenario C fixed
0.43,0.3,0.07500000000000001,0.56,0.29500000000000004,2.475,True,False,demand_only,Scenario C fixed
0.43,0.3,0.08,0.56,0.31,2.55,True,False,demand_only,Scenario C fixed
0.43,0.3,0.08499999999999999,0.56,0.325,2.625,True,False,demand_only,Scenario C fixed
0.43,0.3,0.09,0.56,0.34,2.7,True,False,demand_only,Scenario C fixed
0.43,0.3,0.095,0.56,0.35500000000000004,2.7750000000000004,True,False,demand_only,Scenario C fixed
0.43,0.3,0.1,0.56,0.37000000000000005,2.8500000000000005,True,False,demand_only,Scenario C fixed
0.43,0.3,0.10500000000000001,0.56,0.38500000000000006,2.9250000000000003,True,False,demand_only,Scenario C fixed
0.43,0.3,0.11000000000000001,0.56,0.4000000000000001,3.0000000000000004,True,False,demand_only,Scenario C fixed
0.43,0.3,0.11499999999999999,0.56,0.415,3.0749999999999997,True,False,demand_only,Scenario C fixed
0.43,0.3,0.12,0.56,0.43,3.15,True,False,demand_only,Scenario C fixed
0.43,0.3,0.125,0.56,0.445,3.225,True,False,demand_only,Scenario C fixed
0.43,0.3,0.13,0.56,0.46,3.3000000000000003,True,False,demand_only,Scenario C fixed
0.43,0.3,0.135,0.56,0.47500000000000003,3.375,True,False,demand_only,Scenario C fixed
0.43,0.3,0.14,0.56,0.49000000000000005,3.45,True,False,demand_only,Scenario C fixed
0.43,0.3,0.145,0.56,0.5049999999999999,3.5249999999999995,True,False,demand_only,Scenario C fixed
0.43,0.3,0.15,0.56,0.52,3.6,True,False,demand_only,Scenario C fixed
0.43,0.3,0.155,0.56,0.5349999999999999,3.675,True,False,demand_only,Scenario C fixed
0.43,0.3,0.16,0.56,0.55,3.75,True,False,demand_only,Scenario C fixed
0.43,0.3,0.165,0.56,0.565,3.8249999999999997,True,False,demand_only,Scenario C fixed
0.43,0.3,0.17,0.56,0.5800000000000001,3.9000000000000004,True,False,demand_only,Scenario C fixed
0.43,0.3,0.17500000000000002,0.56,0.595,3.9749999999999996,True,False,demand_only,Scenario C fixed
0.43,0.3,0.18000000000000002,0.56,0.6100000000000001,4.050000000000001,True,False,demand_only,Scenario C fixed
0.43,0.3,0.185,0.56,0.625,4.125,True,False,demand_only,Scenario C fixed
0.43,0.3,0.19,0.56,0.6400000000000001,4.200000000000001,True,False,demand_only,Scenario C fixed
0.43,0.3,0.195,0.56,0.655,4.275,True,False,demand_only,Scenario C fixed
0.43,0.3,0.2,0.56,0.6700000000000002,4.3500000000000005,True,False,demand_only,Scenario C fixed
0.43,0.3,0.20500000000000002,0.56,0.685,4.425000000000001,True,False,demand_only,Scenario C fixed
0.43,0.3,0.21000000000000002,0.56,0.7000000000000002,4.500000000000001,True,False,demand_only,Scenario C fixed
0.43,0.3,0.21500000000000002,0.56,0.7150000000000001,4.575,True,False,demand_only,Scenario C fixed
0.43,0.3,0.22,0.56,0.73,4.65,True,False,demand_only,Scenario C fixed
0.43,0.3,0.225,0.56,0.7450000000000001,4.7250000000000005,True,False,demand_only,Scenario C fixed
0.43,0.3,0.23,0.56,0.76,4.8,True,False,demand_only,Scenario C fixed
0.43,0.3,0.23500000000000001,0.56,0.7750000000000001,4.875000000000001,True,False,demand_only,Scenario C fixed
0.43,0.3,0.24000000000000002,0.56,0.79,4.95,True,False,demand_only,Scenario C fixed
0.43,0.3,0.24500000000000002,0.56,0.8050000000000002,5.0,True,True,both_pass,Scenario C fixed
0.43,0.3,0.25,0.56,0.8200000000000001,5.0,True,True,both_pass,Scenario C fixed
0.43,0.3,0.255,0.56,0.835,5.0,True,True,both_pass,Scenario C fixed
0.43,0.3,0.26,0.56,0.8500000000000001,5.0,True,True,both_pass,Scenario C fixed
0.43,0.3,0.265,0.56,0.865,5.0,True,True,both_pass,Scenario C fixed
0.43,0.3,0.27,0.56,0.8800000000000001,5.0,True,True,both_pass,Scenario C fixed
0.43,0.3,0.275,0.56,0.895,5.0,True,True,both_pass,Scenario C fixed
0.43,0.3,0.27999999999999997,0.56,0.9099999999999999,5.0,True,True,both_pass,Scenario C fixed
0.43,0.3,0.285,0.56,0.925,5.0,True,True,both_pass,Scenario C fixed
0.43,0.3,0.29,0.56,0.94,5.0,True,True,both_pass,Scenario C fixed
0.43,0.3,0.295,0.56,0.9550000000000001,5.0,True,True,both_pass,Scenario C fixed
0.43,0.3,0.3,0.56,0.97,5.0,True,True,both_pass,Scenario C fixed
0.43,0.3,0.305,0.56,0.9850000000000001,5.0,True,True,both_pass,Scenario C fixed
0.43,0.3,0.31,0.56,1.0,5.0,True,True,both_pass,Scenario C fixed
0.43,0.3,0.315,0.56,1.0,5.0,True,True,both_pass,Scenario C fixed
0.43,0.3,0.32,0.56,1.0,5.0,True,True,both_pass,Scenario C fixed
0.43,0.3,0.325,0.56,1.0,5.0,True,True,both_pass,Scenario C fixed
0.43,0.3,0.32999999999999996,0.56,1.0,5.0,True,True,both_pass,Scenario C fixed
0.43,0.3,0.33499999999999996,0.56,1.0,5.0,True,True,both_pass,Scenario C fixed
0.43,0.3,0.33999999999999997,0.56,1.0,5.0,True,True,both_pass,Scenario C fixed
0.43,0.3,0.345,0.56,1.0,5.0,True,True,both_pass,Scenario C fixed
0.43,0.3,0.35,0.56,1.0,5.0,True,True,both_pass,Scenario C fixed
0.43999999999999995,0.3,0.04,0.4800000000000004,0.19,1.95,True,False,demand_only,Scenario C fixed
0.43999999999999995,0.3,0.045,0.4800000000000004,0.20500000000000002,2.0250000000000004,True,False,demand_only,Scenario C fixed
0.43999999999999995,0.3,0.05,0.4800000000000004,0.22000000000000003,2.1,True,False,demand_only,Scenario C fixed
0.43999999999999995,0.3,0.055,0.4800000000000004,0.23500000000000001,2.175,True,False,demand_only,Scenario C fixed
0.43999999999999995,0.3,0.06,0.4800000000000004,0.25,2.25,True,False,demand_only,Scenario C fixed
0.43999999999999995,0.3,0.065,0.4800000000000004,0.265,2.325,True,False,demand_only,Scenario C fixed
0.43999999999999995,0.3,0.07,0.4800000000000004,0.28,2.4000000000000004,True,False,demand_only,Scenario C fixed
0.43999999999999995,0.3,0.07500000000000001,0.4800000000000004,0.29500000000000004,2.475,True,False,demand_only,Scenario C fixed
0.43999999999999995,0.3,0.08,0.4800000000000004,0.31,2.55,True,False,demand_only,Scenario C fixed
0.43999999999999995,0.3,0.08499999999999999,0.4800000000000004,0.325,2.625,True,False,demand_only,Scenario C fixed
0.43999999999999995,0.3,0.09,0.4800000000000004,0.34,2.7,True,False,demand_only,Scenario C fixed
0.43999999999999995,0.3,0.095,0.4800000000000004,0.35500000000000004,2.7750000000000004,True,False,demand_only,Scenario C fixed
0.43999999999999995,0.3,0.1,0.4800000000000004,0.37000000000000005,2.8500000000000005,True,False,demand_only,Scenario C fixed
0.43999999999999995,0.3,0.10500000000000001,0.4800000000000004,0.38500000000000006,2.9250000000000003,True,False,demand_only,Scenario C fixed
0.43999999999999995,0.3,0.11000000000000001,0.4800000000000004,0.4000000000000001,3.0000000000000004,True,False,demand_only,Scenario C fixed
0.43999999999999995,0.3,0.11499999999999999,0.4800000000000004,0.415,3.0749999999999997,True,False,demand_only,Scenario C fixed
0.43999999999999995,0.3,0.12,0.4800000000000004,0.43,3.15,True,False,demand_only,Scenario C fixed
0.43999999999999995,0.3,0.125,0.4800000000000004,0.445,3.225,True,False,demand_only,Scenario C fixed
0.43999999999999995,0.3,0.13,0.4800000000000004,0.46,3.3000000000000003,True,False,demand_only,Scenario C fixed
0.43999999999999995,0.3,0.135,0.4800000000000004,0.47500000000000003,3.375,True,False,demand_only,Scenario C fixed
0.43999999999999995,0.3,0.14,0.4800000000000004,0.49000000000000005,3.45,True,False,demand_only,Scenario C fixed
0.43999999999999995,0.3,0.145,0.4800000000000004,0.5049999999999999,3.5249999999999995,True,False,demand_only,Scenario C fixed
0.43999999999999995,0.3,0.15,0.4800000000000004,0.52,3.6,True,False,demand_only,Scenario C fixed
0.43999999999999995,0.3,0.155,0.4800000000000004,0.5349999999999999,3.675,True,False,demand_only,Scenario C fixed
0.43999999999999995,0.3,0.16,0.4800000000000004,0.55,3.75,True,False,demand_only,Scenario C fixed
0.43999999999999995,0.3,0.165,0.4800000000000004,0.565,3.8249999999999997,True,False,demand_only,Scenario C fixed
0.43999999999999995,0.3,0.17,0.4800000000000004,0.5800000000000001,3.9000000000000004,True,False,demand_only,Scenario C fixed
0.43999999999999995,0.3,0.17500000000000002,0.4800000000000004,0.595,3.9749999999999996,True,False,demand_only,Scenario C fixed
0.43999999999999995,0.3,0.18000000000000002,0.4800000000000004,0.6100000000000001,4.050000000000001,True,False,demand_only,Scenario C fixed
0.43999999999999995,0.3,0.185,0.4800000000000004,0.625,4.125,True,False,demand_only,Scenario C fixed
0.43999999999999995,0.3,0.19,0.4800000000000004,0.6400000000000001,4.200000000000001,True,False,demand_only,Scenario C fixed
0.43999999999999995,0.3,0.195,0.4800000000000004,0.655,4.275,True,False,demand_only,Scenario C fixed
0.43999999999999995,0.3,0.2,0.4800000000000004,0.6700000000000002,4.3500000000000005,True,False,demand_only,Scenario C fixed
0.43999999999999995,0.3,0.20500000000000002,0.4800000000000004,0.685,4.425000000000001,True,False,demand_only,Scenario C fixed
0.43999999999999995,0.3,0.21000000000000002,0.4800000000000004,0.7000000000000002,4.500000000000001,True,False,demand_only,Scenario C fixed
0.43999999999999995,0.3,0.21500000000000002,0.4800000000000004,0.7150000000000001,4.575,True,False,demand_only,Scenario C fixed
0.43999999999999995,0.3,0.22,0.4800000000000004,0.73,4.65,True,False,demand_only,Scenario C fixed
0.43999999999999995,0.3,0.225,0.4800000000000004,0.7450000000000001,4.7250000000000005,True,False,demand_only,Scenario C fixed
0.43999999999999995,0.3,0.23,0.4800000000000004,0.76,4.8,True,False,demand_only,Scenario C fixed
0.43999999999999995,0.3,0.23500000000000001,0.4800000000000004,0.7750000000000001,4.875000000000001,True,False,demand_only,Scenario C fixed
0.43999999999999995,0.3,0.24000000000000002,0.4800000000000004,0.79,4.95,True,False,demand_only,Scenario C fixed
0.43999999999999995,0.3,0.24500000000000002,0.4800000000000004,0.8050000000000002,5.0,True,True,both_pass,Scenario C fixed
0.43999999999999995,0.3,0.25,0.4800000000000004,0.8200000000000001,5.0,True,True,both_pass,Scenario C fixed
0.43999999999999995,0.3,0.255,0.4800000000000004,0.835,5.0,True,True,both_pass,Scenario C fixed
0.43999999999999995,0.3,0.26,0.4800000000000004,0.8500000000000001,5.0,True,True,both_pass,Scenario C fixed
0.43999999999999995,0.3,0.265,0.4800000000000004,0.865,5.0,True,True,both_pass,Scenario C fixed
0.43999999999999995,0.3,0.27,0.4800000000000004,0.8800000000000001,5.0,True,True,both_pass,Scenario C fixed
0.43999999999999995,0.3,0.275,0.4800000000000004,0.895,5.0,True,True,both_pass,Scenario C fixed
0.43999999999999995,0.3,0.27999999999999997,0.4800000000000004,0.9099999999999999,5.0,True,True,both_pass,Scenario C fixed
0.43999999999999995,0.3,0.285,0.4800000000000004,0.925,5.0,True,True,both_pass,Scenario C fixed
0.43999999999999995,0.3,0.29,0.4800000000000004,0.94,5.0,True,True,both_pass,Scenario C fixed
0.43999999999999995,0.3,0.295,0.4800000000000004,0.9550000000000001,5.0,True,True,both_pass,Scenario C fixed
0.43999999999999995,0.3,0.3,0.4800000000000004,0.97,5.0,True,True,both_pass,Scenario C fixed
0.43999999999999995,0.3,0.305,0.4800000000000004,0.9850000000000001,5.0,True,True,both_pass,Scenario C fixed
0.43999999999999995,0.3,0.31,0.4800000000000004,1.0,5.0,True,True,both_pass,Scenario C fixed
0.43999999999999995,0.3,0.315,0.4800000000000004,1.0,5.0,True,True,both_pass,Scenario C fixed
0.43999999999999995,0.3,0.32,0.4800000000000004,1.0,5.0,True,True,both_pass,Scenario C fixed
0.43999999999999995,0.3,0.325,0.4800000000000004,1.0,5.0,True,True,both_pass,Scenario C fixed
0.43999999999999995,0.3,0.32999999999999996,0.4800000000000004,1.0,5.0,True,True,both_pass,Scenario C fixed
0.43999999999999995,0.3,0.33499999999999996,0.4800000000000004,1.0,5.0,True,True,both_pass,Scenario C fixed
0.43999999999999995,0.3,0.33999999999999997,0.4800000000000004,1.0,5.0,True,True,both_pass,Scenario C fixed
0.43999999999999995,0.3,0.345,0.4800000000000004,1.0,5.0,True,True,both_pass,Scenario C fixed
0.43999999999999995,0.3,0.35,0.4800000000000004,1.0,5.0,True,True,both_pass,Scenario C fixed
0.44999999999999996,0.3,0.04,0.40000000000000036,0.19,1.95,True,False,demand_only,Scenario C fixed
0.44999999999999996,0.3,0.045,0.40000000000000036,0.20500000000000002,2.0250000000000004,True,False,demand_only,Scenario C fixed
0.44999999999999996,0.3,0.05,0.40000000000000036,0.22000000000000003,2.1,True,False,demand_only,Scenario C fixed
0.44999999999999996,0.3,0.055,0.40000000000000036,0.23500000000000001,2.175,True,False,demand_only,Scenario C fixed
0.44999999999999996,0.3,0.06,0.40000000000000036,0.25,2.25,True,False,demand_only,Scenario C fixed
0.44999999999999996,0.3,0.065,0.40000000000000036,0.265,2.325,True,False,demand_only,Scenario C fixed
0.44999999999999996,0.3,0.07,0.40000000000000036,0.28,2.4000000000000004,True,False,demand_only,Scenario C fixed
0.44999999999999996,0.3,0.07500000000000001,0.40000000000000036,0.29500000000000004,2.475,True,False,demand_only,Scenario C fixed
0.44999999999999996,0.3,0.08,0.40000000000000036,0.31,2.55,True,False,demand_only,Scenario C fixed
0.44999999999999996,0.3,0.08499999999999999,0.40000000000000036,0.325,2.625,True,False,demand_only,Scenario C fixed
0.44999999999999996,0.3,0.09,0.40000000000000036,0.34,2.7,True,False,demand_only,Scenario C fixed
0.44999999999999996,0.3,0.095,0.40000000000000036,0.35500000000000004,2.7750000000000004,True,False,demand_only,Scenario C fixed
0.44999999999999996,0.3,0.1,0.40000000000000036,0.37000000000000005,2.8500000000000005,True,False,demand_only,Scenario C fixed
0.44999999999999996,0.3,0.10500000000000001,0.40000000000000036,0.38500000000000006,2.9250000000000003,True,False,demand_only,Scenario C fixed
0.44999999999999996,0.3,0.11000000000000001,0.40000000000000036,0.4000000000000001,3.0000000000000004,True,False,demand_only,Scenario C fixed
0.44999999999999996,0.3,0.11499999999999999,0.40000000000000036,0.415,3.0749999999999997,True,False,demand_only,Scenario C fixed
0.44999999999999996,0.3,0.12,0.40000000000000036,0.43,3.15,True,False,demand_only,Scenario C fixed
0.44999999999999996,0.3,0.125,0.40000000000000036,0.445,3.225,True,False,demand_only,Scenario C fixed
0.44999999999999996,0.3,0.13,0.40000000000000036,0.46,3.3000000000000003,True,False,demand_only,Scenario C fixed
0.44999999999999996,0.3,0.135,0.40000000000000036,0.47500000000000003,3.375,True,False,demand_only,Scenario C fixed
0.44999999999999996,0.3,0.14,0.40000000000000036,0.49000000000000005,3.45,True,False,demand_only,Scenario C fixed
0.44999999999999996,0.3,0.145,0.40000000000000036,0.5049999999999999,3.5249999999999995,True,False,demand_only,Scenario C fixed
0.44999999999999996,0.3,0.15,0.40000000000000036,0.52,3.6,True,False,demand_only,Scenario C fixed
0.44999999999999996,0.3,0.155,0.40000000000000036,0.5349999999999999,3.675,True,False,demand_only,Scenario C fixed
0.44999999999999996,0.3,0.16,0.40000000000000036,0.55,3.75,True,False,demand_only,Scenario C fixed
0.44999999999999996,0.3,0.165,0.40000000000000036,0.565,3.8249999999999997,True,False,demand_only,Scenario C fixed
0.44999999999999996,0.3,0.17,0.40000000000000036,0.5800000000000001,3.9000000000000004,True,False,demand_only,Scenario C fixed
0.44999999999999996,0.3,0.17500000000000002,0.40000000000000036,0.595,3.9749999999999996,True,False,demand_only,Scenario C fixed
0.44999999999999996,0.3,0.18000000000000002,0.40000000000000036,0.6100000000000001,4.050000000000001,True,False,demand_only,Scenario C fixed
0.44999999999999996,0.3,0.185,0.40000000000000036,0.625,4.125,True,False,demand_only,Scenario C fixed
0.44999999999999996,0.3,0.19,0.40000000000000036,0.6400000000000001,4.200000000000001,True,False,demand_only,Scenario C fixed
0.44999999999999996,0.3,0.195,0.40000000000000036,0.655,4.275,True,False,demand_only,Scenario C fixed
0.44999999999999996,0.3,0.2,0.40000000000000036,0.6700000000000002,4.3500000000000005,True,False,demand_only,Scenario C fixed
0.44999999999999996,0.3,0.20500000000000002,0.40000000000000036,0.685,4.425000000000001,True,False,demand_only,Scenario C fixed
0.44999999999999996,0.3,0.21000000000000002,0.40000000000000036,0.7000000000000002,4.500000000000001,True,False,demand_only,Scenario C fixed
0.44999999999999996,0.3,0.21500000000000002,0.40000000000000036,0.7150000000000001,4.575,True,False,demand_only,Scenario C fixed
0.44999999999999996,0.3,0.22,0.40000000000000036,0.73,4.65,True,False,demand_only,Scenario C fixed
0.44999999999999996,0.3,0.225,0.40000000000000036,0.7450000000000001,4.7250000000000005,True,False,demand_only,Scenario C fixed
0.44999999999999996,0.3,0.23,0.40000000000000036,0.76,4.8,True,False,demand_only,Scenario C fixed
0.44999999999999996,0.3,0.23500000000000001,0.40000000000000036,0.7750000000000001,4.875000000000001,True,False,demand_only,Scenario C fixed
0.44999999999999996,0.3,0.24000000000000002,0.40000000000000036,0.79,4.95,True,False,demand_only,Scenario C fixed
0.44999999999999996,0.3,0.24500000000000002,0.40000000000000036,0.8050000000000002,5.0,True,True,both_pass,Scenario C fixed
0.44999999999999996,0.3,0.25,0.40000000000000036,0.8200000000000001,5.0,True,True,both_pass,Scenario C fixed
0.44999999999999996,0.3,0.255,0.40000000000000036,0.835,5.0,True,True,both_pass,Scenario C fixed
0.44999999999999996,0.3,0.26,0.40000000000000036,0.8500000000000001,5.0,True,True,both_pass,Scenario C fixed
0.44999999999999996,0.3,0.265,0.40000000000000036,0.865,5.0,True,True,both_pass,Scenario C fixed
0.44999999999999996,0.3,0.27,0.40000000000000036,0.8800000000000001,5.0,True,True,both_pass,Scenario C fixed
0.44999999999999996,0.3,0.275,0.40000000000000036,0.895,5.0,True,True,both_pass,Scenario C fixed
0.44999999999999996,0.3,0.27999999999999997,0.40000000000000036,0.9099999999999999,5.0,True,True,both_pass,Scenario C fixed
0.44999999999999996,0.3,0.285,0.40000000000000036,0.925,5.0,True,True,both_pass,Scenario C fixed
0.44999999999999996,0.3,0.29,0.40000000000000036,0.94,5.0,True,True,both_pass,Scenario C fixed
0.44999999999999996,0.3,0.295,0.40000000000000036,0.9550000000000001,5.0,True,True,both_pass,Scenario C fixed
0.44999999999999996,0.3,0.3,0.40000000000000036,0.97,5.0,True,True,both_pass,Scenario C fixed
0.44999999999999996,0.3,0.305,0.40000000000000036,0.9850000000000001,5.0,True,True,both_pass,Scenario C fixed
0.44999999999999996,0.3,0.31,0.40000000000000036,1.0,5.0,True,True,both_pass,Scenario C fixed
0.44999999999999996,0.3,0.315,0.40000000000000036,1.0,5.0,True,True,both_pass,Scenario C fixed
0.44999999999999996,0.3,0.32,0.40000000000000036,1.0,5.0,True,True,both_pass,Scenario C fixed
0.44999999999999996,0.3,0.325,0.40000000000000036,1.0,5.0,True,True,both_pass,Scenario C fixed
0.44999999999999996,0.3,0.32999999999999996,0.40000000000000036,1.0,5.0,True,True,both_pass,Scenario C fixed
0.44999999999999996,0.3,0.33499999999999996,0.40000000000000036,1.0,5.0,True,True,both_pass,Scenario C fixed
0.44999999999999996,0.3,0.33999999999999997,0.40000000000000036,1.0,5.0,True,True,both_pass,Scenario C fixed
0.44999999999999996,0.3,0.345,0.40000000000000036,1.0,5.0,True,True,both_pass,Scenario C fixed
0.44999999999999996,0.3,0.35,0.40000000000000036,1.0,5.0,True,True,both_pass,Scenario C fixed
0.45999999999999996,0.3,0.04,0.3200000000000003,0.19,1.95,True,False,demand_only,Scenario C fixed
0.45999999999999996,0.3,0.045,0.3200000000000003,0.20500000000000002,2.0250000000000004,True,False,demand_only,Scenario C fixed
0.45999999999999996,0.3,0.05,0.3200000000000003,0.22000000000000003,2.1,True,False,demand_only,Scenario C fixed
0.45999999999999996,0.3,0.055,0.3200000000000003,0.23500000000000001,2.175,True,False,demand_only,Scenario C fixed
0.45999999999999996,0.3,0.06,0.3200000000000003,0.25,2.25,True,False,demand_only,Scenario C fixed
0.45999999999999996,0.3,0.065,0.3200000000000003,0.265,2.325,True,False,demand_only,Scenario C fixed
0.45999999999999996,0.3,0.07,0.3200000000000003,0.28,2.4000000000000004,True,False,demand_only,Scenario C fixed
0.45999999999999996,0.3,0.07500000000000001,0.3200000000000003,0.29500000000000004,2.475,True,False,demand_only,Scenario C fixed
0.45999999999999996,0.3,0.08,0.3200000000000003,0.31,2.55,True,False,demand_only,Scenario C fixed
0.45999999999999996,0.3,0.08499999999999999,0.3200000000000003,0.325,2.625,True,False,demand_only,Scenario C fixed
0.45999999999999996,0.3,0.09,0.3200000000000003,0.34,2.7,True,False,demand_only,Scenario C fixed
0.45999999999999996,0.3,0.095,0.3200000000000003,0.35500000000000004,2.7750000000000004,True,False,demand_only,Scenario C fixed
0.45999999999999996,0.3,0.1,0.3200000000000003,0.37000000000000005,2.8500000000000005,True,False,demand_only,Scenario C fixed
0.45999999999999996,0.3,0.10500000000000001,0.3200000000000003,0.38500000000000006,2.9250000000000003,True,False,demand_only,Scenario C fixed
0.45999999999999996,0.3,0.11000000000000001,0.3200000000000003,0.4000000000000001,3.0000000000000004,True,False,demand_only,Scenario C fixed
0.45999999999999996,0.3,0.11499999999999999,0.3200000000000003,0.415,3.0749999999999997,True,False,demand_only,Scenario C fixed
0.45999999999999996,0.3,0.12,0.3200000000000003,0.43,3.15,True,False,demand_only,Scenario C fixed
0.45999999999999996,0.3,0.125,0.3200000000000003,0.445,3.225,True,False,demand_only,Scenario C fixed
0.45999999999999996,0.3,0.13,0.3200000000000003,0.46,3.3000000000000003,True,False,demand_only,Scenario C fixed
0.45999999999999996,0.3,0.135,0.3200000000000003,0.47500000000000003,3.375,True,False,demand_only,Scenario C fixed
0.45999999999999996,0.3,0.14,0.3200000000000003,0.49000000000000005,3.45,True,False,demand_only,Scenario C fixed
0.45999999999999996,0.3,0.145,0.3200000000000003,0.5049999999999999,3.5249999999999995,True,False,demand_only,Scenario C fixed
0.45999999999999996,0.3,0.15,0.3200000000000003,0.52,3.6,True,False,demand_only,Scenario C fixed
0.45999999999999996,0.3,0.155,0.3200000000000003,0.5349999999999999,3.675,True,False,demand_only,Scenario C fixed
0.45999999999999996,0.3,0.16,0.3200000000000003,0.55,3.75,True,False,demand_only,Scenario C fixed
0.45999999999999996,0.3,0.165,0.3200000000000003,0.565,3.8249999999999997,True,False,demand_only,Scenario C fixed
0.45999999999999996,0.3,0.17,0.3200000000000003,0.5800000000000001,3.9000000000000004,True,False,demand_only,Scenario C fixed
0.45999999999999996,0.3,0.17500000000000002,0.3200000000000003,0.595,3.9749999999999996,True,False,demand_only,Scenario C fixed
0.45999999999999996,0.3,0.18000000000000002,0.3200000000000003,0.6100000000000001,4.050000000000001,True,False,demand_only,Scenario C fixed
0.45999999999999996,0.3,0.185,0.3200000000000003,0.625,4.125,True,False,demand_only,Scenario C fixed
0.45999999999999996,0.3,0.19,0.3200000000000003,0.6400000000000001,4.200000000000001,True,False,demand_only,Scenario C fixed
0.45999999999999996,0.3,0.195,0.3200000000000003,0.655,4.275,True,False,demand_only,Scenario C fixed
0.45999999999999996,0.3,0.2,0.3200000000000003,0.6700000000000002,4.3500000000000005,True,False,demand_only,Scenario C fixed
0.45999999999999996,0.3,0.20500000000000002,0.3200000000000003,0.685,4.425000000000001,True,False,demand_only,Scenario C fixed
0.45999999999999996,0.3,0.21000000000000002,0.3200000000000003,0.7000000000000002,4.500000000000001,True,False,demand_only,Scenario C fixed
0.45999999999999996,0.3,0.21500000000000002,0.3200000000000003,0.7150000000000001,4.575,True,False,demand_only,Scenario C fixed
0.45999999999999996,0.3,0.22,0.3200000000000003,0.73,4.65,True,False,demand_only,Scenario C fixed
0.45999999999999996,0.3,0.225,0.3200000000000003,0.7450000000000001,4.7250000000000005,True,False,demand_only,Scenario C fixed
0.45999999999999996,0.3,0.23,0.3200000000000003,0.76,4.8,True,False,demand_only,Scenario C fixed
0.45999999999999996,0.3,0.23500000000000001,0.3200000000000003,0.7750000000000001,4.875000000000001,True,False,demand_only,Scenario C fixed
0.45999999999999996,0.3,0.24000000000000002,0.3200000000000003,0.79,4.95,True,False,demand_only,Scenario C fixed
0.45999999999999996,0.3,0.24500000000000002,0.3200000000000003,0.8050000000000002,5.0,True,True,both_pass,Scenario C fixed
0.45999999999999996,0.3,0.25,0.3200000000000003,0.8200000000000001,5.0,True,True,both_pass,Scenario C fixed
0.45999999999999996,0.3,0.255,0.3200000000000003,0.835,5.0,True,True,both_pass,Scenario C fixed
0.45999999999999996,0.3,0.26,0.3200000000000003,0.8500000000000001,5.0,True,True,both_pass,Scenario C fixed
0.45999999999999996,0.3,0.265,0.3200000000000003,0.865,5.0,True,True,both_pass,Scenario C fixed
0.45999999999999996,0.3,0.27,0.3200000000000003,0.8800000000000001,5.0,True,True,both_pass,Scenario C fixed
0.45999999999999996,0.3,0.275,0.3200000000000003,0.895,5.0,True,True,both_pass,Scenario C fixed
0.45999999999999996,0.3,0.27999999999999997,0.3200000000000003,0.9099999999999999,5.0,True,True,both_pass,Scenario C fixed
0.45999999999999996,0.3,0.285,0.3200000000000003,0.925,5.0,True,True,both_pass,Scenario C fixed
0.45999999999999996,0.3,0.29,0.3200000000000003,0.94,5.0,True,True,both_pass,Scenario C fixed
0.45999999999999996,0.3,0.295,0.3200000000000003,0.9550000000000001,5.0,True,True,both_pass,Scenario C fixed
0.45999999999999996,0.3,0.3,0.3200000000000003,0.97,5.0,True,True,both_pass,Scenario C fixed
0.45999999999999996,0.3,0.305,0.3200000000000003,0.9850000000000001,5.0,True,True,both_pass,Scenario C fixed
0.45999999999999996,0.3,0.31,0.3200000000000003,1.0,5.0,True,True,both_pass,Scenario C fixed
0.45999999999999996,0.3,0.315,0.3200000000000003,1.0,5.0,True,True,both_pass,Scenario C fixed
0.45999999999999996,0.3,0.32,0.3200000000000003,1.0,5.0,True,True,both_pass,Scenario C fixed
0.45999999999999996,0.3,0.325,0.3200000000000003,1.0,5.0,True,True,both_pass,Scenario C fixed
0.45999999999999996,0.3,0.32999999999999996,0.3200000000000003,1.0,5.0,True,True,both_pass,Scenario C fixed
0.45999999999999996,0.3,0.33499999999999996,0.3200000000000003,1.0,5.0,True,True,both_pass,Scenario C fixed
0.45999999999999996,0.3,0.33999999999999997,0.3200000000000003,1.0,5.0,True,True,both_pass,Scenario C fixed
0.45999999999999996,0.3,0.345,0.3200000000000003,1.0,5.0,True,True,both_pass,Scenario C fixed
0.45999999999999996,0.3,0.35,0.3200000000000003,1.0,5.0,True,True,both_pass,Scenario C fixed
0.47,0.3,0.04,0.2400000000000002,0.19,1.95,True,False,demand_only,Scenario C fixed
0.47,0.3,0.045,0.2400000000000002,0.20500000000000002,2.0250000000000004,True,False,demand_only,Scenario C fixed
0.47,0.3,0.05,0.2400000000000002,0.22000000000000003,2.1,True,False,demand_only,Scenario C fixed
0.47,0.3,0.055,0.2400000000000002,0.23500000000000001,2.175,True,False,demand_only,Scenario C fixed
0.47,0.3,0.06,0.2400000000000002,0.25,2.25,True,False,demand_only,Scenario C fixed
0.47,0.3,0.065,0.2400000000000002,0.265,2.325,True,False,demand_only,Scenario C fixed
0.47,0.3,0.07,0.2400000000000002,0.28,2.4000000000000004,True,False,demand_only,Scenario C fixed
0.47,0.3,0.07500000000000001,0.2400000000000002,0.29500000000000004,2.475,True,False,demand_only,Scenario C fixed
0.47,0.3,0.08,0.2400000000000002,0.31,2.55,True,False,demand_only,Scenario C fixed
0.47,0.3,0.08499999999999999,0.2400000000000002,0.325,2.625,True,False,demand_only,Scenario C fixed
0.47,0.3,0.09,0.2400000000000002,0.34,2.7,True,False,demand_only,Scenario C fixed
0.47,0.3,0.095,0.2400000000000002,0.35500000000000004,2.7750000000000004,True,False,demand_only,Scenario C fixed
0.47,0.3,0.1,0.2400000000000002,0.37000000000000005,2.8500000000000005,True,False,demand_only,Scenario C fixed
0.47,0.3,0.10500000000000001,0.2400000000000002,0.38500000000000006,2.9250000000000003,True,False,demand_only,Scenario C fixed
0.47,0.3,0.11000000000000001,0.2400000000000002,0.4000000000000001,3.0000000000000004,True,False,demand_only,Scenario C fixed
0.47,0.3,0.11499999999999999,0.2400000000000002,0.415,3.0749999999999997,True,False,demand_only,Scenario C fixed
0.47,0.3,0.12,0.2400000000000002,0.43,3.15,True,False,demand_only,Scenario C fixed
0.47,0.3,0.125,0.2400000000000002,0.445,3.225,True,False,demand_only,Scenario C fixed
0.47,0.3,0.13,0.2400000000000002,0.46,3.3000000000000003,True,False,demand_only,Scenario C fixed
0.47,0.3,0.135,0.2400000000000002,0.47500000000000003,3.375,True,False,demand_only,Scenario C fixed
0.47,0.3,0.14,0.2400000000000002,0.49000000000000005,3.45,True,False,demand_only,Scenario C fixed
0.47,0.3,0.145,0.2400000000000002,0.5049999999999999,3.5249999999999995,True,False,demand_only,Scenario C fixed
0.47,0.3,0.15,0.2400000000000002,0.52,3.6,True,False,demand_only,Scenario C fixed
0.47,0.3,0.155,0.2400000000000002,0.5349999999999999,3.675,True,False,demand_only,Scenario C fixed
0.47,0.3,0.16,0.2400000000000002,0.55,3.75,True,False,demand_only,Scenario C fixed
0.47,0.3,0.165,0.2400000000000002,0.565,3.8249999999999997,True,False,demand_only,Scenario C fixed
0.47,0.3,0.17,0.2400000000000002,0.5800000000000001,3.9000000000000004,True,False,demand_only,Scenario C fixed
0.47,0.3,0.17500000000000002,0.2400000000000002,0.595,3.9749999999999996,True,False,demand_only,Scenario C fixed
0.47,0.3,0.18000000000000002,0.2400000000000002,0.6100000000000001,4.050000000000001,True,False,demand_only,Scenario C fixed
0.47,0.3,0.185,0.2400000000000002,0.625,4.125,True,False,demand_only,Scenario C fixed
0.47,0.3,0.19,0.2400000000000002,0.6400000000000001,4.200000000000001,True,False,demand_only,Scenario C fixed
0.47,0.3,0.195,0.2400000000000002,0.655,4.275,True,False,demand_only,Scenario C fixed
0.47,0.3,0.2,0.2400000000000002,0.6700000000000002,4.3500000000000005,True,False,demand_only,Scenario C fixed
0.47,0.3,0.20500000000000002,0.2400000000000002,0.685,4.425000000000001,True,False,demand_only,Scenario C fixed
0.47,0.3,0.21000000000000002,0.2400000000000002,0.7000000000000002,4.500000000000001,True,False,demand_only,Scenario C fixed
0.47,0.3,0.21500000000000002,0.2400000000000002,0.7150000000000001,4.575,True,False,demand_only,Scenario C fixed
0.47,0.3,0.22,0.2400000000000002,0.73,4.65,True,False,demand_only,Scenario C fixed
0.47,0.3,0.225,0.2400000000000002,0.7450000000000001,4.7250000000000005,True,False,demand_only,Scenario C fixed
0.47,0.3,0.23,0.2400000000000002,0.76,4.8,True,False,demand_only,Scenario C fixed
0.47,0.3,0.23500000000000001,0.2400000000000002,0.7750000000000001,4.875000000000001,True,False,demand_only,Scenario C fixed
0.47,0.3,0.24000000000000002,0.2400000000000002,0.79,4.95,True,False,demand_only,Scenario C fixed
0.47,0.3,0.24500000000000002,0.2400000000000002,0.8050000000000002,5.0,True,True,both_pass,Scenario C fixed
0.47,0.3,0.25,0.2400000000000002,0.8200000000000001,5.0,True,True,both_pass,Scenario C fixed
0.47,0.3,0.255,0.2400000000000002,0.835,5.0,True,True,both_pass,Scenario C fixed
0.47,0.3,0.26,0.2400000000000002,0.8500000000000001,5.0,True,True,both_pass,Scenario C fixed
0.47,0.3,0.265,0.2400000000000002,0.865,5.0,True,True,both_pass,Scenario C fixed
0.47,0.3,0.27,0.2400000000000002,0.8800000000000001,5.0,True,True,both_pass,Scenario C fixed
0.47,0.3,0.275,0.2400000000000002,0.895,5.0,True,True,both_pass,Scenario C fixed
0.47,0.3,0.27999999999999997,0.2400000000000002,0.9099999999999999,5.0,True,True,both_pass,Scenario C fixed
0.47,0.3,0.285,0.2400000000000002,0.925,5.0,True,True,both_pass,Scenario C fixed
0.47,0.3,0.29,0.2400000000000002,0.94,5.0,True,True,both_pass,Scenario C fixed
0.47,0.3,0.295,0.2400000000000002,0.9550000000000001,5.0,True,True,both_pass,Scenario C fixed
0.47,0.3,0.3,0.2400000000000002,0.97,5.0,True,True,both_pass,Scenario C fixed
0.47,0.3,0.305,0.2400000000000002,0.9850000000000001,5.0,True,True,both_pass,Scenario C fixed
0.47,0.3,0.31,0.2400000000000002,1.0,5.0,True,True,both_pass,Scenario C fixed
0.47,0.3,0.315,0.2400000000000002,1.0,5.0,True,True,both_pass,Scenario C fixed
0.47,0.3,0.32,0.2400000000000002,1.0,5.0,True,True,both_pass,Scenario C fixed
0.47,0.3,0.325,0.2400000000000002,1.0,5.0,True,True,both_pass,Scenario C fixed
0.47,0.3,0.32999999999999996,0.2400000000000002,1.0,5.0,True,True,both_pass,Scenario C fixed
0.47,0.3,0.33499999999999996,0.2400000000000002,1.0,5.0,True,True,both_pass,Scenario C fixed
0.47,0.3,0.33999999999999997,0.2400000000000002,1.0,5.0,True,True,both_pass,Scenario C fixed
0.47,0.3,0.345,0.2400000000000002,1.0,5.0,True,True,both_pass,Scenario C fixed
0.47,0.3,0.35,0.2400000000000002,1.0,5.0,True,True,both_pass,Scenario C fixed
0.48,0.3,0.04,0.16000000000000014,0.19,1.95,True,False,demand_only,Scenario C fixed
0.48,0.3,0.045,0.16000000000000014,0.20500000000000002,2.0250000000000004,True,False,demand_only,Scenario C fixed
0.48,0.3,0.05,0.16000000000000014,0.22000000000000003,2.1,True,False,demand_only,Scenario C fixed
0.48,0.3,0.055,0.16000000000000014,0.23500000000000001,2.175,True,False,demand_only,Scenario C fixed
0.48,0.3,0.06,0.16000000000000014,0.25,2.25,True,False,demand_only,Scenario C fixed
0.48,0.3,0.065,0.16000000000000014,0.265,2.325,True,False,demand_only,Scenario C fixed
0.48,0.3,0.07,0.16000000000000014,0.28,2.4000000000000004,True,False,demand_only,Scenario C fixed
0.48,0.3,0.07500000000000001,0.16000000000000014,0.29500000000000004,2.475,True,False,demand_only,Scenario C fixed
0.48,0.3,0.08,0.16000000000000014,0.31,2.55,True,False,demand_only,Scenario C fixed
0.48,0.3,0.08499999999999999,0.16000000000000014,0.325,2.625,True,False,demand_only,Scenario C fixed
0.48,0.3,0.09,0.16000000000000014,0.34,2.7,True,False,demand_only,Scenario C fixed
0.48,0.3,0.095,0.16000000000000014,0.35500000000000004,2.7750000000000004,True,False,demand_only,Scenario C fixed
0.48,0.3,0.1,0.16000000000000014,0.37000000000000005,2.8500000000000005,True,False,demand_only,Scenario C fixed
0.48,0.3,0.10500000000000001,0.16000000000000014,0.38500000000000006,2.9250000000000003,True,False,demand_only,Scenario C fixed
0.48,0.3,0.11000000000000001,0.16000000000000014,0.4000000000000001,3.0000000000000004,True,False,demand_only,Scenario C fixed
0.48,0.3,0.11499999999999999,0.16000000000000014,0.415,3.0749999999999997,True,False,demand_only,Scenario C fixed
0.48,0.3,0.12,0.16000000000000014,0.43,3.15,True,False,demand_only,Scenario C fixed
0.48,0.3,0.125,0.16000000000000014,0.445,3.225,True,False,demand_only,Scenario C fixed
0.48,0.3,0.13,0.16000000000000014,0.46,3.3000000000000003,True,False,demand_only,Scenario C fixed
0.48,0.3,0.135,0.16000000000000014,0.47500000000000003,3.375,True,False,demand_only,Scenario C fixed
0.48,0.3,0.14,0.16000000000000014,0.49000000000000005,3.45,True,False,demand_only,Scenario C fixed
0.48,0.3,0.145,0.16000000000000014,0.5049999999999999,3.5249999999999995,True,False,demand_only,Scenario C fixed
0.48,0.3,0.15,0.16000000000000014,0.52,3.6,True,False,demand_only,Scenario C fixed
0.48,0.3,0.155,0.16000000000000014,0.5349999999999999,3.675,True,False,demand_only,Scenario C fixed
0.48,0.3,0.16,0.16000000000000014,0.55,3.75,True,False,demand_only,Scenario C fixed
0.48,0.3,0.165,0.16000000000000014,0.565,3.8249999999999997,True,False,demand_only,Scenario C fixed
0.48,0.3,0.17,0.16000000000000014,0.5800000000000001,3.9000000000000004,True,False,demand_only,Scenario C fixed
0.48,0.3,0.17500000000000002,0.16000000000000014,0.595,3.9749999999999996,True,False,demand_only,Scenario C fixed
0.48,0.3,0.18000000000000002,0.16000000000000014,0.6100000000000001,4.050000000000001,True,False,demand_only,Scenario C fixed
0.48,0.3,0.185,0.16000000000000014,0.625,4.125,True,False,demand_only,Scenario C fixed
0.48,0.3,0.19,0.16000000000000014,0.6400000000000001,4.200000000000001,True,False,demand_only,Scenario C fixed
0.48,0.3,0.195,0.16000000000000014,0.655,4.275,True,False,demand_only,Scenario C fixed
0.48,0.3,0.2,0.16000000000000014,0.6700000000000002,4.3500000000000005,True,False,demand_only,Scenario C fixed
0.48,0.3,0.20500000000000002,0.16000000000000014,0.685,4.425000000000001,True,False,demand_only,Scenario C fixed
0.48,0.3,0.21000000000000002,0.16000000000000014,0.7000000000000002,4.500000000000001,True,False,demand_only,Scenario C fixed
0.48,0.3,0.21500000000000002,0.16000000000000014,0.7150000000000001,4.575,True,False,demand_only,Scenario C fixed
0.48,0.3,0.22,0.16000000000000014,0.73,4.65,True,False,demand_only,Scenario C fixed
0.48,0.3,0.225,0.16000000000000014,0.7450000000000001,4.7250000000000005,True,False,demand_only,Scenario C fixed
0.48,0.3,0.23,0.16000000000000014,0.76,4.8,True,False,demand_only,Scenario C fixed
0.48,0.3,0.23500000000000001,0.16000000000000014,0.7750000000000001,4.875000000000001,True,False,demand_only,Scenario C fixed
0.48,0.3,0.24000000000000002,0.16000000000000014,0.79,4.95,True,False,demand_only,Scenario C fixed
0.48,0.3,0.24500000000000002,0.16000000000000014,0.8050000000000002,5.0,True,True,both_pass,Scenario C fixed
0.48,0.3,0.25,0.16000000000000014,0.8200000000000001,5.0,True,True,both_pass,Scenario C fixed
0.48,0.3,0.255,0.16000000000000014,0.835,5.0,True,True,both_pass,Scenario C fixed
0.48,0.3,0.26,0.16000000000000014,0.8500000000000001,5.0,True,True,both_pass,Scenario C fixed
0.48,0.3,0.265,0.16000000000000014,0.865,5.0,True,True,both_pass,Scenario C fixed
0.48,0.3,0.27,0.16000000000000014,0.8800000000000001,5.0,True,True,both_pass,Scenario C fixed
0.48,0.3,0.275,0.16000000000000014,0.895,5.0,True,True,both_pass,Scenario C fixed
0.48,0.3,0.27999999999999997,0.16000000000000014,0.9099999999999999,5.0,True,True,both_pass,Scenario C fixed
0.48,0.3,0.285,0.16000000000000014,0.925,5.0,True,True,both_pass,Scenario C fixed
0.48,0.3,0.29,0.16000000000000014,0.94,5.0,True,True,both_pass,Scenario C fixed
0.48,0.3,0.295,0.16000000000000014,0.9550000000000001,5.0,True,True,both_pass,Scenario C fixed
0.48,0.3,0.3,0.16000000000000014,0.97,5.0,True,True,both_pass,Scenario C fixed
0.48,0.3,0.305,0.16000000000000014,0.9850000000000001,5.0,True,True,both_pass,Scenario C fixed
0.48,0.3,0.31,0.16000000000000014,1.0,5.0,True,True,both_pass,Scenario C fixed
0.48,0.3,0.315,0.16000000000000014,1.0,5.0,True,True,both_pass,Scenario C fixed
0.48,0.3,0.32,0.16000000000000014,1.0,5.0,True,True,both_pass,Scenario C fixed
0.48,0.3,0.325,0.16000000000000014,1.0,5.0,True,True,both_pass,Scenario C fixed
0.48,0.3,0.32999999999999996,0.16000000000000014,1.0,5.0,True,True,both_pass,Scenario C fixed
0.48,0.3,0.33499999999999996,0.16000000000000014,1.0,5.0,True,True,both_pass,Scenario C fixed
0.48,0.3,0.33999999999999997,0.16000000000000014,1.0,5.0,True,True,both_pass,Scenario C fixed
0.48,0.3,0.345,0.16000000000000014,1.0,5.0,True,True,both_pass,Scenario C fixed
0.48,0.3,0.35,0.16000000000000014,1.0,5.0,True,True,both_pass,Scenario C fixed
0.49,0.3,0.04,0.08000000000000007,0.19,1.95,True,False,demand_only,Scenario C fixed
0.49,0.3,0.045,0.08000000000000007,0.20500000000000002,2.0250000000000004,True,False,demand_only,Scenario C fixed
0.49,0.3,0.05,0.08000000000000007,0.22000000000000003,2.1,True,False,demand_only,Scenario C fixed
0.49,0.3,0.055,0.08000000000000007,0.23500000000000001,2.175,True,False,demand_only,Scenario C fixed
0.49,0.3,0.06,0.08000000000000007,0.25,2.25,True,False,demand_only,Scenario C fixed
0.49,0.3,0.065,0.08000000000000007,0.265,2.325,True,False,demand_only,Scenario C fixed
0.49,0.3,0.07,0.08000000000000007,0.28,2.4000000000000004,True,False,demand_only,Scenario C fixed
0.49,0.3,0.07500000000000001,0.08000000000000007,0.29500000000000004,2.475,True,False,demand_only,Scenario C fixed
0.49,0.3,0.08,0.08000000000000007,0.31,2.55,True,False,demand_only,Scenario C fixed
0.49,0.3,0.08499999999999999,0.08000000000000007,0.325,2.625,True,False,demand_only,Scenario C fixed
0.49,0.3,0.09,0.08000000000000007,0.34,2.7,True,False,demand_only,Scenario C fixed
0.49,0.3,0.095,0.08000000000000007,0.35500000000000004,2.7750000000000004,True,False,demand_only,Scenario C fixed
0.49,0.3,0.1,0.08000000000000007,0.37000000000000005,2.8500000000000005,True,False,demand_only,Scenario C fixed
0.49,0.3,0.10500000000000001,0.08000000000000007,0.38500000000000006,2.9250000000000003,True,False,demand_only,Scenario C fixed
0.49,0.3,0.11000000000000001,0.08000000000000007,0.4000000000000001,3.0000000000000004,True,False,demand_only,Scenario C fixed
0.49,0.3,0.11499999999999999,0.08000000000000007,0.415,3.0749999999999997,True,False,demand_only,Scenario C fixed
0.49,0.3,0.12,0.08000000000000007,0.43,3.15,True,False,demand_only,Scenario C fixed
0.49,0.3,0.125,0.08000000000000007,0.445,3.225,True,False,demand_only,Scenario C fixed
0.49,0.3,0.13,0.08000000000000007,0.46,3.3000000000000003,True,False,demand_only,Scenario C fixed
0.49,0.3,0.135,0.08000000000000007,0.47500000000000003,3.375,True,False,demand_only,Scenario C fixed
0.49,0.3,0.14,0.08000000000000007,0.49000000000000005,3.45,True,False,demand_only,Scenario C fixed
0.49,0.3,0.145,0.08000000000000007,0.5049999999999999,3.5249999999999995,True,False,demand_only,Scenario C fixed
0.49,0.3,0.15,0.08000000000000007,0.52,3.6,True,False,demand_only,Scenario C fixed
0.49,0.3,0.155,0.08000000000000007,0.5349999999999999,3.675,True,False,demand_only,Scenario C fixed
0.49,0.3,0.16,0.08000000000000007,0.55,3.75,True,False,demand_only,Scenario C fixed
0.49,0.3,0.165,0.08000000000000007,0.565,3.8249999999999997,True,False,demand_only,Scenario C fixed
0.49,0.3,0.17,0.08000000000000007,0.5800000000000001,3.9000000000000004,True,False,demand_only,Scenario C fixed
0.49,0.3,0.17500000000000002,0.08000000000000007,0.595,3.9749999999999996,True,False,demand_only,Scenario C fixed
0.49,0.3,0.18000000000000002,0.08000000000000007,0.6100000000000001,4.050000000000001,True,False,demand_only,Scenario C fixed
0.49,0.3,0.185,0.08000000000000007,0.625,4.125,True,False,demand_only,Scenario C fixed
0.49,0.3,0.19,0.08000000000000007,0.6400000000000001,4.200000000000001,True,False,demand_only,Scenario C fixed
0.49,0.3,0.195,0.08000000000000007,0.655,4.275,True,False,demand_only,Scenario C fixed
0.49,0.3,0.2,0.08000000000000007,0.6700000000000002,4.3500000000000005,True,False,demand_only,Scenario C fixed
0.49,0.3,0.20500000000000002,0.08000000000000007,0.685,4.425000000000001,True,False,demand_only,Scenario C fixed
0.49,0.3,0.21000000000000002,0.08000000000000007,0.7000000000000002,4.500000000000001,True,False,demand_only,Scenario C fixed
0.49,0.3,0.21500000000000002,0.08000000000000007,0.7150000000000001,4.575,True,False,demand_only,Scenario C fixed
0.49,0.3,0.22,0.08000000000000007,0.73,4.65,True,False,demand_only,Scenario C fixed
0.49,0.3,0.225,0.08000000000000007,0.7450000000000001,4.7250000000000005,True,False,demand_only,Scenario C fixed
0.49,0.3,0.23,0.08000000000000007,0.76,4.8,True,False,demand_only,Scenario C fixed
0.49,0.3,0.23500000000000001,0.08000000000000007,0.7750000000000001,4.875000000000001,True,False,demand_only,Scenario C fixed
0.49,0.3,0.24000000000000002,0.08000000000000007,0.79,4.95,True,False,demand_only,Scenario C fixed
0.49,0.3,0.24500000000000002,0.08000000000000007,0.8050000000000002,5.0,True,True,both_pass,Scenario C fixed
0.49,0.3,0.25,0.08000000000000007,0.8200000000000001,5.0,True,True,both_pass,Scenario C fixed
0.49,0.3,0.255,0.08000000000000007,0.835,5.0,True,True,both_pass,Scenario C fixed
0.49,0.3,0.26,0.08000000000000007,0.8500000000000001,5.0,True,True,both_pass,Scenario C fixed
0.49,0.3,0.265,0.08000000000000007,0.865,5.0,True,True,both_pass,Scenario C fixed
0.49,0.3,0.27,0.08000000000000007,0.8800000000000001,5.0,True,True,both_pass,Scenario C fixed
0.49,0.3,0.275,0.08000000000000007,0.895,5.0,True,True,both_pass,Scenario C fixed
0.49,0.3,0.27999999999999997,0.08000000000000007,0.9099999999999999,5.0,True,True,both_pass,Scenario C fixed
0.49,0.3,0.285,0.08000000000000007,0.925,5.0,True,True,both_pass,Scenario C fixed
0.49,0.3,0.29,0.08000000000000007,0.94,5.0,True,True,both_pass,Scenario C fixed
0.49,0.3,0.295,0.08000000000000007,0.9550000000000001,5.0,True,True,both_pass,Scenario C fixed
0.49,0.3,0.3,0.08000000000000007,0.97,5.0,True,True,both_pass,Scenario C fixed
0.49,0.3,0.305,0.08000000000000007,0.9850000000000001,5.0,True,True,both_pass,Scenario C fixed
0.49,0.3,0.31,0.08000000000000007,1.0,5.0,True,True,both_pass,Scenario C fixed
0.49,0.3,0.315,0.08000000000000007,1.0,5.0,True,True,both_pass,Scenario C fixed
0.49,0.3,0.32,0.08000000000000007,1.0,5.0,True,True,both_pass,Scenario C fixed
0.49,0.3,0.325,0.08000000000000007,1.0,5.0,True,True,both_pass,Scenario C fixed
0.49,0.3,0.32999999999999996,0.08000000000000007,1.0,5.0,True,True,both_pass,Scenario C fixed
0.49,0.3,0.33499999999999996,0.08000000000000007,1.0,5.0,True,True,both_pass,Scenario C fixed
0.49,0.3,0.33999999999999997,0.08000000000000007,1.0,5.0,True,True,both_pass,Scenario C fixed
0.49,0.3,0.345,0.08000000000000007,1.0,5.0,True,True,both_pass,Scenario C fixed
0.49,0.3,0.35,0.08000000000000007,1.0,5.0,True,True,both_pass,Scenario C fixed
0.5,0.3,0.04,0.0,0.19,1.95,True,False,demand_only,Scenario C fixed
0.5,0.3,0.045,0.0,0.20500000000000002,2.0250000000000004,True,False,demand_only,Scenario C fixed
0.5,0.3,0.05,0.0,0.22000000000000003,2.1,True,False,demand_only,Scenario C fixed
0.5,0.3,0.055,0.0,0.23500000000000001,2.175,True,False,demand_only,Scenario C fixed
0.5,0.3,0.06,0.0,0.25,2.25,True,False,demand_only,Scenario C fixed
0.5,0.3,0.065,0.0,0.265,2.325,True,False,demand_only,Scenario C fixed
0.5,0.3,0.07,0.0,0.28,2.4000000000000004,True,False,demand_only,Scenario C fixed
0.5,0.3,0.07500000000000001,0.0,0.29500000000000004,2.475,True,False,demand_only,Scenario C fixed
0.5,0.3,0.08,0.0,0.31,2.55,True,False,demand_only,Scenario C fixed
0.5,0.3,0.08499999999999999,0.0,0.325,2.625,True,False,demand_only,Scenario C fixed
0.5,0.3,0.09,0.0,0.34,2.7,True,False,demand_only,Scenario C fixed
0.5,0.3,0.095,0.0,0.35500000000000004,2.7750000000000004,True,False,demand_only,Scenario C fixed
0.5,0.3,0.1,0.0,0.37000000000000005,2.8500000000000005,True,False,demand_only,Scenario C fixed
0.5,0.3,0.10500000000000001,0.0,0.38500000000000006,2.9250000000000003,True,False,demand_only,Scenario C fixed
0.5,0.3,0.11000000000000001,0.0,0.4000000000000001,3.0000000000000004,True,False,demand_only,Scenario C fixed
0.5,0.3,0.11499999999999999,0.0,0.415,3.0749999999999997,True,False,demand_only,Scenario C fixed
0.5,0.3,0.12,0.0,0.43,3.15,True,False,demand_only,Scenario C fixed
0.5,0.3,0.125,0.0,0.445,3.225,True,False,demand_only,Scenario C fixed
0.5,0.3,0.13,0.0,0.46,3.3000000000000003,True,False,demand_only,Scenario C fixed
0.5,0.3,0.135,0.0,0.47500000000000003,3.375,True,False,demand_only,Scenario C fixed
0.5,0.3,0.14,0.0,0.49000000000000005,3.45,True,False,demand_only,Scenario C fixed
0.5,0.3,0.145,0.0,0.5049999999999999,3.5249999999999995,True,False,demand_only,Scenario C fixed
0.5,0.3,0.15,0.0,0.52,3.6,True,False,demand_only,Scenario C fixed
0.5,0.3,0.155,0.0,0.5349999999999999,3.675,True,False,demand_only,Scenario C fixed
0.5,0.3,0.16,0.0,0.55,3.75,True,False,demand_only,Scenario C fixed
0.5,0.3,0.165,0.0,0.565,3.8249999999999997,True,False,demand_only,Scenario C fixed
0.5,0.3,0.17,0.0,0.5800000000000001,3.9000000000000004,True,False,demand_only,Scenario C fixed
0.5,0.3,0.17500000000000002,0.0,0.595,3.9749999999999996,True,False,demand_only,Scenario C fixed
0.5,0.3,0.18000000000000002,0.0,0.6100000000000001,4.050000000000001,True,False,demand_only,Scenario C fixed
0.5,0.3,0.185,0.0,0.625,4.125,True,False,demand_only,Scenario C fixed
0.5,0.3,0.19,0.0,0.6400000000000001,4.200000000000001,True,False,demand_only,Scenario C fixed
0.5,0.3,0.195,0.0,0.655,4.275,True,False,demand_only,Scenario C fixed
0.5,0.3,0.2,0.0,0.6700000000000002,4.3500000000000005,True,False,demand_only,Scenario C fixed
0.5,0.3,0.20500000000000002,0.0,0.685,4.425000000000001,True,False,demand_only,Scenario C fixed
0.5,0.3,0.21000000000000002,0.0,0.7000000000000002,4.500000000000001,True,False,demand_only,Scenario C fixed
0.5,0.3,0.21500000000000002,0.0,0.7150000000000001,4.575,True,False,demand_only,Scenario C fixed
0.5,0.3,0.22,0.0,0.73,4.65,True,False,demand_only,Scenario C fixed
0.5,0.3,0.225,0.0,0.7450000000000001,4.7250000000000005,True,False,demand_only,Scenario C fixed
0.5,0.3,0.23,0.0,0.76,4.8,True,False,demand_only,Scenario C fixed
0.5,0.3,0.23500000000000001,0.0,0.7750000000000001,4.875000000000001,True,False,demand_only,Scenario C fixed
0.5,0.3,0.24000000000000002,0.0,0.79,4.95,True,False,demand_only,Scenario C fixed
0.5,0.3,0.24500000000000002,0.0,0.8050000000000002,5.0,True,True,both_pass,Scenario C fixed
0.5,0.3,0.25,0.0,0.8200000000000001,5.0,True,True,both_pass,Scenario C fixed
0.5,0.3,0.255,0.0,0.835,5.0,True,True,both_pass,Scenario C fixed
0.5,0.3,0.26,0.0,0.8500000000000001,5.0,True,True,both_pass,Scenario C fixed
0.5,0.3,0.265,0.0,0.865,5.0,True,True,both_pass,Scenario C fixed
0.5,0.3,0.27,0.0,0.8800000000000001,5.0,True,True,both_pass,Scenario C fixed
0.5,0.3,0.275,0.0,0.895,5.0,True,True,both_pass,Scenario C fixed
0.5,0.3,0.27999999999999997,0.0,0.9099999999999999,5.0,True,True,both_pass,Scenario C fixed
0.5,0.3,0.285,0.0,0.925,5.0,True,True,both_pass,Scenario C fixed
0.5,0.3,0.29,0.0,0.94,5.0,True,True,both_pass,Scenario C fixed
0.5,0.3,0.295,0.0,0.9550000000000001,5.0,True,True,both_pass,Scenario C fixed
0.5,0.3,0.3,0.0,0.97,5.0,True,True,both_pass,Scenario C fixed
0.5,0.3,0.305,0.0,0.9850000000000001,5.0,True,True,both_pass,Scenario C fixed
0.5,0.3,0.31,0.0,1.0,5.0,True,True,both_pass,Scenario C fixed
0.5,0.3,0.315,0.0,1.0,5.0,True,True,both_pass,Scenario C fixed
0.5,0.3,0.32,0.0,1.0,5.0,True,True,both_pass,Scenario C fixed
0.5,0.3,0.325,0.0,1.0,5.0,True,True,both_pass,Scenario C fixed
0.5,0.3,0.32999999999999996,0.0,1.0,5.0,True,True,both_pass,Scenario C fixed
0.5,0.3,0.33499999999999996,0.0,1.0,5.0,True,True,both_pass,Scenario C fixed
0.5,0.3,0.33999999999999997,0.0,1.0,5.0,True,True,both_pass,Scenario C fixed
0.5,0.3,0.345,0.0,1.0,5.0,True,True,both_pass,Scenario C fixed
0.5,0.3,0.35,0.0,1.0,5.0,True,True,both_pass,Scenario C fixed
0.51,0.3,0.04,-0.08000000000000007,0.19,1.95,False,False,neither,Scenario C fixed
0.51,0.3,0.045,-0.08000000000000007,0.20500000000000002,2.0250000000000004,False,False,neither,Scenario C fixed
0.51,0.3,0.05,-0.08000000000000007,0.22000000000000003,2.1,False,False,neither,Scenario C fixed
0.51,0.3,0.055,-0.08000000000000007,0.23500000000000001,2.175,False,False,neither,Scenario C fixed
0.51,0.3,0.06,-0.08000000000000007,0.25,2.25,False,False,neither,Scenario C fixed
0.51,0.3,0.065,-0.08000000000000007,0.265,2.325,False,False,neither,Scenario C fixed
0.51,0.3,0.07,-0.08000000000000007,0.28,2.4000000000000004,False,False,neither,Scenario C fixed
0.51,0.3,0.07500000000000001,-0.08000000000000007,0.29500000000000004,2.475,False,False,neither,Scenario C fixed
0.51,0.3,0.08,-0.08000000000000007,0.31,2.55,False,False,neither,Scenario C fixed
0.51,0.3,0.08499999999999999,-0.08000000000000007,0.325,2.625,False,False,neither,Scenario C fixed
0.51,0.3,0.09,-0.08000000000000007,0.34,2.7,False,False,neither,Scenario C fixed
0.51,0.3,0.095,-0.08000000000000007,0.35500000000000004,2.7750000000000004,False,False,neither,Scenario C fixed
0.51,0.3,0.1,-0.08000000000000007,0.37000000000000005,2.8500000000000005,False,False,neither,Scenario C fixed
0.51,0.3,0.10500000000000001,-0.08000000000000007,0.38500000000000006,2.9250000000000003,False,False,neither,Scenario C fixed
0.51,0.3,0.11000000000000001,-0.08000000000000007,0.4000000000000001,3.0000000000000004,False,False,neither,Scenario C fixed
0.51,0.3,0.11499999999999999,-0.08000000000000007,0.415,3.0749999999999997,False,False,neither,Scenario C fixed
0.51,0.3,0.12,-0.08000000000000007,0.43,3.15,False,False,neither,Scenario C fixed
0.51,0.3,0.125,-0.08000000000000007,0.445,3.225,False,False,neither,Scenario C fixed
0.51,0.3,0.13,-0.08000000000000007,0.46,3.3000000000000003,False,False,neither,Scenario C fixed
0.51,0.3,0.135,-0.08000000000000007,0.47500000000000003,3.375,False,False,neither,Scenario C fixed
0.51,0.3,0.14,-0.08000000000000007,0.49000000000000005,3.45,False,False,neither,Scenario C fixed
0.51,0.3,0.145,-0.08000000000000007,0.5049999999999999,3.5249999999999995,False,False,neither,Scenario C fixed
0.51,0.3,0.15,-0.08000000000000007,0.52,3.6,False,False,neither,Scenario C fixed
0.51,0.3,0.155,-0.08000000000000007,0.5349999999999999,3.675,False,False,neither,Scenario C fixed
0.51,0.3,0.16,-0.08000000000000007,0.55,3.75,False,False,neither,Scenario C fixed
0.51,0.3,0.165,-0.08000000000000007,0.565,3.8249999999999997,False,False,neither,Scenario C fixed
0.51,0.3,0.17,-0.08000000000000007,0.5800000000000001,3.9000000000000004,False,False,neither,Scenario C fixed
0.51,0.3,0.17500000000000002,-0.08000000000000007,0.595,3.9749999999999996,False,False,neither,Scenario C fixed
0.51,0.3,0.18000000000000002,-0.08000000000000007,0.6100000000000001,4.050000000000001,False,False,neither,Scenario C fixed
0.51,0.3,0.185,-0.08000000000000007,0.625,4.125,False,False,neither,Scenario C fixed
0.51,0.3,0.19,-0.08000000000000007,0.6400000000000001,4.200000000000001,False,False,neither,Scenario C fixed
0.51,0.3,0.195,-0.08000000000000007,0.655,4.275,False,False,neither,Scenario C fixed
0.51,0.3,0.2,-0.08000000000000007,0.6700000000000002,4.3500000000000005,False,False,neither,Scenario C fixed
0.51,0.3,0.20500000000000002,-0.08000000000000007,0.685,4.425000000000001,False,False,neither,Scenario C fixed
0.51,0.3,0.21000000000000002,-0.08000000000000007,0.7000000000000002,4.500000000000001,False,False,neither,Scenario C fixed
0.51,0.3,0.21500000000000002,-0.08000000000000007,0.7150000000000001,4.575,False,False,neither,Scenario C fixed
0.51,0.3,0.22,-0.08000000000000007,0.73,4.65,False,False,neither,Scenario C fixed
0.51,0.3,0.225,-0.08000000000000007,0.7450000000000001,4.7250000000000005,False,False,neither,Scenario C fixed
0.51,0.3,0.23,-0.08000000000000007,0.76,4.8,False,False,neither,Scenario C fixed
0.51,0.3,0.23500000000000001,-0.08000000000000007,0.7750000000000001,4.875000000000001,False,False,neither,Scenario C fixed
0.51,0.3,0.24000000000000002,-0.08000000000000007,0.79,4.95,False,False,neither,Scenario C fixed
0.51,0.3,0.24500000000000002,-0.08000000000000007,0.8050000000000002,5.0,False,True,opportunity_only,Scenario C fixed
0.51,0.3,0.25,-0.08000000000000007,0.8200000000000001,5.0,False,True,opportunity_only,Scenario C fixed
0.51,0.3,0.255,-0.08000000000000007,0.835,5.0,False,True,opportunity_only,Scenario C fixed
0.51,0.3,0.26,-0.08000000000000007,0.8500000000000001,5.0,False,True,opportunity_only,Scenario C fixed
0.51,0.3,0.265,-0.08000000000000007,0.865,5.0,False,True,opportunity_only,Scenario C fixed
0.51,0.3,0.27,-0.08000000000000007,0.8800000000000001,5.0,False,True,opportunity_only,Scenario C fixed
0.51,0.3,0.275,-0.08000000000000007,0.895,5.0,False,True,opportunity_only,Scenario C fixed
0.51,0.3,0.27999999999999997,-0.08000000000000007,0.9099999999999999,5.0,False,True,opportunity_only,Scenario C fixed
0.51,0.3,0.285,-0.08000000000000007,0.925,5.0,False,True,opportunity_only,Scenario C fixed
0.51,0.3,0.29,-0.08000000000000007,0.94,5.0,False,True,opportunity_only,Scenario C fixed
0.51,0.3,0.295,-0.08000000000000007,0.9550000000000001,5.0,False,True,opportunity_only,Scenario C fixed
0.51,0.3,0.3,-0.08000000000000007,0.97,5.0,False,True,opportunity_only,Scenario C fixed
0.51,0.3,0.305,-0.08000000000000007,0.9850000000000001,5.0,False,True,opportunity_only,Scenario C fixed
0.51,0.3,0.31,-0.08000000000000007,1.0,5.0,False,True,opportunity_only,Scenario C fixed
0.51,0.3,0.315,-0.08000000000000007,1.0,5.0,False,True,opportunity_only,Scenario C fixed
0.51,0.3,0.32,-0.08000000000000007,1.0,5.0,False,True,opportunity_only,Scenario C fixed
0.51,0.3,0.325,-0.08000000000000007,1.0,5.0,False,True,opportunity_only,Scenario C fixed
0.51,0.3,0.32999999999999996,-0.08000000000000007,1.0,5.0,False,True,opportunity_only,Scenario C fixed
0.51,0.3,0.33499999999999996,-0.08000000000000007,1.0,5.0,False,True,opportunity_only,Scenario C fixed
0.51,0.3,0.33999999999999997,-0.08000000000000007,1.0,5.0,False,True,opportunity_only,Scenario C fixed
0.51,0.3,0.345,-0.08000000000000007,1.0,5.0,False,True,opportunity_only,Scenario C fixed
0.51,0.3,0.35,-0.08000000000000007,1.0,5.0,False,True,opportunity_only,Scenario C fixed
0.52,0.3,0.04,-0.16000000000000014,0.19,1.95,False,False,neither,Scenario C fixed
0.52,0.3,0.045,-0.16000000000000014,0.20500000000000002,2.0250000000000004,False,False,neither,Scenario C fixed
0.52,0.3,0.05,-0.16000000000000014,0.22000000000000003,2.1,False,False,neither,Scenario C fixed
0.52,0.3,0.055,-0.16000000000000014,0.23500000000000001,2.175,False,False,neither,Scenario C fixed
0.52,0.3,0.06,-0.16000000000000014,0.25,2.25,False,False,neither,Scenario C fixed
0.52,0.3,0.065,-0.16000000000000014,0.265,2.325,False,False,neither,Scenario C fixed
0.52,0.3,0.07,-0.16000000000000014,0.28,2.4000000000000004,False,False,neither,Scenario C fixed
0.52,0.3,0.07500000000000001,-0.16000000000000014,0.29500000000000004,2.475,False,False,neither,Scenario C fixed
0.52,0.3,0.08,-0.16000000000000014,0.31,2.55,False,False,neither,Scenario C fixed
0.52,0.3,0.08499999999999999,-0.16000000000000014,0.325,2.625,False,False,neither,Scenario C fixed
0.52,0.3,0.09,-0.16000000000000014,0.34,2.7,False,False,neither,Scenario C fixed
0.52,0.3,0.095,-0.16000000000000014,0.35500000000000004,2.7750000000000004,False,False,neither,Scenario C fixed
0.52,0.3,0.1,-0.16000000000000014,0.37000000000000005,2.8500000000000005,False,False,neither,Scenario C fixed
0.52,0.3,0.10500000000000001,-0.16000000000000014,0.38500000000000006,2.9250000000000003,False,False,neither,Scenario C fixed
0.52,0.3,0.11000000000000001,-0.16000000000000014,0.4000000000000001,3.0000000000000004,False,False,neither,Scenario C fixed
0.52,0.3,0.11499999999999999,-0.16000000000000014,0.415,3.0749999999999997,False,False,neither,Scenario C fixed
0.52,0.3,0.12,-0.16000000000000014,0.43,3.15,False,False,neither,Scenario C fixed
0.52,0.3,0.125,-0.16000000000000014,0.445,3.225,False,False,neither,Scenario C fixed
0.52,0.3,0.13,-0.16000000000000014,0.46,3.3000000000000003,False,False,neither,Scenario C fixed
0.52,0.3,0.135,-0.16000000000000014,0.47500000000000003,3.375,False,False,neither,Scenario C fixed
0.52,0.3,0.14,-0.16000000000000014,0.49000000000000005,3.45,False,False,neither,Scenario C fixed
0.52,0.3,0.145,-0.16000000000000014,0.5049999999999999,3.5249999999999995,False,False,neither,Scenario C fixed
0.52,0.3,0.15,-0.16000000000000014,0.52,3.6,False,False,neither,Scenario C fixed
0.52,0.3,0.155,-0.16000000000000014,0.5349999999999999,3.675,False,False,neither,Scenario C fixed
0.52,0.3,0.16,-0.16000000000000014,0.55,3.75,False,False,neither,Scenario C fixed
0.52,0.3,0.165,-0.16000000000000014,0.565,3.8249999999999997,False,False,neither,Scenario C fixed
0.52,0.3,0.17,-0.16000000000000014,0.5800000000000001,3.9000000000000004,False,False,neither,Scenario C fixed
0.52,0.3,0.17500000000000002,-0.16000000000000014,0.595,3.9749999999999996,False,False,neither,Scenario C fixed
0.52,0.3,0.18000000000000002,-0.16000000000000014,0.6100000000000001,4.050000000000001,False,False,neither,Scenario C fixed
0.52,0.3,0.185,-0.16000000000000014,0.625,4.125,False,False,neither,Scenario C fixed
0.52,0.3,0.19,-0.16000000000000014,0.6400000000000001,4.200000000000001,False,False,neither,Scenario C fixed
0.52,0.3,0.195,-0.16000000000000014,0.655,4.275,False,False,neither,Scenario C fixed
0.52,0.3,0.2,-0.16000000000000014,0.6700000000000002,4.3500000000000005,False,False,neither,Scenario C fixed
0.52,0.3,0.20500000000000002,-0.16000000000000014,0.685,4.425000000000001,False,False,neither,Scenario C fixed
0.52,0.3,0.21000000000000002,-0.16000000000000014,0.7000000000000002,4.500000000000001,False,False,neither,Scenario C fixed
0.52,0.3,0.21500000000000002,-0.16000000000000014,0.7150000000000001,4.575,False,False,neither,Scenario C fixed
0.52,0.3,0.22,-0.16000000000000014,0.73,4.65,False,False,neither,Scenario C fixed
0.52,0.3,0.225,-0.16000000000000014,0.7450000000000001,4.7250000000000005,False,False,neither,Scenario C fixed
0.52,0.3,0.23,-0.16000000000000014,0.76,4.8,False,False,neither,Scenario C fixed
0.52,0.3,0.23500000000000001,-0.16000000000000014,0.7750000000000001,4.875000000000001,False,False,neither,Scenario C fixed
0.52,0.3,0.24000000000000002,-0.16000000000000014,0.79,4.95,False,False,neither,Scenario C fixed
0.52,0.3,0.24500000000000002,-0.16000000000000014,0.8050000000000002,5.0,False,True,opportunity_only,Scenario C fixed
0.52,0.3,0.25,-0.16000000000000014,0.8200000000000001,5.0,False,True,opportunity_only,Scenario C fixed
0.52,0.3,0.255,-0.16000000000000014,0.835,5.0,False,True,opportunity_only,Scenario C fixed
0.52,0.3,0.26,-0.16000000000000014,0.8500000000000001,5.0,False,True,opportunity_only,Scenario C fixed
0.52,0.3,0.265,-0.16000000000000014,0.865,5.0,False,True,opportunity_only,Scenario C fixed
0.52,0.3,0.27,-0.16000000000000014,0.8800000000000001,5.0,False,True,opportunity_only,Scenario C fixed
0.52,0.3,0.275,-0.16000000000000014,0.895,5.0,False,True,opportunity_only,Scenario C fixed
0.52,0.3,0.27999999999999997,-0.16000000000000014,0.9099999999999999,5.0,False,True,opportunity_only,Scenario C fixed
0.52,0.3,0.285,-0.16000000000000014,0.925,5.0,False,True,opportunity_only,Scenario C fixed
0.52,0.3,0.29,-0.16000000000000014,0.94,5.0,False,True,opportunity_only,Scenario C fixed
0.52,0.3,0.295,-0.16000000000000014,0.9550000000000001,5.0,False,True,opportunity_only,Scenario C fixed
0.52,0.3,0.3,-0.16000000000000014,0.97,5.0,False,True,opportunity_only,Scenario C fixed
0.52,0.3,0.305,-0.16000000000000014,0.9850000000000001,5.0,False,True,opportunity_only,Scenario C fixed
0.52,0.3,0.31,-0.16000000000000014,1.0,5.0,False,True,opportunity_only,Scenario C fixed
0.52,0.3,0.315,-0.16000000000000014,1.0,5.0,False,True,opportunity_only,Scenario C fixed
0.52,0.3,0.32,-0.16000000000000014,1.0,5.0,False,True,opportunity_only,Scenario C fixed
0.52,0.3,0.325,-0.16000000000000014,1.0,5.0,False,True,opportunity_only,Scenario C fixed
0.52,0.3,0.32999999999999996,-0.16000000000000014,1.0,5.0,False,True,opportunity_only,Scenario C fixed
0.52,0.3,0.33499999999999996,-0.16000000000000014,1.0,5.0,False,True,opportunity_only,Scenario C fixed
0.52,0.3,0.33999999999999997,-0.16000000000000014,1.0,5.0,False,True,opportunity_only,Scenario C fixed
0.52,0.3,0.345,-0.16000000000000014,1.0,5.0,False,True,opportunity_only,Scenario C fixed
0.52,0.3,0.35,-0.16000000000000014,1.0,5.0,False,True,opportunity_only,Scenario C fixed
0.53,0.3,0.04,-0.2400000000000002,0.19,1.95,False,False,neither,Scenario C fixed
0.53,0.3,0.045,-0.2400000000000002,0.20500000000000002,2.0250000000000004,False,False,neither,Scenario C fixed
0.53,0.3,0.05,-0.2400000000000002,0.22000000000000003,2.1,False,False,neither,Scenario C fixed
0.53,0.3,0.055,-0.2400000000000002,0.23500000000000001,2.175,False,False,neither,Scenario C fixed
0.53,0.3,0.06,-0.2400000000000002,0.25,2.25,False,False,neither,Scenario C fixed
0.53,0.3,0.065,-0.2400000000000002,0.265,2.325,False,False,neither,Scenario C fixed
0.53,0.3,0.07,-0.2400000000000002,0.28,2.4000000000000004,False,False,neither,Scenario C fixed
0.53,0.3,0.07500000000000001,-0.2400000000000002,0.29500000000000004,2.475,False,False,neither,Scenario C fixed
0.53,0.3,0.08,-0.2400000000000002,0.31,2.55,False,False,neither,Scenario C fixed
0.53,0.3,0.08499999999999999,-0.2400000000000002,0.325,2.625,False,False,neither,Scenario C fixed
0.53,0.3,0.09,-0.2400000000000002,0.34,2.7,False,False,neither,Scenario C fixed
0.53,0.3,0.095,-0.2400000000000002,0.35500000000000004,2.7750000000000004,False,False,neither,Scenario C fixed
0.53,0.3,0.1,-0.2400000000000002,0.37000000000000005,2.8500000000000005,False,False,neither,Scenario C fixed
0.53,0.3,0.10500000000000001,-0.2400000000000002,0.38500000000000006,2.9250000000000003,False,False,neither,Scenario C fixed
0.53,0.3,0.11000000000000001,-0.2400000000000002,0.4000000000000001,3.0000000000000004,False,False,neither,Scenario C fixed
0.53,0.3,0.11499999999999999,-0.2400000000000002,0.415,3.0749999999999997,False,False,neither,Scenario C fixed
0.53,0.3,0.12,-0.2400000000000002,0.43,3.15,False,False,neither,Scenario C fixed
0.53,0.3,0.125,-0.2400000000000002,0.445,3.225,False,False,neither,Scenario C fixed
0.53,0.3,0.13,-0.2400000000000002,0.46,3.3000000000000003,False,False,neither,Scenario C fixed
0.53,0.3,0.135,-0.2400000000000002,0.47500000000000003,3.375,False,False,neither,Scenario C fixed
0.53,0.3,0.14,-0.2400000000000002,0.49000000000000005,3.45,False,False,neither,Scenario C fixed
0.53,0.3,0.145,-0.2400000000000002,0.5049999999999999,3.5249999999999995,False,False,neither,Scenario C fixed
0.53,0.3,0.15,-0.2400000000000002,0.52,3.6,False,False,neither,Scenario C fixed
0.53,0.3,0.155,-0.2400000000000002,0.5349999999999999,3.675,False,False,neither,Scenario C fixed
0.53,0.3,0.16,-0.2400000000000002,0.55,3.75,False,False,neither,Scenario C fixed
0.53,0.3,0.165,-0.2400000000000002,0.565,3.8249999999999997,False,False,neither,Scenario C fixed
0.53,0.3,0.17,-0.2400000000000002,0.5800000000000001,3.9000000000000004,False,False,neither,Scenario C fixed
0.53,0.3,0.17500000000000002,-0.2400000000000002,0.595,3.9749999999999996,False,False,neither,Scenario C fixed
0.53,0.3,0.18000000000000002,-0.2400000000000002,0.6100000000000001,4.050000000000001,False,False,neither,Scenario C fixed
0.53,0.3,0.185,-0.2400000000000002,0.625,4.125,False,False,neither,Scenario C fixed
0.53,0.3,0.19,-0.2400000000000002,0.6400000000000001,4.200000000000001,False,False,neither,Scenario C fixed
0.53,0.3,0.195,-0.2400000000000002,0.655,4.275,False,False,neither,Scenario C fixed
0.53,0.3,0.2,-0.2400000000000002,0.6700000000000002,4.3500000000000005,False,False,neither,Scenario C fixed
0.53,0.3,0.20500000000000002,-0.2400000000000002,0.685,4.425000000000001,False,False,neither,Scenario C fixed
0.53,0.3,0.21000000000000002,-0.2400000000000002,0.7000000000000002,4.500000000000001,False,False,neither,Scenario C fixed
0.53,0.3,0.21500000000000002,-0.2400000000000002,0.7150000000000001,4.575,False,False,neither,Scenario C fixed
0.53,0.3,0.22,-0.2400000000000002,0.73,4.65,False,False,neither,Scenario C fixed
0.53,0.3,0.225,-0.2400000000000002,0.7450000000000001,4.7250000000000005,False,False,neither,Scenario C fixed
0.53,0.3,0.23,-0.2400000000000002,0.76,4.8,False,False,neither,Scenario C fixed
0.53,0.3,0.23500000000000001,-0.2400000000000002,0.7750000000000001,4.875000000000001,False,False,neither,Scenario C fixed
0.53,0.3,0.24000000000000002,-0.2400000000000002,0.79,4.95,False,False,neither,Scenario C fixed
0.53,0.3,0.24500000000000002,-0.2400000000000002,0.8050000000000002,5.0,False,True,opportunity_only,Scenario C fixed
0.53,0.3,0.25,-0.2400000000000002,0.8200000000000001,5.0,False,True,opportunity_only,Scenario C fixed
0.53,0.3,0.255,-0.2400000000000002,0.835,5.0,False,True,opportunity_only,Scenario C fixed
0.53,0.3,0.26,-0.2400000000000002,0.8500000000000001,5.0,False,True,opportunity_only,Scenario C fixed
0.53,0.3,0.265,-0.2400000000000002,0.865,5.0,False,True,opportunity_only,Scenario C fixed
0.53,0.3,0.27,-0.2400000000000002,0.8800000000000001,5.0,False,True,opportunity_only,Scenario C fixed
0.53,0.3,0.275,-0.2400000000000002,0.895,5.0,False,True,opportunity_only,Scenario C fixed
0.53,0.3,0.27999999999999997,-0.2400000000000002,0.9099999999999999,5.0,False,True,opportunity_only,Scenario C fixed
0.53,0.3,0.285,-0.2400000000000002,0.925,5.0,False,True,opportunity_only,Scenario C fixed
0.53,0.3,0.29,-0.2400000000000002,0.94,5.0,False,True,opportunity_only,Scenario C fixed
0.53,0.3,0.295,-0.2400000000000002,0.9550000000000001,5.0,False,True,opportunity_only,Scenario C fixed
0.53,0.3,0.3,-0.2400000000000002,0.97,5.0,False,True,opportunity_only,Scenario C fixed
0.53,0.3,0.305,-0.2400000000000002,0.9850000000000001,5.0,False,True,opportunity_only,Scenario C fixed
0.53,0.3,0.31,-0.2400000000000002,1.0,5.0,False,True,opportunity_only,Scenario C fixed
0.53,0.3,0.315,-0.2400000000000002,1.0,5.0,False,True,opportunity_only,Scenario C fixed
0.53,0.3,0.32,-0.2400000000000002,1.0,5.0,False,True,opportunity_only,Scenario C fixed
0.53,0.3,0.325,-0.2400000000000002,1.0,5.0,False,True,opportunity_only,Scenario C fixed
0.53,0.3,0.32999999999999996,-0.2400000000000002,1.0,5.0,False,True,opportunity_only,Scenario C fixed
0.53,0.3,0.33499999999999996,-0.2400000000000002,1.0,5.0,False,True,opportunity_only,Scenario C fixed
0.53,0.3,0.33999999999999997,-0.2400000000000002,1.0,5.0,False,True,opportunity_only,Scenario C fixed
0.53,0.3,0.345,-0.2400000000000002,1.0,5.0,False,True,opportunity_only,Scenario C fixed
0.53,0.3,0.35,-0.2400000000000002,1.0,5.0,False,True,opportunity_only,Scenario C fixed
0.5399999999999999,0.3,0.04,-0.3199999999999994,0.19,1.95,False,False,neither,Scenario C fixed
0.5399999999999999,0.3,0.045,-0.3199999999999994,0.20500000000000002,2.0250000000000004,False,False,neither,Scenario C fixed
0.5399999999999999,0.3,0.05,-0.3199999999999994,0.22000000000000003,2.1,False,False,neither,Scenario C fixed
0.5399999999999999,0.3,0.055,-0.3199999999999994,0.23500000000000001,2.175,False,False,neither,Scenario C fixed
0.5399999999999999,0.3,0.06,-0.3199999999999994,0.25,2.25,False,False,neither,Scenario C fixed
0.5399999999999999,0.3,0.065,-0.3199999999999994,0.265,2.325,False,False,neither,Scenario C fixed
0.5399999999999999,0.3,0.07,-0.3199999999999994,0.28,2.4000000000000004,False,False,neither,Scenario C fixed
0.5399999999999999,0.3,0.07500000000000001,-0.3199999999999994,0.29500000000000004,2.475,False,False,neither,Scenario C fixed
0.5399999999999999,0.3,0.08,-0.3199999999999994,0.31,2.55,False,False,neither,Scenario C fixed
0.5399999999999999,0.3,0.08499999999999999,-0.3199999999999994,0.325,2.625,False,False,neither,Scenario C fixed
0.5399999999999999,0.3,0.09,-0.3199999999999994,0.34,2.7,False,False,neither,Scenario C fixed
0.5399999999999999,0.3,0.095,-0.3199999999999994,0.35500000000000004,2.7750000000000004,False,False,neither,Scenario C fixed
0.5399999999999999,0.3,0.1,-0.3199999999999994,0.37000000000000005,2.8500000000000005,False,False,neither,Scenario C fixed
0.5399999999999999,0.3,0.10500000000000001,-0.3199999999999994,0.38500000000000006,2.9250000000000003,False,False,neither,Scenario C fixed
0.5399999999999999,0.3,0.11000000000000001,-0.3199999999999994,0.4000000000000001,3.0000000000000004,False,False,neither,Scenario C fixed
0.5399999999999999,0.3,0.11499999999999999,-0.3199999999999994,0.415,3.0749999999999997,False,False,neither,Scenario C fixed
0.5399999999999999,0.3,0.12,-0.3199999999999994,0.43,3.15,False,False,neither,Scenario C fixed
0.5399999999999999,0.3,0.125,-0.3199999999999994,0.445,3.225,False,False,neither,Scenario C fixed
0.5399999999999999,0.3,0.13,-0.3199999999999994,0.46,3.3000000000000003,False,False,neither,Scenario C fixed
0.5399999999999999,0.3,0.135,-0.3199999999999994,0.47500000000000003,3.375,False,False,neither,Scenario C fixed
0.5399999999999999,0.3,0.14,-0.3199999999999994,0.49000000000000005,3.45,False,False,neither,Scenario C fixed
0.5399999999999999,0.3,0.145,-0.3199999999999994,0.5049999999999999,3.5249999999999995,False,False,neither,Scenario C fixed
0.5399999999999999,0.3,0.15,-0.3199999999999994,0.52,3.6,False,False,neither,Scenario C fixed
0.5399999999999999,0.3,0.155,-0.3199999999999994,0.5349999999999999,3.675,False,False,neither,Scenario C fixed
0.5399999999999999,0.3,0.16,-0.3199999999999994,0.55,3.75,False,False,neither,Scenario C fixed
0.5399999999999999,0.3,0.165,-0.3199999999999994,0.565,3.8249999999999997,False,False,neither,Scenario C fixed
0.5399999999999999,0.3,0.17,-0.3199999999999994,0.5800000000000001,3.9000000000000004,False,False,neither,Scenario C fixed
0.5399999999999999,0.3,0.17500000000000002,-0.3199999999999994,0.595,3.9749999999999996,False,False,neither,Scenario C fixed
0.5399999999999999,0.3,0.18000000000000002,-0.3199999999999994,0.6100000000000001,4.050000000000001,False,False,neither,Scenario C fixed
0.5399999999999999,0.3,0.185,-0.3199999999999994,0.625,4.125,False,False,neither,Scenario C fixed
0.5399999999999999,0.3,0.19,-0.3199999999999994,0.6400000000000001,4.200000000000001,False,False,neither,Scenario C fixed
0.5399999999999999,0.3,0.195,-0.3199999999999994,0.655,4.275,False,False,neither,Scenario C fixed
0.5399999999999999,0.3,0.2,-0.3199999999999994,0.6700000000000002,4.3500000000000005,False,False,neither,Scenario C fixed
0.5399999999999999,0.3,0.20500000000000002,-0.3199999999999994,0.685,4.425000000000001,False,False,neither,Scenario C fixed
0.5399999999999999,0.3,0.21000000000000002,-0.3199999999999994,0.7000000000000002,4.500000000000001,False,False,neither,Scenario C fixed
0.5399999999999999,0.3,0.21500000000000002,-0.3199999999999994,0.7150000000000001,4.575,False,False,neither,Scenario C fixed
0.5399999999999999,0.3,0.22,-0.3199999999999994,0.73,4.65,False,False,neither,Scenario C fixed
0.5399999999999999,0.3,0.225,-0.3199999999999994,0.7450000000000001,4.7250000000000005,False,False,neither,Scenario C fixed
0.5399999999999999,0.3,0.23,-0.3199999999999994,0.76,4.8,False,False,neither,Scenario C fixed
0.5399999999999999,0.3,0.23500000000000001,-0.3199999999999994,0.7750000000000001,4.875000000000001,False,False,neither,Scenario C fixed
0.5399999999999999,0.3,0.24000000000000002,-0.3199999999999994,0.79,4.95,False,False,neither,Scenario C fixed
0.5399999999999999,0.3,0.24500000000000002,-0.3199999999999994,0.8050000000000002,5.0,False,True,opportunity_only,Scenario C fixed
0.5399999999999999,0.3,0.25,-0.3199999999999994,0.8200000000000001,5.0,False,True,opportunity_only,Scenario C fixed
0.5399999999999999,0.3,0.255,-0.3199999999999994,0.835,5.0,False,True,opportunity_only,Scenario C fixed
0.5399999999999999,0.3,0.26,-0.3199999999999994,0.8500000000000001,5.0,False,True,opportunity_only,Scenario C fixed
0.5399999999999999,0.3,0.265,-0.3199999999999994,0.865,5.0,False,True,opportunity_only,Scenario C fixed
0.5399999999999999,0.3,0.27,-0.3199999999999994,0.8800000000000001,5.0,False,True,opportunity_only,Scenario C fixed
0.5399999999999999,0.3,0.275,-0.3199999999999994,0.895,5.0,False,True,opportunity_only,Scenario C fixed
0.5399999999999999,0.3,0.27999999999999997,-0.3199999999999994,0.9099999999999999,5.0,False,True,opportunity_only,Scenario C fixed
0.5399999999999999,0.3,0.285,-0.3199999999999994,0.925,5.0,False,True,opportunity_only,Scenario C fixed
0.5399999999999999,0.3,0.29,-0.3199999999999994,0.94,5.0,False,True,opportunity_only,Scenario C fixed
0.5399999999999999,0.3,0.295,-0.3199999999999994,0.9550000000000001,5.0,False,True,opportunity_only,Scenario C fixed
0.5399999999999999,0.3,0.3,-0.3199999999999994,0.97,5.0,False,True,opportunity_only,Scenario C fixed
0.5399999999999999,0.3,0.305,-0.3199999999999994,0.9850000000000001,5.0,False,True,opportunity_only,Scenario C fixed
0.5399999999999999,0.3,0.31,-0.3199999999999994,1.0,5.0,False,True,opportunity_only,Scenario C fixed
0.5399999999999999,0.3,0.315,-0.3199999999999994,1.0,5.0,False,True,opportunity_only,Scenario C fixed
0.5399999999999999,0.3,0.32,-0.3199999999999994,1.0,5.0,False,True,opportunity_only,Scenario C fixed
0.5399999999999999,0.3,0.325,-0.3199999999999994,1.0,5.0,False,True,opportunity_only,Scenario C fixed
0.5399999999999999,0.3,0.32999999999999996,-0.3199999999999994,1.0,5.0,False,True,opportunity_only,Scenario C fixed
0.5399999999999999,0.3,0.33499999999999996,-0.3199999999999994,1.0,5.0,False,True,opportunity_only,Scenario C fixed
0.5399999999999999,0.3,0.33999999999999997,-0.3199999999999994,1.0,5.0,False,True,opportunity_only,Scenario C fixed
0.5399999999999999,0.3,0.345,-0.3199999999999994,1.0,5.0,False,True,opportunity_only,Scenario C fixed
0.5399999999999999,0.3,0.35,-0.3199999999999994,1.0,5.0,False,True,opportunity_only,Scenario C fixed
0.5499999999999999,0.3,0.04,-0.39999999999999947,0.19,1.95,False,False,neither,Scenario C fixed
0.5499999999999999,0.3,0.045,-0.39999999999999947,0.20500000000000002,2.0250000000000004,False,False,neither,Scenario C fixed
0.5499999999999999,0.3,0.05,-0.39999999999999947,0.22000000000000003,2.1,False,False,neither,Scenario C fixed
0.5499999999999999,0.3,0.055,-0.39999999999999947,0.23500000000000001,2.175,False,False,neither,Scenario C fixed
0.5499999999999999,0.3,0.06,-0.39999999999999947,0.25,2.25,False,False,neither,Scenario C fixed
0.5499999999999999,0.3,0.065,-0.39999999999999947,0.265,2.325,False,False,neither,Scenario C fixed
0.5499999999999999,0.3,0.07,-0.39999999999999947,0.28,2.4000000000000004,False,False,neither,Scenario C fixed
0.5499999999999999,0.3,0.07500000000000001,-0.39999999999999947,0.29500000000000004,2.475,False,False,neither,Scenario C fixed
0.5499999999999999,0.3,0.08,-0.39999999999999947,0.31,2.55,False,False,neither,Scenario C fixed
0.5499999999999999,0.3,0.08499999999999999,-0.39999999999999947,0.325,2.625,False,False,neither,Scenario C fixed
0.5499999999999999,0.3,0.09,-0.39999999999999947,0.34,2.7,False,False,neither,Scenario C fixed
0.5499999999999999,0.3,0.095,-0.39999999999999947,0.35500000000000004,2.7750000000000004,False,False,neither,Scenario C fixed
0.5499999999999999,0.3,0.1,-0.39999999999999947,0.37000000000000005,2.8500000000000005,False,False,neither,Scenario C fixed
0.5499999999999999,0.3,0.10500000000000001,-0.39999999999999947,0.38500000000000006,2.9250000000000003,False,False,neither,Scenario C fixed
0.5499999999999999,0.3,0.11000000000000001,-0.39999999999999947,0.4000000000000001,3.0000000000000004,False,False,neither,Scenario C fixed
0.5499999999999999,0.3,0.11499999999999999,-0.39999999999999947,0.415,3.0749999999999997,False,False,neither,Scenario C fixed
0.5499999999999999,0.3,0.12,-0.39999999999999947,0.43,3.15,False,False,neither,Scenario C fixed
0.5499999999999999,0.3,0.125,-0.39999999999999947,0.445,3.225,False,False,neither,Scenario C fixed
0.5499999999999999,0.3,0.13,-0.39999999999999947,0.46,3.3000000000000003,False,False,neither,Scenario C fixed
0.5499999999999999,0.3,0.135,-0.39999999999999947,0.47500000000000003,3.375,False,False,neither,Scenario C fixed
0.5499999999999999,0.3,0.14,-0.39999999999999947,0.49000000000000005,3.45,False,False,neither,Scenario C fixed
0.5499999999999999,0.3,0.145,-0.39999999999999947,0.5049999999999999,3.5249999999999995,False,False,neither,Scenario C fixed
0.5499999999999999,0.3,0.15,-0.39999999999999947,0.52,3.6,False,False,neither,Scenario C fixed
0.5499999999999999,0.3,0.155,-0.39999999999999947,0.5349999999999999,3.675,False,False,neither,Scenario C fixed
0.5499999999999999,0.3,0.16,-0.39999999999999947,0.55,3.75,False,False,neither,Scenario C fixed
0.5499999999999999,0.3,0.165,-0.39999999999999947,0.565,3.8249999999999997,False,False,neither,Scenario C fixed
0.5499999999999999,0.3,0.17,-0.39999999999999947,0.5800000000000001,3.9000000000000004,False,False,neither,Scenario C fixed
0.5499999999999999,0.3,0.17500000000000002,-0.39999999999999947,0.595,3.9749999999999996,False,False,neither,Scenario C fixed
0.5499999999999999,0.3,0.18000000000000002,-0.39999999999999947,0.6100000000000001,4.050000000000001,False,False,neither,Scenario C fixed
0.5499999999999999,0.3,0.185,-0.39999999999999947,0.625,4.125,False,False,neither,Scenario C fixed
0.5499999999999999,0.3,0.19,-0.39999999999999947,0.6400000000000001,4.200000000000001,False,False,neither,Scenario C fixed
0.5499999999999999,0.3,0.195,-0.39999999999999947,0.655,4.275,False,False,neither,Scenario C fixed
0.5499999999999999,0.3,0.2,-0.39999999999999947,0.6700000000000002,4.3500000000000005,False,False,neither,Scenario C fixed
0.5499999999999999,0.3,0.20500000000000002,-0.39999999999999947,0.685,4.425000000000001,False,False,neither,Scenario C fixed
0.5499999999999999,0.3,0.21000000000000002,-0.39999999999999947,0.7000000000000002,4.500000000000001,False,False,neither,Scenario C fixed
0.5499999999999999,0.3,0.21500000000000002,-0.39999999999999947,0.7150000000000001,4.575,False,False,neither,Scenario C fixed
0.5499999999999999,0.3,0.22,-0.39999999999999947,0.73,4.65,False,False,neither,Scenario C fixed
0.5499999999999999,0.3,0.225,-0.39999999999999947,0.7450000000000001,4.7250000000000005,False,False,neither,Scenario C fixed
0.5499999999999999,0.3,0.23,-0.39999999999999947,0.76,4.8,False,False,neither,Scenario C fixed
0.5499999999999999,0.3,0.23500000000000001,-0.39999999999999947,0.7750000000000001,4.875000000000001,False,False,neither,Scenario C fixed
0.5499999999999999,0.3,0.24000000000000002,-0.39999999999999947,0.79,4.95,False,False,neither,Scenario C fixed
0.5499999999999999,0.3,0.24500000000000002,-0.39999999999999947,0.8050000000000002,5.0,False,True,opportunity_only,Scenario C fixed
0.5499999999999999,0.3,0.25,-0.39999999999999947,0.8200000000000001,5.0,False,True,opportunity_only,Scenario C fixed
0.5499999999999999,0.3,0.255,-0.39999999999999947,0.835,5.0,False,True,opportunity_only,Scenario C fixed
0.5499999999999999,0.3,0.26,-0.39999999999999947,0.8500000000000001,5.0,False,True,opportunity_only,Scenario C fixed
0.5499999999999999,0.3,0.265,-0.39999999999999947,0.865,5.0,False,True,opportunity_only,Scenario C fixed
0.5499999999999999,0.3,0.27,-0.39999999999999947,0.8800000000000001,5.0,False,True,opportunity_only,Scenario C fixed
0.5499999999999999,0.3,0.275,-0.39999999999999947,0.895,5.0,False,True,opportunity_only,Scenario C fixed
0.5499999999999999,0.3,0.27999999999999997,-0.39999999999999947,0.9099999999999999,5.0,False,True,opportunity_only,Scenario C fixed
0.5499999999999999,0.3,0.285,-0.39999999999999947,0.925,5.0,False,True,opportunity_only,Scenario C fixed
0.5499999999999999,0.3,0.29,-0.39999999999999947,0.94,5.0,False,True,opportunity_only,Scenario C fixed
0.5499999999999999,0.3,0.295,-0.39999999999999947,0.9550000000000001,5.0,False,True,opportunity_only,Scenario C fixed
0.5499999999999999,0.3,0.3,-0.39999999999999947,0.97,5.0,False,True,opportunity_only,Scenario C fixed
0.5499999999999999,0.3,0.305,-0.39999999999999947,0.9850000000000001,5.0,False,True,opportunity_only,Scenario C fixed
0.5499999999999999,0.3,0.31,-0.39999999999999947,1.0,5.0,False,True,opportunity_only,Scenario C fixed
0.5499999999999999,0.3,0.315,-0.39999999999999947,1.0,5.0,False,True,opportunity_only,Scenario C fixed
0.5499999999999999,0.3,0.32,-0.39999999999999947,1.0,5.0,False,True,opportunity_only,Scenario C fixed
0.5499999999999999,0.3,0.325,-0.39999999999999947,1.0,5.0,False,True,opportunity_only,Scenario C fixed
0.5499999999999999,0.3,0.32999999999999996,-0.39999999999999947,1.0,5.0,False,True,opportunity_only,Scenario C fixed
0.5499999999999999,0.3,0.33499999999999996,-0.39999999999999947,1.0,5.0,False,True,opportunity_only,Scenario C fixed
0.5499999999999999,0.3,0.33999999999999997,-0.39999999999999947,1.0,5.0,False,True,opportunity_only,Scenario C fixed
0.5499999999999999,0.3,0.345,-0.39999999999999947,1.0,5.0,False,True,opportunity_only,Scenario C fixed
0.5499999999999999,0.3,0.35,-0.39999999999999947,1.0,5.0,False,True,opportunity_only,Scenario C fixed
0.5599999999999999,0.3,0.04,-0.47999999999999954,0.19,1.95,False,False,neither,Scenario C fixed
0.5599999999999999,0.3,0.045,-0.47999999999999954,0.20500000000000002,2.0250000000000004,False,False,neither,Scenario C fixed
0.5599999999999999,0.3,0.05,-0.47999999999999954,0.22000000000000003,2.1,False,False,neither,Scenario C fixed
0.5599999999999999,0.3,0.055,-0.47999999999999954,0.23500000000000001,2.175,False,False,neither,Scenario C fixed
0.5599999999999999,0.3,0.06,-0.47999999999999954,0.25,2.25,False,False,neither,Scenario C fixed
0.5599999999999999,0.3,0.065,-0.47999999999999954,0.265,2.325,False,False,neither,Scenario C fixed
0.5599999999999999,0.3,0.07,-0.47999999999999954,0.28,2.4000000000000004,False,False,neither,Scenario C fixed
0.5599999999999999,0.3,0.07500000000000001,-0.47999999999999954,0.29500000000000004,2.475,False,False,neither,Scenario C fixed
0.5599999999999999,0.3,0.08,-0.47999999999999954,0.31,2.55,False,False,neither,Scenario C fixed
0.5599999999999999,0.3,0.08499999999999999,-0.47999999999999954,0.325,2.625,False,False,neither,Scenario C fixed
0.5599999999999999,0.3,0.09,-0.47999999999999954,0.34,2.7,False,False,neither,Scenario C fixed
0.5599999999999999,0.3,0.095,-0.47999999999999954,0.35500000000000004,2.7750000000000004,False,False,neither,Scenario C fixed
0.5599999999999999,0.3,0.1,-0.47999999999999954,0.37000000000000005,2.8500000000000005,False,False,neither,Scenario C fixed
0.5599999999999999,0.3,0.10500000000000001,-0.47999999999999954,0.38500000000000006,2.9250000000000003,False,False,neither,Scenario C fixed
0.5599999999999999,0.3,0.11000000000000001,-0.47999999999999954,0.4000000000000001,3.0000000000000004,False,False,neither,Scenario C fixed
0.5599999999999999,0.3,0.11499999999999999,-0.47999999999999954,0.415,3.0749999999999997,False,False,neither,Scenario C fixed
0.5599999999999999,0.3,0.12,-0.47999999999999954,0.43,3.15,False,False,neither,Scenario C fixed
0.5599999999999999,0.3,0.125,-0.47999999999999954,0.445,3.225,False,False,neither,Scenario C fixed
0.5599999999999999,0.3,0.13,-0.47999999999999954,0.46,3.3000000000000003,False,False,neither,Scenario C fixed
0.5599999999999999,0.3,0.135,-0.47999999999999954,0.47500000000000003,3.375,False,False,neither,Scenario C fixed
0.5599999999999999,0.3,0.14,-0.47999999999999954,0.49000000000000005,3.45,False,False,neither,Scenario C fixed
0.5599999999999999,0.3,0.145,-0.47999999999999954,0.5049999999999999,3.5249999999999995,False,False,neither,Scenario C fixed
0.5599999999999999,0.3,0.15,-0.47999999999999954,0.52,3.6,False,False,neither,Scenario C fixed
0.5599999999999999,0.3,0.155,-0.47999999999999954,0.5349999999999999,3.675,False,False,neither,Scenario C fixed
0.5599999999999999,0.3,0.16,-0.47999999999999954,0.55,3.75,False,False,neither,Scenario C fixed
0.5599999999999999,0.3,0.165,-0.47999999999999954,0.565,3.8249999999999997,False,False,neither,Scenario C fixed
0.5599999999999999,0.3,0.17,-0.47999999999999954,0.5800000000000001,3.9000000000000004,False,False,neither,Scenario C fixed
0.5599999999999999,0.3,0.17500000000000002,-0.47999999999999954,0.595,3.9749999999999996,False,False,neither,Scenario C fixed
0.5599999999999999,0.3,0.18000000000000002,-0.47999999999999954,0.6100000000000001,4.050000000000001,False,False,neither,Scenario C fixed
0.5599999999999999,0.3,0.185,-0.47999999999999954,0.625,4.125,False,False,neither,Scenario C fixed
0.5599999999999999,0.3,0.19,-0.47999999999999954,0.6400000000000001,4.200000000000001,False,False,neither,Scenario C fixed
0.5599999999999999,0.3,0.195,-0.47999999999999954,0.655,4.275,False,False,neither,Scenario C fixed
0.5599999999999999,0.3,0.2,-0.47999999999999954,0.6700000000000002,4.3500000000000005,False,False,neither,Scenario C fixed
0.5599999999999999,0.3,0.20500000000000002,-0.47999999999999954,0.685,4.425000000000001,False,False,neither,Scenario C fixed
0.5599999999999999,0.3,0.21000000000000002,-0.47999999999999954,0.7000000000000002,4.500000000000001,False,False,neither,Scenario C fixed
0.5599999999999999,0.3,0.21500000000000002,-0.47999999999999954,0.7150000000000001,4.575,False,False,neither,Scenario C fixed
0.5599999999999999,0.3,0.22,-0.47999999999999954,0.73,4.65,False,False,neither,Scenario C fixed
0.5599999999999999,0.3,0.225,-0.47999999999999954,0.7450000000000001,4.7250000000000005,False,False,neither,Scenario C fixed
0.5599999999999999,0.3,0.23,-0.47999999999999954,0.76,4.8,False,False,neither,Scenario C fixed
0.5599999999999999,0.3,0.23500000000000001,-0.47999999999999954,0.7750000000000001,4.875000000000001,False,False,neither,Scenario C fixed
0.5599999999999999,0.3,0.24000000000000002,-0.47999999999999954,0.79,4.95,False,False,neither,Scenario C fixed
0.5599999999999999,0.3,0.24500000000000002,-0.47999999999999954,0.8050000000000002,5.0,False,True,opportunity_only,Scenario C fixed
0.5599999999999999,0.3,0.25,-0.47999999999999954,0.8200000000000001,5.0,False,True,opportunity_only,Scenario C fixed
0.5599999999999999,0.3,0.255,-0.47999999999999954,0.835,5.0,False,True,opportunity_only,Scenario C fixed
0.5599999999999999,0.3,0.26,-0.47999999999999954,0.8500000000000001,5.0,False,True,opportunity_only,Scenario C fixed
0.5599999999999999,0.3,0.265,-0.47999999999999954,0.865,5.0,False,True,opportunity_only,Scenario C fixed
0.5599999999999999,0.3,0.27,-0.47999999999999954,0.8800000000000001,5.0,False,True,opportunity_only,Scenario C fixed
0.5599999999999999,0.3,0.275,-0.47999999999999954,0.895,5.0,False,True,opportunity_only,Scenario C fixed
0.5599999999999999,0.3,0.27999999999999997,-0.47999999999999954,0.9099999999999999,5.0,False,True,opportunity_only,Scenario C fixed
0.5599999999999999,0.3,0.285,-0.47999999999999954,0.925,5.0,False,True,opportunity_only,Scenario C fixed
0.5599999999999999,0.3,0.29,-0.47999999999999954,0.94,5.0,False,True,opportunity_only,Scenario C fixed
0.5599999999999999,0.3,0.295,-0.47999999999999954,0.9550000000000001,5.0,False,True,opportunity_only,Scenario C fixed
0.5599999999999999,0.3,0.3,-0.47999999999999954,0.97,5.0,False,True,opportunity_only,Scenario C fixed
0.5599999999999999,0.3,0.305,-0.47999999999999954,0.9850000000000001,5.0,False,True,opportunity_only,Scenario C fixed
0.5599999999999999,0.3,0.31,-0.47999999999999954,1.0,5.0,False,True,opportunity_only,Scenario C fixed
0.5599999999999999,0.3,0.315,-0.47999999999999954,1.0,5.0,False,True,opportunity_only,Scenario C fixed
0.5599999999999999,0.3,0.32,-0.47999999999999954,1.0,5.0,False,True,opportunity_only,Scenario C fixed
0.5599999999999999,0.3,0.325,-0.47999999999999954,1.0,5.0,False,True,opportunity_only,Scenario C fixed
0.5599999999999999,0.3,0.32999999999999996,-0.47999999999999954,1.0,5.0,False,True,opportunity_only,Scenario C fixed
0.5599999999999999,0.3,0.33499999999999996,-0.47999999999999954,1.0,5.0,False,True,opportunity_only,Scenario C fixed
0.5599999999999999,0.3,0.33999999999999997,-0.47999999999999954,1.0,5.0,False,True,opportunity_only,Scenario C fixed
0.5599999999999999,0.3,0.345,-0.47999999999999954,1.0,5.0,False,True,opportunity_only,Scenario C fixed
0.5599999999999999,0.3,0.35,-0.47999999999999954,1.0,5.0,False,True,opportunity_only,Scenario C fixed
0.57,0.3,0.04,-0.5599999999999996,0.19,1.95,False,False,neither,Scenario C fixed
0.57,0.3,0.045,-0.5599999999999996,0.20500000000000002,2.0250000000000004,False,False,neither,Scenario C fixed
0.57,0.3,0.05,-0.5599999999999996,0.22000000000000003,2.1,False,False,neither,Scenario C fixed
0.57,0.3,0.055,-0.5599999999999996,0.23500000000000001,2.175,False,False,neither,Scenario C fixed
0.57,0.3,0.06,-0.5599999999999996,0.25,2.25,False,False,neither,Scenario C fixed
0.57,0.3,0.065,-0.5599999999999996,0.265,2.325,False,False,neither,Scenario C fixed
0.57,0.3,0.07,-0.5599999999999996,0.28,2.4000000000000004,False,False,neither,Scenario C fixed
0.57,0.3,0.07500000000000001,-0.5599999999999996,0.29500000000000004,2.475,False,False,neither,Scenario C fixed
0.57,0.3,0.08,-0.5599999999999996,0.31,2.55,False,False,neither,Scenario C fixed
0.57,0.3,0.08499999999999999,-0.5599999999999996,0.325,2.625,False,False,neither,Scenario C fixed
0.57,0.3,0.09,-0.5599999999999996,0.34,2.7,False,False,neither,Scenario C fixed
0.57,0.3,0.095,-0.5599999999999996,0.35500000000000004,2.7750000000000004,False,False,neither,Scenario C fixed
0.57,0.3,0.1,-0.5599999999999996,0.37000000000000005,2.8500000000000005,False,False,neither,Scenario C fixed
0.57,0.3,0.10500000000000001,-0.5599999999999996,0.38500000000000006,2.9250000000000003,False,False,neither,Scenario C fixed
0.57,0.3,0.11000000000000001,-0.5599999999999996,0.4000000000000001,3.0000000000000004,False,False,neither,Scenario C fixed
0.57,0.3,0.11499999999999999,-0.5599999999999996,0.415,3.0749999999999997,False,False,neither,Scenario C fixed
0.57,0.3,0.12,-0.5599999999999996,0.43,3.15,False,False,neither,Scenario C fixed
0.57,0.3,0.125,-0.5599999999999996,0.445,3.225,False,False,neither,Scenario C fixed
0.57,0.3,0.13,-0.5599999999999996,0.46,3.3000000000000003,False,False,neither,Scenario C fixed
0.57,0.3,0.135,-0.5599999999999996,0.47500000000000003,3.375,False,False,neither,Scenario C fixed
0.57,0.3,0.14,-0.5599999999999996,0.49000000000000005,3.45,False,False,neither,Scenario C fixed
0.57,0.3,0.145,-0.5599999999999996,0.5049999999999999,3.5249999999999995,False,False,neither,Scenario C fixed
0.57,0.3,0.15,-0.5599999999999996,0.52,3.6,False,False,neither,Scenario C fixed
0.57,0.3,0.155,-0.5599999999999996,0.5349999999999999,3.675,False,False,neither,Scenario C fixed
0.57,0.3,0.16,-0.5599999999999996,0.55,3.75,False,False,neither,Scenario C fixed
0.57,0.3,0.165,-0.5599999999999996,0.565,3.8249999999999997,False,False,neither,Scenario C fixed
0.57,0.3,0.17,-0.5599999999999996,0.5800000000000001,3.9000000000000004,False,False,neither,Scenario C fixed
0.57,0.3,0.17500000000000002,-0.5599999999999996,0.595,3.9749999999999996,False,False,neither,Scenario C fixed
0.57,0.3,0.18000000000000002,-0.5599999999999996,0.6100000000000001,4.050000000000001,False,False,neither,Scenario C fixed
0.57,0.3,0.185,-0.5599999999999996,0.625,4.125,False,False,neither,Scenario C fixed
0.57,0.3,0.19,-0.5599999999999996,0.6400000000000001,4.200000000000001,False,False,neither,Scenario C fixed
0.57,0.3,0.195,-0.5599999999999996,0.655,4.275,False,False,neither,Scenario C fixed
0.57,0.3,0.2,-0.5599999999999996,0.6700000000000002,4.3500000000000005,False,False,neither,Scenario C fixed
0.57,0.3,0.20500000000000002,-0.5599999999999996,0.685,4.425000000000001,False,False,neither,Scenario C fixed
0.57,0.3,0.21000000000000002,-0.5599999999999996,0.7000000000000002,4.500000000000001,False,False,neither,Scenario C fixed
0.57,0.3,0.21500000000000002,-0.5599999999999996,0.7150000000000001,4.575,False,False,neither,Scenario C fixed
0.57,0.3,0.22,-0.5599999999999996,0.73,4.65,False,False,neither,Scenario C fixed
0.57,0.3,0.225,-0.5599999999999996,0.7450000000000001,4.7250000000000005,False,False,neither,Scenario C fixed
0.57,0.3,0.23,-0.5599999999999996,0.76,4.8,False,False,neither,Scenario C fixed
0.57,0.3,0.23500000000000001,-0.5599999999999996,0.7750000000000001,4.875000000000001,False,False,neither,Scenario C fixed
0.57,0.3,0.24000000000000002,-0.5599999999999996,0.79,4.95,False,False,neither,Scenario C fixed
0.57,0.3,0.24500000000000002,-0.5599999999999996,0.8050000000000002,5.0,False,True,opportunity_only,Scenario C fixed
0.57,0.3,0.25,-0.5599999999999996,0.8200000000000001,5.0,False,True,opportunity_only,Scenario C fixed
0.57,0.3,0.255,-0.5599999999999996,0.835,5.0,False,True,opportunity_only,Scenario C fixed
0.57,0.3,0.26,-0.5599999999999996,0.8500000000000001,5.0,False,True,opportunity_only,Scenario C fixed
0.57,0.3,0.265,-0.5599999999999996,0.865,5.0,False,True,opportunity_only,Scenario C fixed
0.57,0.3,0.27,-0.5599999999999996,0.8800000000000001,5.0,False,True,opportunity_only,Scenario C fixed
0.57,0.3,0.275,-0.5599999999999996,0.895,5.0,False,True,opportunity_only,Scenario C fixed
0.57,0.3,0.27999999999999997,-0.5599999999999996,0.9099999999999999,5.0,False,True,opportunity_only,Scenario C fixed
0.57,0.3,0.285,-0.5599999999999996,0.925,5.0,False,True,opportunity_only,Scenario C fixed
0.57,0.3,0.29,-0.5599999999999996,0.94,5.0,False,True,opportunity_only,Scenario C fixed
0.57,0.3,0.295,-0.5599999999999996,0.9550000000000001,5.0,False,True,opportunity_only,Scenario C fixed
0.57,0.3,0.3,-0.5599999999999996,0.97,5.0,False,True,opportunity_only,Scenario C fixed
0.57,0.3,0.305,-0.5599999999999996,0.9850000000000001,5.0,False,True,opportunity_only,Scenario C fixed
0.57,0.3,0.31,-0.5599999999999996,1.0,5.0,False,True,opportunity_only,Scenario C fixed
0.57,0.3,0.315,-0.5599999999999996,1.0,5.0,False,True,opportunity_only,Scenario C fixed
0.57,0.3,0.32,-0.5599999999999996,1.0,5.0,False,True,opportunity_only,Scenario C fixed
0.57,0.3,0.325,-0.5599999999999996,1.0,5.0,False,True,opportunity_only,Scenario C fixed
0.57,0.3,0.32999999999999996,-0.5599999999999996,1.0,5.0,False,True,opportunity_only,Scenario C fixed
0.57,0.3,0.33499999999999996,-0.5599999999999996,1.0,5.0,False,True,opportunity_only,Scenario C fixed
0.57,0.3,0.33999999999999997,-0.5599999999999996,1.0,5.0,False,True,opportunity_only,Scenario C fixed
0.57,0.3,0.345,-0.5599999999999996,1.0,5.0,False,True,opportunity_only,Scenario C fixed
0.57,0.3,0.35,-0.5599999999999996,1.0,5.0,False,True,opportunity_only,Scenario C fixed
0.58,0.3,0.04,-0.6399999999999997,0.19,1.95,False,False,neither,Scenario C fixed
0.58,0.3,0.045,-0.6399999999999997,0.20500000000000002,2.0250000000000004,False,False,neither,Scenario C fixed
0.58,0.3,0.05,-0.6399999999999997,0.22000000000000003,2.1,False,False,neither,Scenario C fixed
0.58,0.3,0.055,-0.6399999999999997,0.23500000000000001,2.175,False,False,neither,Scenario C fixed
0.58,0.3,0.06,-0.6399999999999997,0.25,2.25,False,False,neither,Scenario C fixed
0.58,0.3,0.065,-0.6399999999999997,0.265,2.325,False,False,neither,Scenario C fixed
0.58,0.3,0.07,-0.6399999999999997,0.28,2.4000000000000004,False,False,neither,Scenario C fixed
0.58,0.3,0.07500000000000001,-0.6399999999999997,0.29500000000000004,2.475,False,False,neither,Scenario C fixed
0.58,0.3,0.08,-0.6399999999999997,0.31,2.55,False,False,neither,Scenario C fixed
0.58,0.3,0.08499999999999999,-0.6399999999999997,0.325,2.625,False,False,neither,Scenario C fixed
0.58,0.3,0.09,-0.6399999999999997,0.34,2.7,False,False,neither,Scenario C fixed
0.58,0.3,0.095,-0.6399999999999997,0.35500000000000004,2.7750000000000004,False,False,neither,Scenario C fixed
0.58,0.3,0.1,-0.6399999999999997,0.37000000000000005,2.8500000000000005,False,False,neither,Scenario C fixed
0.58,0.3,0.10500000000000001,-0.6399999999999997,0.38500000000000006,2.9250000000000003,False,False,neither,Scenario C fixed
0.58,0.3,0.11000000000000001,-0.6399999999999997,0.4000000000000001,3.0000000000000004,False,False,neither,Scenario C fixed
0.58,0.3,0.11499999999999999,-0.6399999999999997,0.415,3.0749999999999997,False,False,neither,Scenario C fixed
0.58,0.3,0.12,-0.6399999999999997,0.43,3.15,False,False,neither,Scenario C fixed
0.58,0.3,0.125,-0.6399999999999997,0.445,3.225,False,False,neither,Scenario C fixed
0.58,0.3,0.13,-0.6399999999999997,0.46,3.3000000000000003,False,False,neither,Scenario C fixed
0.58,0.3,0.135,-0.6399999999999997,0.47500000000000003,3.375,False,False,neither,Scenario C fixed
0.58,0.3,0.14,-0.6399999999999997,0.49000000000000005,3.45,False,False,neither,Scenario C fixed
0.58,0.3,0.145,-0.6399999999999997,0.5049999999999999,3.5249999999999995,False,False,neither,Scenario C fixed
0.58,0.3,0.15,-0.6399999999999997,0.52,3.6,False,False,neither,Scenario C fixed
0.58,0.3,0.155,-0.6399999999999997,0.5349999999999999,3.675,False,False,neither,Scenario C fixed
0.58,0.3,0.16,-0.6399999999999997,0.55,3.75,False,False,neither,Scenario C fixed
0.58,0.3,0.165,-0.6399999999999997,0.565,3.8249999999999997,False,False,neither,Scenario C fixed
0.58,0.3,0.17,-0.6399999999999997,0.5800000000000001,3.9000000000000004,False,False,neither,Scenario C fixed
0.58,0.3,0.17500000000000002,-0.6399999999999997,0.595,3.9749999999999996,False,False,neither,Scenario C fixed
0.58,0.3,0.18000000000000002,-0.6399999999999997,0.6100000000000001,4.050000000000001,False,False,neither,Scenario C fixed
0.58,0.3,0.185,-0.6399999999999997,0.625,4.125,False,False,neither,Scenario C fixed
0.58,0.3,0.19,-0.6399999999999997,0.6400000000000001,4.200000000000001,False,False,neither,Scenario C fixed
0.58,0.3,0.195,-0.6399999999999997,0.655,4.275,False,False,neither,Scenario C fixed
0.58,0.3,0.2,-0.6399999999999997,0.6700000000000002,4.3500000000000005,False,False,neither,Scenario C fixed
0.58,0.3,0.20500000000000002,-0.6399999999999997,0.685,4.425000000000001,False,False,neither,Scenario C fixed
0.58,0.3,0.21000000000000002,-0.6399999999999997,0.7000000000000002,4.500000000000001,False,False,neither,Scenario C fixed
0.58,0.3,0.21500000000000002,-0.6399999999999997,0.7150000000000001,4.575,False,False,neither,Scenario C fixed
0.58,0.3,0.22,-0.6399999999999997,0.73,4.65,False,False,neither,Scenario C fixed
0.58,0.3,0.225,-0.6399999999999997,0.7450000000000001,4.7250000000000005,False,False,neither,Scenario C fixed
0.58,0.3,0.23,-0.6399999999999997,0.76,4.8,False,False,neither,Scenario C fixed
0.58,0.3,0.23500000000000001,-0.6399999999999997,0.7750000000000001,4.875000000000001,False,False,neither,Scenario C fixed
0.58,0.3,0.24000000000000002,-0.6399999999999997,0.79,4.95,False,False,neither,Scenario C fixed
0.58,0.3,0.24500000000000002,-0.6399999999999997,0.8050000000000002,5.0,False,True,opportunity_only,Scenario C fixed
0.58,0.3,0.25,-0.6399999999999997,0.8200000000000001,5.0,False,True,opportunity_only,Scenario C fixed
0.58,0.3,0.255,-0.6399999999999997,0.835,5.0,False,True,opportunity_only,Scenario C fixed
0.58,0.3,0.26,-0.6399999999999997,0.8500000000000001,5.0,False,True,opportunity_only,Scenario C fixed
0.58,0.3,0.265,-0.6399999999999997,0.865,5.0,False,True,opportunity_only,Scenario C fixed
0.58,0.3,0.27,-0.6399999999999997,0.8800000000000001,5.0,False,True,opportunity_only,Scenario C fixed
0.58,0.3,0.275,-0.6399999999999997,0.895,5.0,False,True,opportunity_only,Scenario C fixed
0.58,0.3,0.27999999999999997,-0.6399999999999997,0.9099999999999999,5.0,False,True,opportunity_only,Scenario C fixed
0.58,0.3,0.285,-0.6399999999999997,0.925,5.0,False,True,opportunity_only,Scenario C fixed
0.58,0.3,0.29,-0.6399999999999997,0.94,5.0,False,True,opportunity_only,Scenario C fixed
0.58,0.3,0.295,-0.6399999999999997,0.9550000000000001,5.0,False,True,opportunity_only,Scenario C fixed
0.58,0.3,0.3,-0.6399999999999997,0.97,5.0,False,True,opportunity_only,Scenario C fixed
0.58,0.3,0.305,-0.6399999999999997,0.9850000000000001,5.0,False,True,opportunity_only,Scenario C fixed
0.58,0.3,0.31,-0.6399999999999997,1.0,5.0,False,True,opportunity_only,Scenario C fixed
0.58,0.3,0.315,-0.6399999999999997,1.0,5.0,False,True,opportunity_only,Scenario C fixed
0.58,0.3,0.32,-0.6399999999999997,1.0,5.0,False,True,opportunity_only,Scenario C fixed
0.58,0.3,0.325,-0.6399999999999997,1.0,5.0,False,True,opportunity_only,Scenario C fixed
0.58,0.3,0.32999999999999996,-0.6399999999999997,1.0,5.0,False,True,opportunity_only,Scenario C fixed
0.58,0.3,0.33499999999999996,-0.6399999999999997,1.0,5.0,False,True,opportunity_only,Scenario C fixed
0.58,0.3,0.33999999999999997,-0.6399999999999997,1.0,5.0,False,True,opportunity_only,Scenario C fixed
0.58,0.3,0.345,-0.6399999999999997,1.0,5.0,False,True,opportunity_only,Scenario C fixed
0.58,0.3,0.35,-0.6399999999999997,1.0,5.0,False,True,opportunity_only,Scenario C fixed
0.59,0.3,0.04,-0.7199999999999998,0.19,1.95,False,False,neither,Scenario C fixed
0.59,0.3,0.045,-0.7199999999999998,0.20500000000000002,2.0250000000000004,False,False,neither,Scenario C fixed
0.59,0.3,0.05,-0.7199999999999998,0.22000000000000003,2.1,False,False,neither,Scenario C fixed
0.59,0.3,0.055,-0.7199999999999998,0.23500000000000001,2.175,False,False,neither,Scenario C fixed
0.59,0.3,0.06,-0.7199999999999998,0.25,2.25,False,False,neither,Scenario C fixed
0.59,0.3,0.065,-0.7199999999999998,0.265,2.325,False,False,neither,Scenario C fixed
0.59,0.3,0.07,-0.7199999999999998,0.28,2.4000000000000004,False,False,neither,Scenario C fixed
0.59,0.3,0.07500000000000001,-0.7199999999999998,0.29500000000000004,2.475,False,False,neither,Scenario C fixed
0.59,0.3,0.08,-0.7199999999999998,0.31,2.55,False,False,neither,Scenario C fixed
0.59,0.3,0.08499999999999999,-0.7199999999999998,0.325,2.625,False,False,neither,Scenario C fixed
0.59,0.3,0.09,-0.7199999999999998,0.34,2.7,False,False,neither,Scenario C fixed
0.59,0.3,0.095,-0.7199999999999998,0.35500000000000004,2.7750000000000004,False,False,neither,Scenario C fixed
0.59,0.3,0.1,-0.7199999999999998,0.37000000000000005,2.8500000000000005,False,False,neither,Scenario C fixed
0.59,0.3,0.10500000000000001,-0.7199999999999998,0.38500000000000006,2.9250000000000003,False,False,neither,Scenario C fixed
0.59,0.3,0.11000000000000001,-0.7199999999999998,0.4000000000000001,3.0000000000000004,False,False,neither,Scenario C fixed
0.59,0.3,0.11499999999999999,-0.7199999999999998,0.415,3.0749999999999997,False,False,neither,Scenario C fixed
0.59,0.3,0.12,-0.7199999999999998,0.43,3.15,False,False,neither,Scenario C fixed
0.59,0.3,0.125,-0.7199999999999998,0.445,3.225,False,False,neither,Scenario C fixed
0.59,0.3,0.13,-0.7199999999999998,0.46,3.3000000000000003,False,False,neither,Scenario C fixed
0.59,0.3,0.135,-0.7199999999999998,0.47500000000000003,3.375,False,False,neither,Scenario C fixed
0.59,0.3,0.14,-0.7199999999999998,0.49000000000000005,3.45,False,False,neither,Scenario C fixed
0.59,0.3,0.145,-0.7199999999999998,0.5049999999999999,3.5249999999999995,False,False,neither,Scenario C fixed
0.59,0.3,0.15,-0.7199999999999998,0.52,3.6,False,False,neither,Scenario C fixed
0.59,0.3,0.155,-0.7199999999999998,0.5349999999999999,3.675,False,False,neither,Scenario C fixed
0.59,0.3,0.16,-0.7199999999999998,0.55,3.75,False,False,neither,Scenario C fixed
0.59,0.3,0.165,-0.7199999999999998,0.565,3.8249999999999997,False,False,neither,Scenario C fixed
0.59,0.3,0.17,-0.7199999999999998,0.5800000000000001,3.9000000000000004,False,False,neither,Scenario C fixed
0.59,0.3,0.17500000000000002,-0.7199999999999998,0.595,3.9749999999999996,False,False,neither,Scenario C fixed
0.59,0.3,0.18000000000000002,-0.7199999999999998,0.6100000000000001,4.050000000000001,False,False,neither,Scenario C fixed
0.59,0.3,0.185,-0.7199999999999998,0.625,4.125,False,False,neither,Scenario C fixed
0.59,0.3,0.19,-0.7199999999999998,0.6400000000000001,4.200000000000001,False,False,neither,Scenario C fixed
0.59,0.3,0.195,-0.7199999999999998,0.655,4.275,False,False,neither,Scenario C fixed
0.59,0.3,0.2,-0.7199999999999998,0.6700000000000002,4.3500000000000005,False,False,neither,Scenario C fixed
0.59,0.3,0.20500000000000002,-0.7199999999999998,0.685,4.425000000000001,False,False,neither,Scenario C fixed
0.59,0.3,0.21000000000000002,-0.7199999999999998,0.7000000000000002,4.500000000000001,False,False,neither,Scenario C fixed
0.59,0.3,0.21500000000000002,-0.7199999999999998,0.7150000000000001,4.575,False,False,neither,Scenario C fixed
0.59,0.3,0.22,-0.7199999999999998,0.73,4.65,False,False,neither,Scenario C fixed
0.59,0.3,0.225,-0.7199999999999998,0.7450000000000001,4.7250000000000005,False,False,neither,Scenario C fixed
0.59,0.3,0.23,-0.7199999999999998,0.76,4.8,False,False,neither,Scenario C fixed
0.59,0.3,0.23500000000000001,-0.7199999999999998,0.7750000000000001,4.875000000000001,False,False,neither,Scenario C fixed
0.59,0.3,0.24000000000000002,-0.7199999999999998,0.79,4.95,False,False,neither,Scenario C fixed
0.59,0.3,0.24500000000000002,-0.7199999999999998,0.8050000000000002,5.0,False,True,opportunity_only,Scenario C fixed
0.59,0.3,0.25,-0.7199999999999998,0.8200000000000001,5.0,False,True,opportunity_only,Scenario C fixed
0.59,0.3,0.255,-0.7199999999999998,0.835,5.0,False,True,opportunity_only,Scenario C fixed
0.59,0.3,0.26,-0.7199999999999998,0.8500000000000001,5.0,False,True,opportunity_only,Scenario C fixed
0.59,0.3,0.265,-0.7199999999999998,0.865,5.0,False,True,opportunity_only,Scenario C fixed
0.59,0.3,0.27,-0.7199999999999998,0.8800000000000001,5.0,False,True,opportunity_only,Scenario C fixed
0.59,0.3,0.275,-0.7199999999999998,0.895,5.0,False,True,opportunity_only,Scenario C fixed
0.59,0.3,0.27999999999999997,-0.7199999999999998,0.9099999999999999,5.0,False,True,opportunity_only,Scenario C fixed
0.59,0.3,0.285,-0.7199999999999998,0.925,5.0,False,True,opportunity_only,Scenario C fixed
0.59,0.3,0.29,-0.7199999999999998,0.94,5.0,False,True,opportunity_only,Scenario C fixed
0.59,0.3,0.295,-0.7199999999999998,0.9550000000000001,5.0,False,True,opportunity_only,Scenario C fixed
0.59,0.3,0.3,-0.7199999999999998,0.97,5.0,False,True,opportunity_only,Scenario C fixed
0.59,0.3,0.305,-0.7199999999999998,0.9850000000000001,5.0,False,True,opportunity_only,Scenario C fixed
0.59,0.3,0.31,-0.7199999999999998,1.0,5.0,False,True,opportunity_only,Scenario C fixed
0.59,0.3,0.315,-0.7199999999999998,1.0,5.0,False,True,opportunity_only,Scenario C fixed
0.59,0.3,0.32,-0.7199999999999998,1.0,5.0,False,True,opportunity_only,Scenario C fixed
0.59,0.3,0.325,-0.7199999999999998,1.0,5.0,False,True,opportunity_only,Scenario C fixed
0.59,0.3,0.32999999999999996,-0.7199999999999998,1.0,5.0,False,True,opportunity_only,Scenario C fixed
0.59,0.3,0.33499999999999996,-0.7199999999999998,1.0,5.0,False,True,opportunity_only,Scenario C fixed
0.59,0.3,0.33999999999999997,-0.7199999999999998,1.0,5.0,False,True,opportunity_only,Scenario C fixed
0.59,0.3,0.345,-0.7199999999999998,1.0,5.0,False,True,opportunity_only,Scenario C fixed
0.59,0.3,0.35,-0.7199999999999998,1.0,5.0,False,True,opportunity_only,Scenario C fixed
0.6,0.3,0.04,-0.7999999999999998,0.19,1.95,False,False,neither,Scenario C fixed
0.6,0.3,0.045,-0.7999999999999998,0.20500000000000002,2.0250000000000004,False,False,neither,Scenario C fixed
0.6,0.3,0.05,-0.7999999999999998,0.22000000000000003,2.1,False,False,neither,Scenario C fixed
0.6,0.3,0.055,-0.7999999999999998,0.23500000000000001,2.175,False,False,neither,Scenario C fixed
0.6,0.3,0.06,-0.7999999999999998,0.25,2.25,False,False,neither,Scenario C fixed
0.6,0.3,0.065,-0.7999999999999998,0.265,2.325,False,False,neither,Scenario C fixed
0.6,0.3,0.07,-0.7999999999999998,0.28,2.4000000000000004,False,False,neither,Scenario C fixed
0.6,0.3,0.07500000000000001,-0.7999999999999998,0.29500000000000004,2.475,False,False,neither,Scenario C fixed
0.6,0.3,0.08,-0.7999999999999998,0.31,2.55,False,False,neither,Scenario C fixed
0.6,0.3,0.08499999999999999,-0.7999999999999998,0.325,2.625,False,False,neither,Scenario C fixed
0.6,0.3,0.09,-0.7999999999999998,0.34,2.7,False,False,neither,Scenario C fixed
0.6,0.3,0.095,-0.7999999999999998,0.35500000000000004,2.7750000000000004,False,False,neither,Scenario C fixed
0.6,0.3,0.1,-0.7999999999999998,0.37000000000000005,2.8500000000000005,False,False,neither,Scenario C fixed
0.6,0.3,0.10500000000000001,-0.7999999999999998,0.38500000000000006,2.9250000000000003,False,False,neither,Scenario C fixed
0.6,0.3,0.11000000000000001,-0.7999999999999998,0.4000000000000001,3.0000000000000004,False,False,neither,Scenario C fixed
0.6,0.3,0.11499999999999999,-0.7999999999999998,0.415,3.0749999999999997,False,False,neither,Scenario C fixed
0.6,0.3,0.12,-0.7999999999999998,0.43,3.15,False,False,neither,Scenario C fixed
0.6,0.3,0.125,-0.7999999999999998,0.445,3.225,False,False,neither,Scenario C fixed
0.6,0.3,0.13,-0.7999999999999998,0.46,3.3000000000000003,False,False,neither,Scenario C fixed
0.6,0.3,0.135,-0.7999999999999998,0.47500000000000003,3.375,False,False,neither,Scenario C fixed
0.6,0.3,0.14,-0.7999999999999998,0.49000000000000005,3.45,False,False,neither,Scenario C fixed
0.6,0.3,0.145,-0.7999999999999998,0.5049999999999999,3.5249999999999995,False,False,neither,Scenario C fixed
0.6,0.3,0.15,-0.7999999999999998,0.52,3.6,False,False,neither,Scenario C fixed
0.6,0.3,0.155,-0.7999999999999998,0.5349999999999999,3.675,False,False,neither,Scenario C fixed
0.6,0.3,0.16,-0.7999999999999998,0.55,3.75,False,False,neither,Scenario C fixed
0.6,0.3,0.165,-0.7999999999999998,0.565,3.8249999999999997,False,False,neither,Scenario C fixed
0.6,0.3,0.17,-0.7999999999999998,0.5800000000000001,3.9000000000000004,False,False,neither,Scenario C fixed
0.6,0.3,0.17500000000000002,-0.7999999999999998,0.595,3.9749999999999996,False,False,neither,Scenario C fixed
0.6,0.3,0.18000000000000002,-0.7999999999999998,0.6100000000000001,4.050000000000001,False,False,neither,Scenario C fixed
0.6,0.3,0.185,-0.7999999999999998,0.625,4.125,False,False,neither,Scenario C fixed
0.6,0.3,0.19,-0.7999999999999998,0.6400000000000001,4.200000000000001,False,False,neither,Scenario C fixed
0.6,0.3,0.195,-0.7999999999999998,0.655,4.275,False,False,neither,Scenario C fixed
0.6,0.3,0.2,-0.7999999999999998,0.6700000000000002,4.3500000000000005,False,False,neither,Scenario C fixed
0.6,0.3,0.20500000000000002,-0.7999999999999998,0.685,4.425000000000001,False,False,neither,Scenario C fixed
0.6,0.3,0.21000000000000002,-0.7999999999999998,0.7000000000000002,4.500000000000001,False,False,neither,Scenario C fixed
0.6,0.3,0.21500000000000002,-0.7999999999999998,0.7150000000000001,4.575,False,False,neither,Scenario C fixed
0.6,0.3,0.22,-0.7999999999999998,0.73,4.65,False,False,neither,Scenario C fixed
0.6,0.3,0.225,-0.7999999999999998,0.7450000000000001,4.7250000000000005,False,False,neither,Scenario C fixed
0.6,0.3,0.23,-0.7999999999999998,0.76,4.8,False,False,neither,Scenario C fixed
0.6,0.3,0.23500000000000001,-0.7999999999999998,0.7750000000000001,4.875000000000001,False,False,neither,Scenario C fixed
0.6,0.3,0.24000000000000002,-0.7999999999999998,0.79,4.95,False,False,neither,Scenario C fixed
0.6,0.3,0.24500000000000002,-0.7999999999999998,0.8050000000000002,5.0,False,True,opportunity_only,Scenario C fixed
0.6,0.3,0.25,-0.7999999999999998,0.8200000000000001,5.0,False,True,opportunity_only,Scenario C fixed
0.6,0.3,0.255,-0.7999999999999998,0.835,5.0,False,True,opportunity_only,Scenario C fixed
0.6,0.3,0.26,-0.7999999999999998,0.8500000000000001,5.0,False,True,opportunity_only,Scenario C fixed
0.6,0.3,0.265,-0.7999999999999998,0.865,5.0,False,True,opportunity_only,Scenario C fixed
0.6,0.3,0.27,-0.7999999999999998,0.8800000000000001,5.0,False,True,opportunity_only,Scenario C fixed
0.6,0.3,0.275,-0.7999999999999998,0.895,5.0,False,True,opportunity_only,Scenario C fixed
0.6,0.3,0.27999999999999997,-0.7999999999999998,0.9099999999999999,5.0,False,True,opportunity_only,Scenario C fixed
0.6,0.3,0.285,-0.7999999999999998,0.925,5.0,False,True,opportunity_only,Scenario C fixed
0.6,0.3,0.29,-0.7999999999999998,0.94,5.0,False,True,opportunity_only,Scenario C fixed
0.6,0.3,0.295,-0.7999999999999998,0.9550000000000001,5.0,False,True,opportunity_only,Scenario C fixed
0.6,0.3,0.3,-0.7999999999999998,0.97,5.0,False,True,opportunity_only,Scenario C fixed
0.6,0.3,0.305,-0.7999999999999998,0.9850000000000001,5.0,False,True,opportunity_only,Scenario C fixed
0.6,0.3,0.31,-0.7999999999999998,1.0,5.0,False,True,opportunity_only,Scenario C fixed
0.6,0.3,0.315,-0.7999999999999998,1.0,5.0,False,True,opportunity_only,Scenario C fixed
0.6,0.3,0.32,-0.7999999999999998,1.0,5.0,False,True,opportunity_only,Scenario C fixed
0.6,0.3,0.325,-0.7999999999999998,1.0,5.0,False,True,opportunity_only,Scenario C fixed
0.6,0.3,0.32999999999999996,-0.7999999999999998,1.0,5.0,False,True,opportunity_only,Scenario C fixed
0.6,0.3,0.33499999999999996,-0.7999999999999998,1.0,5.0,False,True,opportunity_only,Scenario C fixed
0.6,0.3,0.33999999999999997,-0.7999999999999998,1.0,5.0,False,True,opportunity_only,Scenario C fixed
0.6,0.3,0.345,-0.7999999999999998,1.0,5.0,False,True,opportunity_only,Scenario C fixed
0.6,0.3,0.35,-0.7999999999999998,1.0,5.0,False,True,opportunity_only,Scenario C fixed
0.6099999999999999,0.3,0.04,-0.879999999999999,0.19,1.95,False,False,neither,Scenario C fixed
0.6099999999999999,0.3,0.045,-0.879999999999999,0.20500000000000002,2.0250000000000004,False,False,neither,Scenario C fixed
0.6099999999999999,0.3,0.05,-0.879999999999999,0.22000000000000003,2.1,False,False,neither,Scenario C fixed
0.6099999999999999,0.3,0.055,-0.879999999999999,0.23500000000000001,2.175,False,False,neither,Scenario C fixed
0.6099999999999999,0.3,0.06,-0.879999999999999,0.25,2.25,False,False,neither,Scenario C fixed
0.6099999999999999,0.3,0.065,-0.879999999999999,0.265,2.325,False,False,neither,Scenario C fixed
0.6099999999999999,0.3,0.07,-0.879999999999999,0.28,2.4000000000000004,False,False,neither,Scenario C fixed
0.6099999999999999,0.3,0.07500000000000001,-0.879999999999999,0.29500000000000004,2.475,False,False,neither,Scenario C fixed
0.6099999999999999,0.3,0.08,-0.879999999999999,0.31,2.55,False,False,neither,Scenario C fixed
0.6099999999999999,0.3,0.08499999999999999,-0.879999999999999,0.325,2.625,False,False,neither,Scenario C fixed
0.6099999999999999,0.3,0.09,-0.879999999999999,0.34,2.7,False,False,neither,Scenario C fixed
0.6099999999999999,0.3,0.095,-0.879999999999999,0.35500000000000004,2.7750000000000004,False,False,neither,Scenario C fixed
0.6099999999999999,0.3,0.1,-0.879999999999999,0.37000000000000005,2.8500000000000005,False,False,neither,Scenario C fixed
0.6099999999999999,0.3,0.10500000000000001,-0.879999999999999,0.38500000000000006,2.9250000000000003,False,False,neither,Scenario C fixed
0.6099999999999999,0.3,0.11000000000000001,-0.879999999999999,0.4000000000000001,3.0000000000000004,False,False,neither,Scenario C fixed
0.6099999999999999,0.3,0.11499999999999999,-0.879999999999999,0.415,3.0749999999999997,False,False,neither,Scenario C fixed
0.6099999999999999,0.3,0.12,-0.879999999999999,0.43,3.15,False,False,neither,Scenario C fixed
0.6099999999999999,0.3,0.125,-0.879999999999999,0.445,3.225,False,False,neither,Scenario C fixed
0.6099999999999999,0.3,0.13,-0.879999999999999,0.46,3.3000000000000003,False,False,neither,Scenario C fixed
0.6099999999999999,0.3,0.135,-0.879999999999999,0.47500000000000003,3.375,False,False,neither,Scenario C fixed
0.6099999999999999,0.3,0.14,-0.879999999999999,0.49000000000000005,3.45,False,False,neither,Scenario C fixed
0.6099999999999999,0.3,0.145,-0.879999999999999,0.5049999999999999,3.5249999999999995,False,False,neither,Scenario C fixed
0.6099999999999999,0.3,0.15,-0.879999999999999,0.52,3.6,False,False,neither,Scenario C fixed
0.6099999999999999,0.3,0.155,-0.879999999999999,0.5349999999999999,3.675,False,False,neither,Scenario C fixed
0.6099999999999999,0.3,0.16,-0.879999999999999,0.55,3.75,False,False,neither,Scenario C fixed
0.6099999999999999,0.3,0.165,-0.879999999999999,0.565,3.8249999999999997,False,False,neither,Scenario C fixed
0.6099999999999999,0.3,0.17,-0.879999999999999,0.5800000000000001,3.9000000000000004,False,False,neither,Scenario C fixed
0.6099999999999999,0.3,0.17500000000000002,-0.879999999999999,0.595,3.9749999999999996,False,False,neither,Scenario C fixed
0.6099999999999999,0.3,0.18000000000000002,-0.879999999999999,0.6100000000000001,4.050000000000001,False,False,neither,Scenario C fixed
0.6099999999999999,0.3,0.185,-0.879999999999999,0.625,4.125,False,False,neither,Scenario C fixed
0.6099999999999999,0.3,0.19,-0.879999999999999,0.6400000000000001,4.200000000000001,False,False,neither,Scenario C fixed
0.6099999999999999,0.3,0.195,-0.879999999999999,0.655,4.275,False,False,neither,Scenario C fixed
0.6099999999999999,0.3,0.2,-0.879999999999999,0.6700000000000002,4.3500000000000005,False,False,neither,Scenario C fixed
0.6099999999999999,0.3,0.20500000000000002,-0.879999999999999,0.685,4.425000000000001,False,False,neither,Scenario C fixed
0.6099999999999999,0.3,0.21000000000000002,-0.879999999999999,0.7000000000000002,4.500000000000001,False,False,neither,Scenario C fixed
0.6099999999999999,0.3,0.21500000000000002,-0.879999999999999,0.7150000000000001,4.575,False,False,neither,Scenario C fixed
0.6099999999999999,0.3,0.22,-0.879999999999999,0.73,4.65,False,False,neither,Scenario C fixed
0.6099999999999999,0.3,0.225,-0.879999999999999,0.7450000000000001,4.7250000000000005,False,False,neither,Scenario C fixed
0.6099999999999999,0.3,0.23,-0.879999999999999,0.76,4.8,False,False,neither,Scenario C fixed
0.6099999999999999,0.3,0.23500000000000001,-0.879999999999999,0.7750000000000001,4.875000000000001,False,False,neither,Scenario C fixed
0.6099999999999999,0.3,0.24000000000000002,-0.879999999999999,0.79,4.95,False,False,neither,Scenario C fixed
0.6099999999999999,0.3,0.24500000000000002,-0.879999999999999,0.8050000000000002,5.0,False,True,opportunity_only,Scenario C fixed
0.6099999999999999,0.3,0.25,-0.879999999999999,0.8200000000000001,5.0,False,True,opportunity_only,Scenario C fixed
0.6099999999999999,0.3,0.255,-0.879999999999999,0.835,5.0,False,True,opportunity_only,Scenario C fixed
0.6099999999999999,0.3,0.26,-0.879999999999999,0.8500000000000001,5.0,False,True,opportunity_only,Scenario C fixed
0.6099999999999999,0.3,0.265,-0.879999999999999,0.865,5.0,False,True,opportunity_only,Scenario C fixed
0.6099999999999999,0.3,0.27,-0.879999999999999,0.8800000000000001,5.0,False,True,opportunity_only,Scenario C fixed
0.6099999999999999,0.3,0.275,-0.879999999999999,0.895,5.0,False,True,opportunity_only,Scenario C fixed
0.6099999999999999,0.3,0.27999999999999997,-0.879999999999999,0.9099999999999999,5.0,False,True,opportunity_only,Scenario C fixed
0.6099999999999999,0.3,0.285,-0.879999999999999,0.925,5.0,False,True,opportunity_only,Scenario C fixed
0.6099999999999999,0.3,0.29,-0.879999999999999,0.94,5.0,False,True,opportunity_only,Scenario C fixed
0.6099999999999999,0.3,0.295,-0.879999999999999,0.9550000000000001,5.0,False,True,opportunity_only,Scenario C fixed
0.6099999999999999,0.3,0.3,-0.879999999999999,0.97,5.0,False,True,opportunity_only,Scenario C fixed
0.6099999999999999,0.3,0.305,-0.879999999999999,0.9850000000000001,5.0,False,True,opportunity_only,Scenario C fixed
0.6099999999999999,0.3,0.31,-0.879999999999999,1.0,5.0,False,True,opportunity_only,Scenario C fixed
0.6099999999999999,0.3,0.315,-0.879999999999999,1.0,5.0,False,True,opportunity_only,Scenario C fixed
0.6099999999999999,0.3,0.32,-0.879999999999999,1.0,5.0,False,True,opportunity_only,Scenario C fixed
0.6099999999999999,0.3,0.325,-0.879999999999999,1.0,5.0,False,True,opportunity_only,Scenario C fixed
0.6099999999999999,0.3,0.32999999999999996,-0.879999999999999,1.0,5.0,False,True,opportunity_only,Scenario C fixed
0.6099999999999999,0.3,0.33499999999999996,-0.879999999999999,1.0,5.0,False,True,opportunity_only,Scenario C fixed
0.6099999999999999,0.3,0.33999999999999997,-0.879999999999999,1.0,5.0,False,True,opportunity_only,Scenario C fixed
0.6099999999999999,0.3,0.345,-0.879999999999999,1.0,5.0,False,True,opportunity_only,Scenario C fixed
0.6099999999999999,0.3,0.35,-0.879999999999999,1.0,5.0,False,True,opportunity_only,Scenario C fixed
0.6199999999999999,0.3,0.04,-0.9599999999999991,0.19,1.95,False,False,neither,Scenario C fixed
0.6199999999999999,0.3,0.045,-0.9599999999999991,0.20500000000000002,2.0250000000000004,False,False,neither,Scenario C fixed
0.6199999999999999,0.3,0.05,-0.9599999999999991,0.22000000000000003,2.1,False,False,neither,Scenario C fixed
0.6199999999999999,0.3,0.055,-0.9599999999999991,0.23500000000000001,2.175,False,False,neither,Scenario C fixed
0.6199999999999999,0.3,0.06,-0.9599999999999991,0.25,2.25,False,False,neither,Scenario C fixed
0.6199999999999999,0.3,0.065,-0.9599999999999991,0.265,2.325,False,False,neither,Scenario C fixed
0.6199999999999999,0.3,0.07,-0.9599999999999991,0.28,2.4000000000000004,False,False,neither,Scenario C fixed
0.6199999999999999,0.3,0.07500000000000001,-0.9599999999999991,0.29500000000000004,2.475,False,False,neither,Scenario C fixed
0.6199999999999999,0.3,0.08,-0.9599999999999991,0.31,2.55,False,False,neither,Scenario C fixed
0.6199999999999999,0.3,0.08499999999999999,-0.9599999999999991,0.325,2.625,False,False,neither,Scenario C fixed
0.6199999999999999,0.3,0.09,-0.9599999999999991,0.34,2.7,False,False,neither,Scenario C fixed
0.6199999999999999,0.3,0.095,-0.9599999999999991,0.35500000000000004,2.7750000000000004,False,False,neither,Scenario C fixed
0.6199999999999999,0.3,0.1,-0.9599999999999991,0.37000000000000005,2.8500000000000005,False,False,neither,Scenario C fixed
0.6199999999999999,0.3,0.10500000000000001,-0.9599999999999991,0.38500000000000006,2.9250000000000003,False,False,neither,Scenario C fixed
0.6199999999999999,0.3,0.11000000000000001,-0.9599999999999991,0.4000000000000001,3.0000000000000004,False,False,neither,Scenario C fixed
0.6199999999999999,0.3,0.11499999999999999,-0.9599999999999991,0.415,3.0749999999999997,False,False,neither,Scenario C fixed
0.6199999999999999,0.3,0.12,-0.9599999999999991,0.43,3.15,False,False,neither,Scenario C fixed
0.6199999999999999,0.3,0.125,-0.9599999999999991,0.445,3.225,False,False,neither,Scenario C fixed
0.6199999999999999,0.3,0.13,-0.9599999999999991,0.46,3.3000000000000003,False,False,neither,Scenario C fixed
0.6199999999999999,0.3,0.135,-0.9599999999999991,0.47500000000000003,3.375,False,False,neither,Scenario C fixed
0.6199999999999999,0.3,0.14,-0.9599999999999991,0.49000000000000005,3.45,False,False,neither,Scenario C fixed
0.6199999999999999,0.3,0.145,-0.9599999999999991,0.5049999999999999,3.5249999999999995,False,False,neither,Scenario C fixed
0.6199999999999999,0.3,0.15,-0.9599999999999991,0.52,3.6,False,False,neither,Scenario C fixed
0.6199999999999999,0.3,0.155,-0.9599999999999991,0.5349999999999999,3.675,False,False,neither,Scenario C fixed
0.6199999999999999,0.3,0.16,-0.9599999999999991,0.55,3.75,False,False,neither,Scenario C fixed
0.6199999999999999,0.3,0.165,-0.9599999999999991,0.565,3.8249999999999997,False,False,neither,Scenario C fixed
0.6199999999999999,0.3,0.17,-0.9599999999999991,0.5800000000000001,3.9000000000000004,False,False,neither,Scenario C fixed
0.6199999999999999,0.3,0.17500000000000002,-0.9599999999999991,0.595,3.9749999999999996,False,False,neither,Scenario C fixed
0.6199999999999999,0.3,0.18000000000000002,-0.9599999999999991,0.6100000000000001,4.050000000000001,False,False,neither,Scenario C fixed
0.6199999999999999,0.3,0.185,-0.9599999999999991,0.625,4.125,False,False,neither,Scenario C fixed
0.6199999999999999,0.3,0.19,-0.9599999999999991,0.6400000000000001,4.200000000000001,False,False,neither,Scenario C fixed
0.6199999999999999,0.3,0.195,-0.9599999999999991,0.655,4.275,False,False,neither,Scenario C fixed
0.6199999999999999,0.3,0.2,-0.9599999999999991,0.6700000000000002,4.3500000000000005,False,False,neither,Scenario C fixed
0.6199999999999999,0.3,0.20500000000000002,-0.9599999999999991,0.685,4.425000000000001,False,False,neither,Scenario C fixed
0.6199999999999999,0.3,0.21000000000000002,-0.9599999999999991,0.7000000000000002,4.500000000000001,False,False,neither,Scenario C fixed
0.6199999999999999,0.3,0.21500000000000002,-0.9599999999999991,0.7150000000000001,4.575,False,False,neither,Scenario C fixed
0.6199999999999999,0.3,0.22,-0.9599999999999991,0.73,4.65,False,False,neither,Scenario C fixed
0.6199999999999999,0.3,0.225,-0.9599999999999991,0.7450000000000001,4.7250000000000005,False,False,neither,Scenario C fixed
0.6199999999999999,0.3,0.23,-0.9599999999999991,0.76,4.8,False,False,neither,Scenario C fixed
0.6199999999999999,0.3,0.23500000000000001,-0.9599999999999991,0.7750000000000001,4.875000000000001,False,False,neither,Scenario C fixed
0.6199999999999999,0.3,0.24000000000000002,-0.9599999999999991,0.79,4.95,False,False,neither,Scenario C fixed
0.6199999999999999,0.3,0.24500000000000002,-0.9599999999999991,0.8050000000000002,5.0,False,True,opportunity_only,Scenario C fixed
0.6199999999999999,0.3,0.25,-0.9599999999999991,0.8200000000000001,5.0,False,True,opportunity_only,Scenario C fixed
0.6199999999999999,0.3,0.255,-0.9599999999999991,0.835,5.0,False,True,opportunity_only,Scenario C fixed
0.6199999999999999,0.3,0.26,-0.9599999999999991,0.8500000000000001,5.0,False,True,opportunity_only,Scenario C fixed
0.6199999999999999,0.3,0.265,-0.9599999999999991,0.865,5.0,False,True,opportunity_only,Scenario C fixed
0.6199999999999999,0.3,0.27,-0.9599999999999991,0.8800000000000001,5.0,False,True,opportunity_only,Scenario C fixed
0.6199999999999999,0.3,0.275,-0.9599999999999991,0.895,5.0,False,True,opportunity_only,Scenario C fixed
0.6199999999999999,0.3,0.27999999999999997,-0.9599999999999991,0.9099999999999999,5.0,False,True,opportunity_only,Scenario C fixed
0.6199999999999999,0.3,0.285,-0.9599999999999991,0.925,5.0,False,True,opportunity_only,Scenario C fixed
0.6199999999999999,0.3,0.29,-0.9599999999999991,0.94,5.0,False,True,opportunity_only,Scenario C fixed
0.6199999999999999,0.3,0.295,-0.9599999999999991,0.9550000000000001,5.0,False,True,opportunity_only,Scenario C fixed
0.6199999999999999,0.3,0.3,-0.9599999999999991,0.97,5.0,False,True,opportunity_only,Scenario C fixed
0.6199999999999999,0.3,0.305,-0.9599999999999991,0.9850000000000001,5.0,False,True,opportunity_only,Scenario C fixed
0.6199999999999999,0.3,0.31,-0.9599999999999991,1.0,5.0,False,True,opportunity_only,Scenario C fixed
0.6199999999999999,0.3,0.315,-0.9599999999999991,1.0,5.0,False,True,opportunity_only,Scenario C fixed
0.6199999999999999,0.3,0.32,-0.9599999999999991,1.0,5.0,False,True,opportunity_only,Scenario C fixed
0.6199999999999999,0.3,0.325,-0.9599999999999991,1.0,5.0,False,True,opportunity_only,Scenario C fixed
0.6199999999999999,0.3,0.32999999999999996,-0.9599999999999991,1.0,5.0,False,True,opportunity_only,Scenario C fixed
0.6199999999999999,0.3,0.33499999999999996,-0.9599999999999991,1.0,5.0,False,True,opportunity_only,Scenario C fixed
0.6199999999999999,0.3,0.33999999999999997,-0.9599999999999991,1.0,5.0,False,True,opportunity_only,Scenario C fixed
0.6199999999999999,0.3,0.345,-0.9599999999999991,1.0,5.0,False,True,opportunity_only,Scenario C fixed
0.6199999999999999,0.3,0.35,-0.9599999999999991,1.0,5.0,False,True,opportunity_only,Scenario C fixed
0.6299999999999999,0.3,0.04,-1.0399999999999991,0.19,1.95,False,False,neither,Scenario C fixed
0.6299999999999999,0.3,0.045,-1.0399999999999991,0.20500000000000002,2.0250000000000004,False,False,neither,Scenario C fixed
0.6299999999999999,0.3,0.05,-1.0399999999999991,0.22000000000000003,2.1,False,False,neither,Scenario C fixed
0.6299999999999999,0.3,0.055,-1.0399999999999991,0.23500000000000001,2.175,False,False,neither,Scenario C fixed
0.6299999999999999,0.3,0.06,-1.0399999999999991,0.25,2.25,False,False,neither,Scenario C fixed
0.6299999999999999,0.3,0.065,-1.0399999999999991,0.265,2.325,False,False,neither,Scenario C fixed
0.6299999999999999,0.3,0.07,-1.0399999999999991,0.28,2.4000000000000004,False,False,neither,Scenario C fixed
0.6299999999999999,0.3,0.07500000000000001,-1.0399999999999991,0.29500000000000004,2.475,False,False,neither,Scenario C fixed
0.6299999999999999,0.3,0.08,-1.0399999999999991,0.31,2.55,False,False,neither,Scenario C fixed
0.6299999999999999,0.3,0.08499999999999999,-1.0399999999999991,0.325,2.625,False,False,neither,Scenario C fixed
0.6299999999999999,0.3,0.09,-1.0399999999999991,0.34,2.7,False,False,neither,Scenario C fixed
0.6299999999999999,0.3,0.095,-1.0399999999999991,0.35500000000000004,2.7750000000000004,False,False,neither,Scenario C fixed
0.6299999999999999,0.3,0.1,-1.0399999999999991,0.37000000000000005,2.8500000000000005,False,False,neither,Scenario C fixed
0.6299999999999999,0.3,0.10500000000000001,-1.0399999999999991,0.38500000000000006,2.9250000000000003,False,False,neither,Scenario C fixed
0.6299999999999999,0.3,0.11000000000000001,-1.0399999999999991,0.4000000000000001,3.0000000000000004,False,False,neither,Scenario C fixed
0.6299999999999999,0.3,0.11499999999999999,-1.0399999999999991,0.415,3.0749999999999997,False,False,neither,Scenario C fixed
0.6299999999999999,0.3,0.12,-1.0399999999999991,0.43,3.15,False,False,neither,Scenario C fixed
0.6299999999999999,0.3,0.125,-1.0399999999999991,0.445,3.225,False,False,neither,Scenario C fixed
0.6299999999999999,0.3,0.13,-1.0399999999999991,0.46,3.3000000000000003,False,False,neither,Scenario C fixed
0.6299999999999999,0.3,0.135,-1.0399999999999991,0.47500000000000003,3.375,False,False,neither,Scenario C fixed
0.6299999999999999,0.3,0.14,-1.0399999999999991,0.49000000000000005,3.45,False,False,neither,Scenario C fixed
0.6299999999999999,0.3,0.145,-1.0399999999999991,0.5049999999999999,3.5249999999999995,False,False,neither,Scenario C fixed
0.6299999999999999,0.3,0.15,-1.0399999999999991,0.52,3.6,False,False,neither,Scenario C fixed
0.6299999999999999,0.3,0.155,-1.0399999999999991,0.5349999999999999,3.675,False,False,neither,Scenario C fixed
0.6299999999999999,0.3,0.16,-1.0399999999999991,0.55,3.75,False,False,neither,Scenario C fixed
0.6299999999999999,0.3,0.165,-1.0399999999999991,0.565,3.8249999999999997,False,False,neither,Scenario C fixed
0.6299999999999999,0.3,0.17,-1.0399999999999991,0.5800000000000001,3.9000000000000004,False,False,neither,Scenario C fixed
0.6299999999999999,0.3,0.17500000000000002,-1.0399999999999991,0.595,3.9749999999999996,False,False,neither,Scenario C fixed
0.6299999999999999,0.3,0.18000000000000002,-1.0399999999999991,0.6100000000000001,4.050000000000001,False,False,neither,Scenario C fixed
0.6299999999999999,0.3,0.185,-1.0399999999999991,0.625,4.125,False,False,neither,Scenario C fixed
0.6299999999999999,0.3,0.19,-1.0399999999999991,0.6400000000000001,4.200000000000001,False,False,neither,Scenario C fixed
0.6299999999999999,0.3,0.195,-1.0399999999999991,0.655,4.275,False,False,neither,Scenario C fixed
0.6299999999999999,0.3,0.2,-1.0399999999999991,0.6700000000000002,4.3500000000000005,False,False,neither,Scenario C fixed
0.6299999999999999,0.3,0.20500000000000002,-1.0399999999999991,0.685,4.425000000000001,False,False,neither,Scenario C fixed
0.6299999999999999,0.3,0.21000000000000002,-1.0399999999999991,0.7000000000000002,4.500000000000001,False,False,neither,Scenario C fixed
0.6299999999999999,0.3,0.21500000000000002,-1.0399999999999991,0.7150000000000001,4.575,False,False,neither,Scenario C fixed
0.6299999999999999,0.3,0.22,-1.0399999999999991,0.73,4.65,False,False,neither,Scenario C fixed
0.6299999999999999,0.3,0.225,-1.0399999999999991,0.7450000000000001,4.7250000000000005,False,False,neither,Scenario C fixed
0.6299999999999999,0.3,0.23,-1.0399999999999991,0.76,4.8,False,False,neither,Scenario C fixed
0.6299999999999999,0.3,0.23500000000000001,-1.0399999999999991,0.7750000000000001,4.875000000000001,False,False,neither,Scenario C fixed
0.6299999999999999,0.3,0.24000000000000002,-1.0399999999999991,0.79,4.95,False,False,neither,Scenario C fixed
0.6299999999999999,0.3,0.24500000000000002,-1.0399999999999991,0.8050000000000002,5.0,False,True,opportunity_only,Scenario C fixed
0.6299999999999999,0.3,0.25,-1.0399999999999991,0.8200000000000001,5.0,False,True,opportunity_only,Scenario C fixed
0.6299999999999999,0.3,0.255,-1.0399999999999991,0.835,5.0,False,True,opportunity_only,Scenario C fixed
0.6299999999999999,0.3,0.26,-1.0399999999999991,0.8500000000000001,5.0,False,True,opportunity_only,Scenario C fixed
0.6299999999999999,0.3,0.265,-1.0399999999999991,0.865,5.0,False,True,opportunity_only,Scenario C fixed
0.6299999999999999,0.3,0.27,-1.0399999999999991,0.8800000000000001,5.0,False,True,opportunity_only,Scenario C fixed
0.6299999999999999,0.3,0.275,-1.0399999999999991,0.895,5.0,False,True,opportunity_only,Scenario C fixed
0.6299999999999999,0.3,0.27999999999999997,-1.0399999999999991,0.9099999999999999,5.0,False,True,opportunity_only,Scenario C fixed
0.6299999999999999,0.3,0.285,-1.0399999999999991,0.925,5.0,False,True,opportunity_only,Scenario C fixed
0.6299999999999999,0.3,0.29,-1.0399999999999991,0.94,5.0,False,True,opportunity_only,Scenario C fixed
0.6299999999999999,0.3,0.295,-1.0399999999999991,0.9550000000000001,5.0,False,True,opportunity_only,Scenario C fixed
0.6299999999999999,0.3,0.3,-1.0399999999999991,0.97,5.0,False,True,opportunity_only,Scenario C fixed
0.6299999999999999,0.3,0.305,-1.0399999999999991,0.9850000000000001,5.0,False,True,opportunity_only,Scenario C fixed
0.6299999999999999,0.3,0.31,-1.0399999999999991,1.0,5.0,False,True,opportunity_only,Scenario C fixed
0.6299999999999999,0.3,0.315,-1.0399999999999991,1.0,5.0,False,True,opportunity_only,Scenario C fixed
0.6299999999999999,0.3,0.32,-1.0399999999999991,1.0,5.0,False,True,opportunity_only,Scenario C fixed
0.6299999999999999,0.3,0.325,-1.0399999999999991,1.0,5.0,False,True,opportunity_only,Scenario C fixed
0.6299999999999999,0.3,0.32999999999999996,-1.0399999999999991,1.0,5.0,False,True,opportunity_only,Scenario C fixed
0.6299999999999999,0.3,0.33499999999999996,-1.0399999999999991,1.0,5.0,False,True,opportunity_only,Scenario C fixed
0.6299999999999999,0.3,0.33999999999999997,-1.0399999999999991,1.0,5.0,False,True,opportunity_only,Scenario C fixed
0.6299999999999999,0.3,0.345,-1.0399999999999991,1.0,5.0,False,True,opportunity_only,Scenario C fixed
0.6299999999999999,0.3,0.35,-1.0399999999999991,1.0,5.0,False,True,opportunity_only,Scenario C fixed
0.6399999999999999,0.3,0.04,-1.1199999999999992,0.19,1.95,False,False,neither,Scenario C fixed
0.6399999999999999,0.3,0.045,-1.1199999999999992,0.20500000000000002,2.0250000000000004,False,False,neither,Scenario C fixed
0.6399999999999999,0.3,0.05,-1.1199999999999992,0.22000000000000003,2.1,False,False,neither,Scenario C fixed
0.6399999999999999,0.3,0.055,-1.1199999999999992,0.23500000000000001,2.175,False,False,neither,Scenario C fixed
0.6399999999999999,0.3,0.06,-1.1199999999999992,0.25,2.25,False,False,neither,Scenario C fixed
0.6399999999999999,0.3,0.065,-1.1199999999999992,0.265,2.325,False,False,neither,Scenario C fixed
0.6399999999999999,0.3,0.07,-1.1199999999999992,0.28,2.4000000000000004,False,False,neither,Scenario C fixed
0.6399999999999999,0.3,0.07500000000000001,-1.1199999999999992,0.29500000000000004,2.475,False,False,neither,Scenario C fixed
0.6399999999999999,0.3,0.08,-1.1199999999999992,0.31,2.55,False,False,neither,Scenario C fixed
0.6399999999999999,0.3,0.08499999999999999,-1.1199999999999992,0.325,2.625,False,False,neither,Scenario C fixed
0.6399999999999999,0.3,0.09,-1.1199999999999992,0.34,2.7,False,False,neither,Scenario C fixed
0.6399999999999999,0.3,0.095,-1.1199999999999992,0.35500000000000004,2.7750000000000004,False,False,neither,Scenario C fixed
0.6399999999999999,0.3,0.1,-1.1199999999999992,0.37000000000000005,2.8500000000000005,False,False,neither,Scenario C fixed
0.6399999999999999,0.3,0.10500000000000001,-1.1199999999999992,0.38500000000000006,2.9250000000000003,False,False,neither,Scenario C fixed
0.6399999999999999,0.3,0.11000000000000001,-1.1199999999999992,0.4000000000000001,3.0000000000000004,False,False,neither,Scenario C fixed
0.6399999999999999,0.3,0.11499999999999999,-1.1199999999999992,0.415,3.0749999999999997,False,False,neither,Scenario C fixed
0.6399999999999999,0.3,0.12,-1.1199999999999992,0.43,3.15,False,False,neither,Scenario C fixed
0.6399999999999999,0.3,0.125,-1.1199999999999992,0.445,3.225,False,False,neither,Scenario C fixed
0.6399999999999999,0.3,0.13,-1.1199999999999992,0.46,3.3000000000000003,False,False,neither,Scenario C fixed
0.6399999999999999,0.3,0.135,-1.1199999999999992,0.47500000000000003,3.375,False,False,neither,Scenario C fixed
0.6399999999999999,0.3,0.14,-1.1199999999999992,0.49000000000000005,3.45,False,False,neither,Scenario C fixed
0.6399999999999999,0.3,0.145,-1.1199999999999992,0.5049999999999999,3.5249999999999995,False,False,neither,Scenario C fixed
0.6399999999999999,0.3,0.15,-1.1199999999999992,0.52,3.6,False,False,neither,Scenario C fixed
0.6399999999999999,0.3,0.155,-1.1199999999999992,0.5349999999999999,3.675,False,False,neither,Scenario C fixed
0.6399999999999999,0.3,0.16,-1.1199999999999992,0.55,3.75,False,False,neither,Scenario C fixed
0.6399999999999999,0.3,0.165,-1.1199999999999992,0.565,3.8249999999999997,False,False,neither,Scenario C fixed
0.6399999999999999,0.3,0.17,-1.1199999999999992,0.5800000000000001,3.9000000000000004,False,False,neither,Scenario C fixed
0.6399999999999999,0.3,0.17500000000000002,-1.1199999999999992,0.595,3.9749999999999996,False,False,neither,Scenario C fixed
0.6399999999999999,0.3,0.18000000000000002,-1.1199999999999992,0.6100000000000001,4.050000000000001,False,False,neither,Scenario C fixed
0.6399999999999999,0.3,0.185,-1.1199999999999992,0.625,4.125,False,False,neither,Scenario C fixed
0.6399999999999999,0.3,0.19,-1.1199999999999992,0.6400000000000001,4.200000000000001,False,False,neither,Scenario C fixed
0.6399999999999999,0.3,0.195,-1.1199999999999992,0.655,4.275,False,False,neither,Scenario C fixed
0.6399999999999999,0.3,0.2,-1.1199999999999992,0.6700000000000002,4.3500000000000005,False,False,neither,Scenario C fixed
0.6399999999999999,0.3,0.20500000000000002,-1.1199999999999992,0.685,4.425000000000001,False,False,neither,Scenario C fixed
0.6399999999999999,0.3,0.21000000000000002,-1.1199999999999992,0.7000000000000002,4.500000000000001,False,False,neither,Scenario C fixed
0.6399999999999999,0.3,0.21500000000000002,-1.1199999999999992,0.7150000000000001,4.575,False,False,neither,Scenario C fixed
0.6399999999999999,0.3,0.22,-1.1199999999999992,0.73,4.65,False,False,neither,Scenario C fixed
0.6399999999999999,0.3,0.225,-1.1199999999999992,0.7450000000000001,4.7250000000000005,False,False,neither,Scenario C fixed
0.6399999999999999,0.3,0.23,-1.1199999999999992,0.76,4.8,False,False,neither,Scenario C fixed
0.6399999999999999,0.3,0.23500000000000001,-1.1199999999999992,0.7750000000000001,4.875000000000001,False,False,neither,Scenario C fixed
0.6399999999999999,0.3,0.24000000000000002,-1.1199999999999992,0.79,4.95,False,False,neither,Scenario C fixed
0.6399999999999999,0.3,0.24500000000000002,-1.1199999999999992,0.8050000000000002,5.0,False,True,opportunity_only,Scenario C fixed
0.6399999999999999,0.3,0.25,-1.1199999999999992,0.8200000000000001,5.0,False,True,opportunity_only,Scenario C fixed
0.6399999999999999,0.3,0.255,-1.1199999999999992,0.835,5.0,False,True,opportunity_only,Scenario C fixed
0.6399999999999999,0.3,0.26,-1.1199999999999992,0.8500000000000001,5.0,False,True,opportunity_only,Scenario C fixed
0.6399999999999999,0.3,0.265,-1.1199999999999992,0.865,5.0,False,True,opportunity_only,Scenario C fixed
0.6399999999999999,0.3,0.27,-1.1199999999999992,0.8800000000000001,5.0,False,True,opportunity_only,Scenario C fixed
0.6399999999999999,0.3,0.275,-1.1199999999999992,0.895,5.0,False,True,opportunity_only,Scenario C fixed
0.6399999999999999,0.3,0.27999999999999997,-1.1199999999999992,0.9099999999999999,5.0,False,True,opportunity_only,Scenario C fixed
0.6399999999999999,0.3,0.285,-1.1199999999999992,0.925,5.0,False,True,opportunity_only,Scenario C fixed
0.6399999999999999,0.3,0.29,-1.1199999999999992,0.94,5.0,False,True,opportunity_only,Scenario C fixed
0.6399999999999999,0.3,0.295,-1.1199999999999992,0.9550000000000001,5.0,False,True,opportunity_only,Scenario C fixed
0.6399999999999999,0.3,0.3,-1.1199999999999992,0.97,5.0,False,True,opportunity_only,Scenario C fixed
0.6399999999999999,0.3,0.305,-1.1199999999999992,0.9850000000000001,5.0,False,True,opportunity_only,Scenario C fixed
0.6399999999999999,0.3,0.31,-1.1199999999999992,1.0,5.0,False,True,opportunity_only,Scenario C fixed
0.6399999999999999,0.3,0.315,-1.1199999999999992,1.0,5.0,False,True,opportunity_only,Scenario C fixed
0.6399999999999999,0.3,0.32,-1.1199999999999992,1.0,5.0,False,True,opportunity_only,Scenario C fixed
0.6399999999999999,0.3,0.325,-1.1199999999999992,1.0,5.0,False,True,opportunity_only,Scenario C fixed
0.6399999999999999,0.3,0.32999999999999996,-1.1199999999999992,1.0,5.0,False,True,opportunity_only,Scenario C fixed
0.6399999999999999,0.3,0.33499999999999996,-1.1199999999999992,1.0,5.0,False,True,opportunity_only,Scenario C fixed
0.6399999999999999,0.3,0.33999999999999997,-1.1199999999999992,1.0,5.0,False,True,opportunity_only,Scenario C fixed
0.6399999999999999,0.3,0.345,-1.1199999999999992,1.0,5.0,False,True,opportunity_only,Scenario C fixed
0.6399999999999999,0.3,0.35,-1.1199999999999992,1.0,5.0,False,True,opportunity_only,Scenario C fixed
0.6499999999999999,0.3,0.04,-1.1999999999999993,0.19,1.95,False,False,neither,Scenario C fixed
0.6499999999999999,0.3,0.045,-1.1999999999999993,0.20500000000000002,2.0250000000000004,False,False,neither,Scenario C fixed
0.6499999999999999,0.3,0.05,-1.1999999999999993,0.22000000000000003,2.1,False,False,neither,Scenario C fixed
0.6499999999999999,0.3,0.055,-1.1999999999999993,0.23500000000000001,2.175,False,False,neither,Scenario C fixed
0.6499999999999999,0.3,0.06,-1.1999999999999993,0.25,2.25,False,False,neither,Scenario C fixed
0.6499999999999999,0.3,0.065,-1.1999999999999993,0.265,2.325,False,False,neither,Scenario C fixed
0.6499999999999999,0.3,0.07,-1.1999999999999993,0.28,2.4000000000000004,False,False,neither,Scenario C fixed
0.6499999999999999,0.3,0.07500000000000001,-1.1999999999999993,0.29500000000000004,2.475,False,False,neither,Scenario C fixed
0.6499999999999999,0.3,0.08,-1.1999999999999993,0.31,2.55,False,False,neither,Scenario C fixed
0.6499999999999999,0.3,0.08499999999999999,-1.1999999999999993,0.325,2.625,False,False,neither,Scenario C fixed
0.6499999999999999,0.3,0.09,-1.1999999999999993,0.34,2.7,False,False,neither,Scenario C fixed
0.6499999999999999,0.3,0.095,-1.1999999999999993,0.35500000000000004,2.7750000000000004,False,False,neither,Scenario C fixed
0.6499999999999999,0.3,0.1,-1.1999999999999993,0.37000000000000005,2.8500000000000005,False,False,neither,Scenario C fixed
0.6499999999999999,0.3,0.10500000000000001,-1.1999999999999993,0.38500000000000006,2.9250000000000003,False,False,neither,Scenario C fixed
0.6499999999999999,0.3,0.11000000000000001,-1.1999999999999993,0.4000000000000001,3.0000000000000004,False,False,neither,Scenario C fixed
0.6499999999999999,0.3,0.11499999999999999,-1.1999999999999993,0.415,3.0749999999999997,False,False,neither,Scenario C fixed
0.6499999999999999,0.3,0.12,-1.1999999999999993,0.43,3.15,False,False,neither,Scenario C fixed
0.6499999999999999,0.3,0.125,-1.1999999999999993,0.445,3.225,False,False,neither,Scenario C fixed
0.6499999999999999,0.3,0.13,-1.1999999999999993,0.46,3.3000000000000003,False,False,neither,Scenario C fixed
0.6499999999999999,0.3,0.135,-1.1999999999999993,0.47500000000000003,3.375,False,False,neither,Scenario C fixed
0.6499999999999999,0.3,0.14,-1.1999999999999993,0.49000000000000005,3.45,False,False,neither,Scenario C fixed
0.6499999999999999,0.3,0.145,-1.1999999999999993,0.5049999999999999,3.5249999999999995,False,False,neither,Scenario C fixed
0.6499999999999999,0.3,0.15,-1.1999999999999993,0.52,3.6,False,False,neither,Scenario C fixed
0.6499999999999999,0.3,0.155,-1.1999999999999993,0.5349999999999999,3.675,False,False,neither,Scenario C fixed
0.6499999999999999,0.3,0.16,-1.1999999999999993,0.55,3.75,False,False,neither,Scenario C fixed
0.6499999999999999,0.3,0.165,-1.1999999999999993,0.565,3.8249999999999997,False,False,neither,Scenario C fixed
0.6499999999999999,0.3,0.17,-1.1999999999999993,0.5800000000000001,3.9000000000000004,False,False,neither,Scenario C fixed
0.6499999999999999,0.3,0.17500000000000002,-1.1999999999999993,0.595,3.9749999999999996,False,False,neither,Scenario C fixed
0.6499999999999999,0.3,0.18000000000000002,-1.1999999999999993,0.6100000000000001,4.050000000000001,False,False,neither,Scenario C fixed
0.6499999999999999,0.3,0.185,-1.1999999999999993,0.625,4.125,False,False,neither,Scenario C fixed
0.6499999999999999,0.3,0.19,-1.1999999999999993,0.6400000000000001,4.200000000000001,False,False,neither,Scenario C fixed
0.6499999999999999,0.3,0.195,-1.1999999999999993,0.655,4.275,False,False,neither,Scenario C fixed
0.6499999999999999,0.3,0.2,-1.1999999999999993,0.6700000000000002,4.3500000000000005,False,False,neither,Scenario C fixed
0.6499999999999999,0.3,0.20500000000000002,-1.1999999999999993,0.685,4.425000000000001,False,False,neither,Scenario C fixed
0.6499999999999999,0.3,0.21000000000000002,-1.1999999999999993,0.7000000000000002,4.500000000000001,False,False,neither,Scenario C fixed
0.6499999999999999,0.3,0.21500000000000002,-1.1999999999999993,0.7150000000000001,4.575,False,False,neither,Scenario C fixed
0.6499999999999999,0.3,0.22,-1.1999999999999993,0.73,4.65,False,False,neither,Scenario C fixed
0.6499999999999999,0.3,0.225,-1.1999999999999993,0.7450000000000001,4.7250000000000005,False,False,neither,Scenario C fixed
0.6499999999999999,0.3,0.23,-1.1999999999999993,0.76,4.8,False,False,neither,Scenario C fixed
0.6499999999999999,0.3,0.23500000000000001,-1.1999999999999993,0.7750000000000001,4.875000000000001,False,False,neither,Scenario C fixed
0.6499999999999999,0.3,0.24000000000000002,-1.1999999999999993,0.79,4.95,False,False,neither,Scenario C fixed
0.6499999999999999,0.3,0.24500000000000002,-1.1999999999999993,0.8050000000000002,5.0,False,True,opportunity_only,Scenario C fixed
0.6499999999999999,0.3,0.25,-1.1999999999999993,0.8200000000000001,5.0,False,True,opportunity_only,Scenario C fixed
0.6499999999999999,0.3,0.255,-1.1999999999999993,0.835,5.0,False,True,opportunity_only,Scenario C fixed
0.6499999999999999,0.3,0.26,-1.1999999999999993,0.8500000000000001,5.0,False,True,opportunity_only,Scenario C fixed
0.6499999999999999,0.3,0.265,-1.1999999999999993,0.865,5.0,False,True,opportunity_only,Scenario C fixed
0.6499999999999999,0.3,0.27,-1.1999999999999993,0.8800000000000001,5.0,False,True,opportunity_only,Scenario C fixed
0.6499999999999999,0.3,0.275,-1.1999999999999993,0.895,5.0,False,True,opportunity_only,Scenario C fixed
0.6499999999999999,0.3,0.27999999999999997,-1.1999999999999993,0.9099999999999999,5.0,False,True,opportunity_only,Scenario C fixed
0.6499999999999999,0.3,0.285,-1.1999999999999993,0.925,5.0,False,True,opportunity_only,Scenario C fixed
0.6499999999999999,0.3,0.29,-1.1999999999999993,0.94,5.0,False,True,opportunity_only,Scenario C fixed
0.6499999999999999,0.3,0.295,-1.1999999999999993,0.9550000000000001,5.0,False,True,opportunity_only,Scenario C fixed
0.6499999999999999,0.3,0.3,-1.1999999999999993,0.97,5.0,False,True,opportunity_only,Scenario C fixed
0.6499999999999999,0.3,0.305,-1.1999999999999993,0.9850000000000001,5.0,False,True,opportunity_only,Scenario C fixed
0.6499999999999999,0.3,0.31,-1.1999999999999993,1.0,5.0,False,True,opportunity_only,Scenario C fixed
0.6499999999999999,0.3,0.315,-1.1999999999999993,1.0,5.0,False,True,opportunity_only,Scenario C fixed
0.6499999999999999,0.3,0.32,-1.1999999999999993,1.0,5.0,False,True,opportunity_only,Scenario C fixed
0.6499999999999999,0.3,0.325,-1.1999999999999993,1.0,5.0,False,True,opportunity_only,Scenario C fixed
0.6499999999999999,0.3,0.32999999999999996,-1.1999999999999993,1.0,5.0,False,True,opportunity_only,Scenario C fixed
0.6499999999999999,0.3,0.33499999999999996,-1.1999999999999993,1.0,5.0,False,True,opportunity_only,Scenario C fixed
0.6499999999999999,0.3,0.33999999999999997,-1.1999999999999993,1.0,5.0,False,True,opportunity_only,Scenario C fixed
0.6499999999999999,0.3,0.345,-1.1999999999999993,1.0,5.0,False,True,opportunity_only,Scenario C fixed
0.6499999999999999,0.3,0.35,-1.1999999999999993,1.0,5.0,False,True,opportunity_only,Scenario C fixed
0.6599999999999999,0.3,0.04,-1.2799999999999994,0.19,1.95,False,False,neither,Scenario C fixed
0.6599999999999999,0.3,0.045,-1.2799999999999994,0.20500000000000002,2.0250000000000004,False,False,neither,Scenario C fixed
0.6599999999999999,0.3,0.05,-1.2799999999999994,0.22000000000000003,2.1,False,False,neither,Scenario C fixed
0.6599999999999999,0.3,0.055,-1.2799999999999994,0.23500000000000001,2.175,False,False,neither,Scenario C fixed
0.6599999999999999,0.3,0.06,-1.2799999999999994,0.25,2.25,False,False,neither,Scenario C fixed
0.6599999999999999,0.3,0.065,-1.2799999999999994,0.265,2.325,False,False,neither,Scenario C fixed
0.6599999999999999,0.3,0.07,-1.2799999999999994,0.28,2.4000000000000004,False,False,neither,Scenario C fixed
0.6599999999999999,0.3,0.07500000000000001,-1.2799999999999994,0.29500000000000004,2.475,False,False,neither,Scenario C fixed
0.6599999999999999,0.3,0.08,-1.2799999999999994,0.31,2.55,False,False,neither,Scenario C fixed
0.6599999999999999,0.3,0.08499999999999999,-1.2799999999999994,0.325,2.625,False,False,neither,Scenario C fixed
0.6599999999999999,0.3,0.09,-1.2799999999999994,0.34,2.7,False,False,neither,Scenario C fixed
0.6599999999999999,0.3,0.095,-1.2799999999999994,0.35500000000000004,2.7750000000000004,False,False,neither,Scenario C fixed
0.6599999999999999,0.3,0.1,-1.2799999999999994,0.37000000000000005,2.8500000000000005,False,False,neither,Scenario C fixed
0.6599999999999999,0.3,0.10500000000000001,-1.2799999999999994,0.38500000000000006,2.9250000000000003,False,False,neither,Scenario C fixed
0.6599999999999999,0.3,0.11000000000000001,-1.2799999999999994,0.4000000000000001,3.0000000000000004,False,False,neither,Scenario C fixed
0.6599999999999999,0.3,0.11499999999999999,-1.2799999999999994,0.415,3.0749999999999997,False,False,neither,Scenario C fixed
0.6599999999999999,0.3,0.12,-1.2799999999999994,0.43,3.15,False,False,neither,Scenario C fixed
0.6599999999999999,0.3,0.125,-1.2799999999999994,0.445,3.225,False,False,neither,Scenario C fixed
0.6599999999999999,0.3,0.13,-1.2799999999999994,0.46,3.3000000000000003,False,False,neither,Scenario C fixed
0.6599999999999999,0.3,0.135,-1.2799999999999994,0.47500000000000003,3.375,False,False,neither,Scenario C fixed
0.6599999999999999,0.3,0.14,-1.2799999999999994,0.49000000000000005,3.45,False,False,neither,Scenario C fixed
0.6599999999999999,0.3,0.145,-1.2799999999999994,0.5049999999999999,3.5249999999999995,False,False,neither,Scenario C fixed
0.6599999999999999,0.3,0.15,-1.2799999999999994,0.52,3.6,False,False,neither,Scenario C fixed
0.6599999999999999,0.3,0.155,-1.2799999999999994,0.5349999999999999,3.675,False,False,neither,Scenario C fixed
0.6599999999999999,0.3,0.16,-1.2799999999999994,0.55,3.75,False,False,neither,Scenario C fixed
0.6599999999999999,0.3,0.165,-1.2799999999999994,0.565,3.8249999999999997,False,False,neither,Scenario C fixed
0.6599999999999999,0.3,0.17,-1.2799999999999994,0.5800000000000001,3.9000000000000004,False,False,neither,Scenario C fixed
0.6599999999999999,0.3,0.17500000000000002,-1.2799999999999994,0.595,3.9749999999999996,False,False,neither,Scenario C fixed
0.6599999999999999,0.3,0.18000000000000002,-1.2799999999999994,0.6100000000000001,4.050000000000001,False,False,neither,Scenario C fixed
0.6599999999999999,0.3,0.185,-1.2799999999999994,0.625,4.125,False,False,neither,Scenario C fixed
0.6599999999999999,0.3,0.19,-1.2799999999999994,0.6400000000000001,4.200000000000001,False,False,neither,Scenario C fixed
0.6599999999999999,0.3,0.195,-1.2799999999999994,0.655,4.275,False,False,neither,Scenario C fixed
0.6599999999999999,0.3,0.2,-1.2799999999999994,0.6700000000000002,4.3500000000000005,False,False,neither,Scenario C fixed
0.6599999999999999,0.3,0.20500000000000002,-1.2799999999999994,0.685,4.425000000000001,False,False,neither,Scenario C fixed
0.6599999999999999,0.3,0.21000000000000002,-1.2799999999999994,0.7000000000000002,4.500000000000001,False,False,neither,Scenario C fixed
0.6599999999999999,0.3,0.21500000000000002,-1.2799999999999994,0.7150000000000001,4.575,False,False,neither,Scenario C fixed
0.6599999999999999,0.3,0.22,-1.2799999999999994,0.73,4.65,False,False,neither,Scenario C fixed
0.6599999999999999,0.3,0.225,-1.2799999999999994,0.7450000000000001,4.7250000000000005,False,False,neither,Scenario C fixed
0.6599999999999999,0.3,0.23,-1.2799999999999994,0.76,4.8,False,False,neither,Scenario C fixed
0.6599999999999999,0.3,0.23500000000000001,-1.2799999999999994,0.7750000000000001,4.875000000000001,False,False,neither,Scenario C fixed
0.6599999999999999,0.3,0.24000000000000002,-1.2799999999999994,0.79,4.95,False,False,neither,Scenario C fixed
0.6599999999999999,0.3,0.24500000000000002,-1.2799999999999994,0.8050000000000002,5.0,False,True,opportunity_only,Scenario C fixed
0.6599999999999999,0.3,0.25,-1.2799999999999994,0.8200000000000001,5.0,False,True,opportunity_only,Scenario C fixed
0.6599999999999999,0.3,0.255,-1.2799999999999994,0.835,5.0,False,True,opportunity_only,Scenario C fixed
0.6599999999999999,0.3,0.26,-1.2799999999999994,0.8500000000000001,5.0,False,True,opportunity_only,Scenario C fixed
0.6599999999999999,0.3,0.265,-1.2799999999999994,0.865,5.0,False,True,opportunity_only,Scenario C fixed
0.6599999999999999,0.3,0.27,-1.2799999999999994,0.8800000000000001,5.0,False,True,opportunity_only,Scenario C fixed
0.6599999999999999,0.3,0.275,-1.2799999999999994,0.895,5.0,False,True,opportunity_only,Scenario C fixed
0.6599999999999999,0.3,0.27999999999999997,-1.2799999999999994,0.9099999999999999,5.0,False,True,opportunity_only,Scenario C fixed
0.6599999999999999,0.3,0.285,-1.2799999999999994,0.925,5.0,False,True,opportunity_only,Scenario C fixed
0.6599999999999999,0.3,0.29,-1.2799999999999994,0.94,5.0,False,True,opportunity_only,Scenario C fixed
0.6599999999999999,0.3,0.295,-1.2799999999999994,0.9550000000000001,5.0,False,True,opportunity_only,Scenario C fixed
0.6599999999999999,0.3,0.3,-1.2799999999999994,0.97,5.0,False,True,opportunity_only,Scenario C fixed
0.6599999999999999,0.3,0.305,-1.2799999999999994,0.9850000000000001,5.0,False,True,opportunity_only,Scenario C fixed
0.6599999999999999,0.3,0.31,-1.2799999999999994,1.0,5.0,False,True,opportunity_only,Scenario C fixed
0.6599999999999999,0.3,0.315,-1.2799999999999994,1.0,5.0,False,True,opportunity_only,Scenario C fixed
0.6599999999999999,0.3,0.32,-1.2799999999999994,1.0,5.0,False,True,opportunity_only,Scenario C fixed
0.6599999999999999,0.3,0.325,-1.2799999999999994,1.0,5.0,False,True,opportunity_only,Scenario C fixed
0.6599999999999999,0.3,0.32999999999999996,-1.2799999999999994,1.0,5.0,False,True,opportunity_only,Scenario C fixed
0.6599999999999999,0.3,0.33499999999999996,-1.2799999999999994,1.0,5.0,False,True,opportunity_only,Scenario C fixed
0.6599999999999999,0.3,0.33999999999999997,-1.2799999999999994,1.0,5.0,False,True,opportunity_only,Scenario C fixed
0.6599999999999999,0.3,0.345,-1.2799999999999994,1.0,5.0,False,True,opportunity_only,Scenario C fixed
0.6599999999999999,0.3,0.35,-1.2799999999999994,1.0,5.0,False,True,opportunity_only,Scenario C fixed
0.6699999999999999,0.3,0.04,-1.3599999999999994,0.19,1.95,False,False,neither,Scenario C fixed
0.6699999999999999,0.3,0.045,-1.3599999999999994,0.20500000000000002,2.0250000000000004,False,False,neither,Scenario C fixed
0.6699999999999999,0.3,0.05,-1.3599999999999994,0.22000000000000003,2.1,False,False,neither,Scenario C fixed
0.6699999999999999,0.3,0.055,-1.3599999999999994,0.23500000000000001,2.175,False,False,neither,Scenario C fixed
0.6699999999999999,0.3,0.06,-1.3599999999999994,0.25,2.25,False,False,neither,Scenario C fixed
0.6699999999999999,0.3,0.065,-1.3599999999999994,0.265,2.325,False,False,neither,Scenario C fixed
0.6699999999999999,0.3,0.07,-1.3599999999999994,0.28,2.4000000000000004,False,False,neither,Scenario C fixed
0.6699999999999999,0.3,0.07500000000000001,-1.3599999999999994,0.29500000000000004,2.475,False,False,neither,Scenario C fixed
0.6699999999999999,0.3,0.08,-1.3599999999999994,0.31,2.55,False,False,neither,Scenario C fixed
0.6699999999999999,0.3,0.08499999999999999,-1.3599999999999994,0.325,2.625,False,False,neither,Scenario C fixed
0.6699999999999999,0.3,0.09,-1.3599999999999994,0.34,2.7,False,False,neither,Scenario C fixed
0.6699999999999999,0.3,0.095,-1.3599999999999994,0.35500000000000004,2.7750000000000004,False,False,neither,Scenario C fixed
0.6699999999999999,0.3,0.1,-1.3599999999999994,0.37000000000000005,2.8500000000000005,False,False,neither,Scenario C fixed
0.6699999999999999,0.3,0.10500000000000001,-1.3599999999999994,0.38500000000000006,2.9250000000000003,False,False,neither,Scenario C fixed
0.6699999999999999,0.3,0.11000000000000001,-1.3599999999999994,0.4000000000000001,3.0000000000000004,False,False,neither,Scenario C fixed
0.6699999999999999,0.3,0.11499999999999999,-1.3599999999999994,0.415,3.0749999999999997,False,False,neither,Scenario C fixed
0.6699999999999999,0.3,0.12,-1.3599999999999994,0.43,3.15,False,False,neither,Scenario C fixed
0.6699999999999999,0.3,0.125,-1.3599999999999994,0.445,3.225,False,False,neither,Scenario C fixed
0.6699999999999999,0.3,0.13,-1.3599999999999994,0.46,3.3000000000000003,False,False,neither,Scenario C fixed
0.6699999999999999,0.3,0.135,-1.3599999999999994,0.47500000000000003,3.375,False,False,neither,Scenario C fixed
0.6699999999999999,0.3,0.14,-1.3599999999999994,0.49000000000000005,3.45,False,False,neither,Scenario C fixed
0.6699999999999999,0.3,0.145,-1.3599999999999994,0.5049999999999999,3.5249999999999995,False,False,neither,Scenario C fixed
0.6699999999999999,0.3,0.15,-1.3599999999999994,0.52,3.6,False,False,neither,Scenario C fixed
0.6699999999999999,0.3,0.155,-1.3599999999999994,0.5349999999999999,3.675,False,False,neither,Scenario C fixed
0.6699999999999999,0.3,0.16,-1.3599999999999994,0.55,3.75,False,False,neither,Scenario C fixed
0.6699999999999999,0.3,0.165,-1.3599999999999994,0.565,3.8249999999999997,False,False,neither,Scenario C fixed
0.6699999999999999,0.3,0.17,-1.3599999999999994,0.5800000000000001,3.9000000000000004,False,False,neither,Scenario C fixed
0.6699999999999999,0.3,0.17500000000000002,-1.3599999999999994,0.595,3.9749999999999996,False,False,neither,Scenario C fixed
0.6699999999999999,0.3,0.18000000000000002,-1.3599999999999994,0.6100000000000001,4.050000000000001,False,False,neither,Scenario C fixed
0.6699999999999999,0.3,0.185,-1.3599999999999994,0.625,4.125,False,False,neither,Scenario C fixed
0.6699999999999999,0.3,0.19,-1.3599999999999994,0.6400000000000001,4.200000000000001,False,False,neither,Scenario C fixed
0.6699999999999999,0.3,0.195,-1.3599999999999994,0.655,4.275,False,False,neither,Scenario C fixed
0.6699999999999999,0.3,0.2,-1.3599999999999994,0.6700000000000002,4.3500000000000005,False,False,neither,Scenario C fixed
0.6699999999999999,0.3,0.20500000000000002,-1.3599999999999994,0.685,4.425000000000001,False,False,neither,Scenario C fixed
0.6699999999999999,0.3,0.21000000000000002,-1.3599999999999994,0.7000000000000002,4.500000000000001,False,False,neither,Scenario C fixed
0.6699999999999999,0.3,0.21500000000000002,-1.3599999999999994,0.7150000000000001,4.575,False,False,neither,Scenario C fixed
0.6699999999999999,0.3,0.22,-1.3599999999999994,0.73,4.65,False,False,neither,Scenario C fixed
0.6699999999999999,0.3,0.225,-1.3599999999999994,0.7450000000000001,4.7250000000000005,False,False,neither,Scenario C fixed
0.6699999999999999,0.3,0.23,-1.3599999999999994,0.76,4.8,False,False,neither,Scenario C fixed
0.6699999999999999,0.3,0.23500000000000001,-1.3599999999999994,0.7750000000000001,4.875000000000001,False,False,neither,Scenario C fixed
0.6699999999999999,0.3,0.24000000000000002,-1.3599999999999994,0.79,4.95,False,False,neither,Scenario C fixed
0.6699999999999999,0.3,0.24500000000000002,-1.3599999999999994,0.8050000000000002,5.0,False,True,opportunity_only,Scenario C fixed
0.6699999999999999,0.3,0.25,-1.3599999999999994,0.8200000000000001,5.0,False,True,opportunity_only,Scenario C fixed
0.6699999999999999,0.3,0.255,-1.3599999999999994,0.835,5.0,False,True,opportunity_only,Scenario C fixed
0.6699999999999999,0.3,0.26,-1.3599999999999994,0.8500000000000001,5.0,False,True,opportunity_only,Scenario C fixed
0.6699999999999999,0.3,0.265,-1.3599999999999994,0.865,5.0,False,True,opportunity_only,Scenario C fixed
0.6699999999999999,0.3,0.27,-1.3599999999999994,0.8800000000000001,5.0,False,True,opportunity_only,Scenario C fixed
0.6699999999999999,0.3,0.275,-1.3599999999999994,0.895,5.0,False,True,opportunity_only,Scenario C fixed
0.6699999999999999,0.3,0.27999999999999997,-1.3599999999999994,0.9099999999999999,5.0,False,True,opportunity_only,Scenario C fixed
0.6699999999999999,0.3,0.285,-1.3599999999999994,0.925,5.0,False,True,opportunity_only,Scenario C fixed
0.6699999999999999,0.3,0.29,-1.3599999999999994,0.94,5.0,False,True,opportunity_only,Scenario C fixed
0.6699999999999999,0.3,0.295,-1.3599999999999994,0.9550000000000001,5.0,False,True,opportunity_only,Scenario C fixed
0.6699999999999999,0.3,0.3,-1.3599999999999994,0.97,5.0,False,True,opportunity_only,Scenario C fixed
0.6699999999999999,0.3,0.305,-1.3599999999999994,0.9850000000000001,5.0,False,True,opportunity_only,Scenario C fixed
0.6699999999999999,0.3,0.31,-1.3599999999999994,1.0,5.0,False,True,opportunity_only,Scenario C fixed
0.6699999999999999,0.3,0.315,-1.3599999999999994,1.0,5.0,False,True,opportunity_only,Scenario C fixed
0.6699999999999999,0.3,0.32,-1.3599999999999994,1.0,5.0,False,True,opportunity_only,Scenario C fixed
0.6699999999999999,0.3,0.325,-1.3599999999999994,1.0,5.0,False,True,opportunity_only,Scenario C fixed
0.6699999999999999,0.3,0.32999999999999996,-1.3599999999999994,1.0,5.0,False,True,opportunity_only,Scenario C fixed
0.6699999999999999,0.3,0.33499999999999996,-1.3599999999999994,1.0,5.0,False,True,opportunity_only,Scenario C fixed
0.6699999999999999,0.3,0.33999999999999997,-1.3599999999999994,1.0,5.0,False,True,opportunity_only,Scenario C fixed
0.6699999999999999,0.3,0.345,-1.3599999999999994,1.0,5.0,False,True,opportunity_only,Scenario C fixed
0.6699999999999999,0.3,0.35,-1.3599999999999994,1.0,5.0,False,True,opportunity_only,Scenario C fixed
0.6799999999999999,0.3,0.04,-1.4399999999999995,0.19,1.95,False,False,neither,Scenario C fixed
0.6799999999999999,0.3,0.045,-1.4399999999999995,0.20500000000000002,2.0250000000000004,False,False,neither,Scenario C fixed
0.6799999999999999,0.3,0.05,-1.4399999999999995,0.22000000000000003,2.1,False,False,neither,Scenario C fixed
0.6799999999999999,0.3,0.055,-1.4399999999999995,0.23500000000000001,2.175,False,False,neither,Scenario C fixed
0.6799999999999999,0.3,0.06,-1.4399999999999995,0.25,2.25,False,False,neither,Scenario C fixed
0.6799999999999999,0.3,0.065,-1.4399999999999995,0.265,2.325,False,False,neither,Scenario C fixed
0.6799999999999999,0.3,0.07,-1.4399999999999995,0.28,2.4000000000000004,False,False,neither,Scenario C fixed
0.6799999999999999,0.3,0.07500000000000001,-1.4399999999999995,0.29500000000000004,2.475,False,False,neither,Scenario C fixed
0.6799999999999999,0.3,0.08,-1.4399999999999995,0.31,2.55,False,False,neither,Scenario C fixed
0.6799999999999999,0.3,0.08499999999999999,-1.4399999999999995,0.325,2.625,False,False,neither,Scenario C fixed
0.6799999999999999,0.3,0.09,-1.4399999999999995,0.34,2.7,False,False,neither,Scenario C fixed
0.6799999999999999,0.3,0.095,-1.4399999999999995,0.35500000000000004,2.7750000000000004,False,False,neither,Scenario C fixed
0.6799999999999999,0.3,0.1,-1.4399999999999995,0.37000000000000005,2.8500000000000005,False,False,neither,Scenario C fixed
0.6799999999999999,0.3,0.10500000000000001,-1.4399999999999995,0.38500000000000006,2.9250000000000003,False,False,neither,Scenario C fixed
0.6799999999999999,0.3,0.11000000000000001,-1.4399999999999995,0.4000000000000001,3.0000000000000004,False,False,neither,Scenario C fixed
0.6799999999999999,0.3,0.11499999999999999,-1.4399999999999995,0.415,3.0749999999999997,False,False,neither,Scenario C fixed
0.6799999999999999,0.3,0.12,-1.4399999999999995,0.43,3.15,False,False,neither,Scenario C fixed
0.6799999999999999,0.3,0.125,-1.4399999999999995,0.445,3.225,False,False,neither,Scenario C fixed
0.6799999999999999,0.3,0.13,-1.4399999999999995,0.46,3.3000000000000003,False,False,neither,Scenario C fixed
0.6799999999999999,0.3,0.135,-1.4399999999999995,0.47500000000000003,3.375,False,False,neither,Scenario C fixed
0.6799999999999999,0.3,0.14,-1.4399999999999995,0.49000000000000005,3.45,False,False,neither,Scenario C fixed
0.6799999999999999,0.3,0.145,-1.4399999999999995,0.5049999999999999,3.5249999999999995,False,False,neither,Scenario C fixed
0.6799999999999999,0.3,0.15,-1.4399999999999995,0.52,3.6,False,False,neither,Scenario C fixed
0.6799999999999999,0.3,0.155,-1.4399999999999995,0.5349999999999999,3.675,False,False,neither,Scenario C fixed
0.6799999999999999,0.3,0.16,-1.4399999999999995,0.55,3.75,False,False,neither,Scenario C fixed
0.6799999999999999,0.3,0.165,-1.4399999999999995,0.565,3.8249999999999997,False,False,neither,Scenario C fixed
0.6799999999999999,0.3,0.17,-1.4399999999999995,0.5800000000000001,3.9000000000000004,False,False,neither,Scenario C fixed
0.6799999999999999,0.3,0.17500000000000002,-1.4399999999999995,0.595,3.9749999999999996,False,False,neither,Scenario C fixed
0.6799999999999999,0.3,0.18000000000000002,-1.4399999999999995,0.6100000000000001,4.050000000000001,False,False,neither,Scenario C fixed
0.6799999999999999,0.3,0.185,-1.4399999999999995,0.625,4.125,False,False,neither,Scenario C fixed
0.6799999999999999,0.3,0.19,-1.4399999999999995,0.6400000000000001,4.200000000000001,False,False,neither,Scenario C fixed
0.6799999999999999,0.3,0.195,-1.4399999999999995,0.655,4.275,False,False,neither,Scenario C fixed
0.6799999999999999,0.3,0.2,-1.4399999999999995,0.6700000000000002,4.3500000000000005,False,False,neither,Scenario C fixed
0.6799999999999999,0.3,0.20500000000000002,-1.4399999999999995,0.685,4.425000000000001,False,False,neither,Scenario C fixed
0.6799999999999999,0.3,0.21000000000000002,-1.4399999999999995,0.7000000000000002,4.500000000000001,False,False,neither,Scenario C fixed
0.6799999999999999,0.3,0.21500000000000002,-1.4399999999999995,0.7150000000000001,4.575,False,False,neither,Scenario C fixed
0.6799999999999999,0.3,0.22,-1.4399999999999995,0.73,4.65,False,False,neither,Scenario C fixed
0.6799999999999999,0.3,0.225,-1.4399999999999995,0.7450000000000001,4.7250000000000005,False,False,neither,Scenario C fixed
0.6799999999999999,0.3,0.23,-1.4399999999999995,0.76,4.8,False,False,neither,Scenario C fixed
0.6799999999999999,0.3,0.23500000000000001,-1.4399999999999995,0.7750000000000001,4.875000000000001,False,False,neither,Scenario C fixed
0.6799999999999999,0.3,0.24000000000000002,-1.4399999999999995,0.79,4.95,False,False,neither,Scenario C fixed
0.6799999999999999,0.3,0.24500000000000002,-1.4399999999999995,0.8050000000000002,5.0,False,True,opportunity_only,Scenario C fixed
0.6799999999999999,0.3,0.25,-1.4399999999999995,0.8200000000000001,5.0,False,True,opportunity_only,Scenario C fixed
0.6799999999999999,0.3,0.255,-1.4399999999999995,0.835,5.0,False,True,opportunity_only,Scenario C fixed
0.6799999999999999,0.3,0.26,-1.4399999999999995,0.8500000000000001,5.0,False,True,opportunity_only,Scenario C fixed
0.6799999999999999,0.3,0.265,-1.4399999999999995,0.865,5.0,False,True,opportunity_only,Scenario C fixed
0.6799999999999999,0.3,0.27,-1.4399999999999995,0.8800000000000001,5.0,False,True,opportunity_only,Scenario C fixed
0.6799999999999999,0.3,0.275,-1.4399999999999995,0.895,5.0,False,True,opportunity_only,Scenario C fixed
0.6799999999999999,0.3,0.27999999999999997,-1.4399999999999995,0.9099999999999999,5.0,False,True,opportunity_only,Scenario C fixed
0.6799999999999999,0.3,0.285,-1.4399999999999995,0.925,5.0,False,True,opportunity_only,Scenario C fixed
0.6799999999999999,0.3,0.29,-1.4399999999999995,0.94,5.0,False,True,opportunity_only,Scenario C fixed
0.6799999999999999,0.3,0.295,-1.4399999999999995,0.9550000000000001,5.0,False,True,opportunity_only,Scenario C fixed
0.6799999999999999,0.3,0.3,-1.4399999999999995,0.97,5.0,False,True,opportunity_only,Scenario C fixed
0.6799999999999999,0.3,0.305,-1.4399999999999995,0.9850000000000001,5.0,False,True,opportunity_only,Scenario C fixed
0.6799999999999999,0.3,0.31,-1.4399999999999995,1.0,5.0,False,True,opportunity_only,Scenario C fixed
0.6799999999999999,0.3,0.315,-1.4399999999999995,1.0,5.0,False,True,opportunity_only,Scenario C fixed
0.6799999999999999,0.3,0.32,-1.4399999999999995,1.0,5.0,False,True,opportunity_only,Scenario C fixed
0.6799999999999999,0.3,0.325,-1.4399999999999995,1.0,5.0,False,True,opportunity_only,Scenario C fixed
0.6799999999999999,0.3,0.32999999999999996,-1.4399999999999995,1.0,5.0,False,True,opportunity_only,Scenario C fixed
0.6799999999999999,0.3,0.33499999999999996,-1.4399999999999995,1.0,5.0,False,True,opportunity_only,Scenario C fixed
0.6799999999999999,0.3,0.33999999999999997,-1.4399999999999995,1.0,5.0,False,True,opportunity_only,Scenario C fixed
0.6799999999999999,0.3,0.345,-1.4399999999999995,1.0,5.0,False,True,opportunity_only,Scenario C fixed
0.6799999999999999,0.3,0.35,-1.4399999999999995,1.0,5.0,False,True,opportunity_only,Scenario C fixed
0.69,0.3,0.04,-1.5199999999999996,0.19,1.95,False,False,neither,Scenario C fixed
0.69,0.3,0.045,-1.5199999999999996,0.20500000000000002,2.0250000000000004,False,False,neither,Scenario C fixed
0.69,0.3,0.05,-1.5199999999999996,0.22000000000000003,2.1,False,False,neither,Scenario C fixed
0.69,0.3,0.055,-1.5199999999999996,0.23500000000000001,2.175,False,False,neither,Scenario C fixed
0.69,0.3,0.06,-1.5199999999999996,0.25,2.25,False,False,neither,Scenario C fixed
0.69,0.3,0.065,-1.5199999999999996,0.265,2.325,False,False,neither,Scenario C fixed
0.69,0.3,0.07,-1.5199999999999996,0.28,2.4000000000000004,False,False,neither,Scenario C fixed
0.69,0.3,0.07500000000000001,-1.5199999999999996,0.29500000000000004,2.475,False,False,neither,Scenario C fixed
0.69,0.3,0.08,-1.5199999999999996,0.31,2.55,False,False,neither,Scenario C fixed
0.69,0.3,0.08499999999999999,-1.5199999999999996,0.325,2.625,False,False,neither,Scenario C fixed
0.69,0.3,0.09,-1.5199999999999996,0.34,2.7,False,False,neither,Scenario C fixed
0.69,0.3,0.095,-1.5199999999999996,0.35500000000000004,2.7750000000000004,False,False,neither,Scenario C fixed
0.69,0.3,0.1,-1.5199999999999996,0.37000000000000005,2.8500000000000005,False,False,neither,Scenario C fixed
0.69,0.3,0.10500000000000001,-1.5199999999999996,0.38500000000000006,2.9250000000000003,False,False,neither,Scenario C fixed
0.69,0.3,0.11000000000000001,-1.5199999999999996,0.4000000000000001,3.0000000000000004,False,False,neither,Scenario C fixed
0.69,0.3,0.11499999999999999,-1.5199999999999996,0.415,3.0749999999999997,False,False,neither,Scenario C fixed
0.69,0.3,0.12,-1.5199999999999996,0.43,3.15,False,False,neither,Scenario C fixed
0.69,0.3,0.125,-1.5199999999999996,0.445,3.225,False,False,neither,Scenario C fixed
0.69,0.3,0.13,-1.5199999999999996,0.46,3.3000000000000003,False,False,neither,Scenario C fixed
0.69,0.3,0.135,-1.5199999999999996,0.47500000000000003,3.375,False,False,neither,Scenario C fixed
0.69,0.3,0.14,-1.5199999999999996,0.49000000000000005,3.45,False,False,neither,Scenario C fixed
0.69,0.3,0.145,-1.5199999999999996,0.5049999999999999,3.5249999999999995,False,False,neither,Scenario C fixed
0.69,0.3,0.15,-1.5199999999999996,0.52,3.6,False,False,neither,Scenario C fixed
0.69,0.3,0.155,-1.5199999999999996,0.5349999999999999,3.675,False,False,neither,Scenario C fixed
0.69,0.3,0.16,-1.5199999999999996,0.55,3.75,False,False,neither,Scenario C fixed
0.69,0.3,0.165,-1.5199999999999996,0.565,3.8249999999999997,False,False,neither,Scenario C fixed
0.69,0.3,0.17,-1.5199999999999996,0.5800000000000001,3.9000000000000004,False,False,neither,Scenario C fixed
0.69,0.3,0.17500000000000002,-1.5199999999999996,0.595,3.9749999999999996,False,False,neither,Scenario C fixed
0.69,0.3,0.18000000000000002,-1.5199999999999996,0.6100000000000001,4.050000000000001,False,False,neither,Scenario C fixed
0.69,0.3,0.185,-1.5199999999999996,0.625,4.125,False,False,neither,Scenario C fixed
0.69,0.3,0.19,-1.5199999999999996,0.6400000000000001,4.200000000000001,False,False,neither,Scenario C fixed
0.69,0.3,0.195,-1.5199999999999996,0.655,4.275,False,False,neither,Scenario C fixed
0.69,0.3,0.2,-1.5199999999999996,0.6700000000000002,4.3500000000000005,False,False,neither,Scenario C fixed
0.69,0.3,0.20500000000000002,-1.5199999999999996,0.685,4.425000000000001,False,False,neither,Scenario C fixed
0.69,0.3,0.21000000000000002,-1.5199999999999996,0.7000000000000002,4.500000000000001,False,False,neither,Scenario C fixed
0.69,0.3,0.21500000000000002,-1.5199999999999996,0.7150000000000001,4.575,False,False,neither,Scenario C fixed
0.69,0.3,0.22,-1.5199999999999996,0.73,4.65,False,False,neither,Scenario C fixed
0.69,0.3,0.225,-1.5199999999999996,0.7450000000000001,4.7250000000000005,False,False,neither,Scenario C fixed
0.69,0.3,0.23,-1.5199999999999996,0.76,4.8,False,False,neither,Scenario C fixed
0.69,0.3,0.23500000000000001,-1.5199999999999996,0.7750000000000001,4.875000000000001,False,False,neither,Scenario C fixed
0.69,0.3,0.24000000000000002,-1.5199999999999996,0.79,4.95,False,False,neither,Scenario C fixed
0.69,0.3,0.24500000000000002,-1.5199999999999996,0.8050000000000002,5.0,False,True,opportunity_only,Scenario C fixed
0.69,0.3,0.25,-1.5199999999999996,0.8200000000000001,5.0,False,True,opportunity_only,Scenario C fixed
0.69,0.3,0.255,-1.5199999999999996,0.835,5.0,False,True,opportunity_only,Scenario C fixed
0.69,0.3,0.26,-1.5199999999999996,0.8500000000000001,5.0,False,True,opportunity_only,Scenario C fixed
0.69,0.3,0.265,-1.5199999999999996,0.865,5.0,False,True,opportunity_only,Scenario C fixed
0.69,0.3,0.27,-1.5199999999999996,0.8800000000000001,5.0,False,True,opportunity_only,Scenario C fixed
0.69,0.3,0.275,-1.5199999999999996,0.895,5.0,False,True,opportunity_only,Scenario C fixed
0.69,0.3,0.27999999999999997,-1.5199999999999996,0.9099999999999999,5.0,False,True,opportunity_only,Scenario C fixed
0.69,0.3,0.285,-1.5199999999999996,0.925,5.0,False,True,opportunity_only,Scenario C fixed
0.69,0.3,0.29,-1.5199999999999996,0.94,5.0,False,True,opportunity_only,Scenario C fixed
0.69,0.3,0.295,-1.5199999999999996,0.9550000000000001,5.0,False,True,opportunity_only,Scenario C fixed
0.69,0.3,0.3,-1.5199999999999996,0.97,5.0,False,True,opportunity_only,Scenario C fixed
0.69,0.3,0.305,-1.5199999999999996,0.9850000000000001,5.0,False,True,opportunity_only,Scenario C fixed
0.69,0.3,0.31,-1.5199999999999996,1.0,5.0,False,True,opportunity_only,Scenario C fixed
0.69,0.3,0.315,-1.5199999999999996,1.0,5.0,False,True,opportunity_only,Scenario C fixed
0.69,0.3,0.32,-1.5199999999999996,1.0,5.0,False,True,opportunity_only,Scenario C fixed
0.69,0.3,0.325,-1.5199999999999996,1.0,5.0,False,True,opportunity_only,Scenario C fixed
0.69,0.3,0.32999999999999996,-1.5199999999999996,1.0,5.0,False,True,opportunity_only,Scenario C fixed
0.69,0.3,0.33499999999999996,-1.5199999999999996,1.0,5.0,False,True,opportunity_only,Scenario C fixed
0.69,0.3,0.33999999999999997,-1.5199999999999996,1.0,5.0,False,True,opportunity_only,Scenario C fixed
0.69,0.3,0.345,-1.5199999999999996,1.0,5.0,False,True,opportunity_only,Scenario C fixed
0.69,0.3,0.35,-1.5199999999999996,1.0,5.0,False,True,opportunity_only,Scenario C fixed
0.7,0.3,0.04,-1.5999999999999996,0.19,1.95,False,False,neither,Scenario C fixed
0.7,0.3,0.045,-1.5999999999999996,0.20500000000000002,2.0250000000000004,False,False,neither,Scenario C fixed
0.7,0.3,0.05,-1.5999999999999996,0.22000000000000003,2.1,False,False,neither,Scenario C fixed
0.7,0.3,0.055,-1.5999999999999996,0.23500000000000001,2.175,False,False,neither,Scenario C fixed
0.7,0.3,0.06,-1.5999999999999996,0.25,2.25,False,False,neither,Scenario C fixed
0.7,0.3,0.065,-1.5999999999999996,0.265,2.325,False,False,neither,Scenario C fixed
0.7,0.3,0.07,-1.5999999999999996,0.28,2.4000000000000004,False,False,neither,Scenario C fixed
0.7,0.3,0.07500000000000001,-1.5999999999999996,0.29500000000000004,2.475,False,False,neither,Scenario C fixed
0.7,0.3,0.08,-1.5999999999999996,0.31,2.55,False,False,neither,Scenario C fixed
0.7,0.3,0.08499999999999999,-1.5999999999999996,0.325,2.625,False,False,neither,Scenario C fixed
0.7,0.3,0.09,-1.5999999999999996,0.34,2.7,False,False,neither,Scenario C fixed
0.7,0.3,0.095,-1.5999999999999996,0.35500000000000004,2.7750000000000004,False,False,neither,Scenario C fixed
0.7,0.3,0.1,-1.5999999999999996,0.37000000000000005,2.8500000000000005,False,False,neither,Scenario C fixed
0.7,0.3,0.10500000000000001,-1.5999999999999996,0.38500000000000006,2.9250000000000003,False,False,neither,Scenario C fixed
0.7,0.3,0.11000000000000001,-1.5999999999999996,0.4000000000000001,3.0000000000000004,False,False,neither,Scenario C fixed
0.7,0.3,0.11499999999999999,-1.5999999999999996,0.415,3.0749999999999997,False,False,neither,Scenario C fixed
0.7,0.3,0.12,-1.5999999999999996,0.43,3.15,False,False,neither,Scenario C fixed
0.7,0.3,0.125,-1.5999999999999996,0.445,3.225,False,False,neither,Scenario C fixed
0.7,0.3,0.13,-1.5999999999999996,0.46,3.3000000000000003,False,False,neither,Scenario C fixed
0.7,0.3,0.135,-1.5999999999999996,0.47500000000000003,3.375,False,False,neither,Scenario C fixed
0.7,0.3,0.14,-1.5999999999999996,0.49000000000000005,3.45,False,False,neither,Scenario C fixed
0.7,0.3,0.145,-1.5999999999999996,0.5049999999999999,3.5249999999999995,False,False,neither,Scenario C fixed
0.7,0.3,0.15,-1.5999999999999996,0.52,3.6,False,False,neither,Scenario C fixed
0.7,0.3,0.155,-1.5999999999999996,0.5349999999999999,3.675,False,False,neither,Scenario C fixed
0.7,0.3,0.16,-1.5999999999999996,0.55,3.75,False,False,neither,Scenario C fixed
0.7,0.3,0.165,-1.5999999999999996,0.565,3.8249999999999997,False,False,neither,Scenario C fixed
0.7,0.3,0.17,-1.5999999999999996,0.5800000000000001,3.9000000000000004,False,False,neither,Scenario C fixed
0.7,0.3,0.17500000000000002,-1.5999999999999996,0.595,3.9749999999999996,False,False,neither,Scenario C fixed
0.7,0.3,0.18000000000000002,-1.5999999999999996,0.6100000000000001,4.050000000000001,False,False,neither,Scenario C fixed
0.7,0.3,0.185,-1.5999999999999996,0.625,4.125,False,False,neither,Scenario C fixed
0.7,0.3,0.19,-1.5999999999999996,0.6400000000000001,4.200000000000001,False,False,neither,Scenario C fixed
0.7,0.3,0.195,-1.5999999999999996,0.655,4.275,False,False,neither,Scenario C fixed
0.7,0.3,0.2,-1.5999999999999996,0.6700000000000002,4.3500000000000005,False,False,neither,Scenario C fixed
0.7,0.3,0.20500000000000002,-1.5999999999999996,0.685,4.425000000000001,False,False,neither,Scenario C fixed
0.7,0.3,0.21000000000000002,-1.5999999999999996,0.7000000000000002,4.500000000000001,False,False,neither,Scenario C fixed
0.7,0.3,0.21500000000000002,-1.5999999999999996,0.7150000000000001,4.575,False,False,neither,Scenario C fixed
0.7,0.3,0.22,-1.5999999999999996,0.73,4.65,False,False,neither,Scenario C fixed
0.7,0.3,0.225,-1.5999999999999996,0.7450000000000001,4.7250000000000005,False,False,neither,Scenario C fixed
0.7,0.3,0.23,-1.5999999999999996,0.76,4.8,False,False,neither,Scenario C fixed
0.7,0.3,0.23500000000000001,-1.5999999999999996,0.7750000000000001,4.875000000000001,False,False,neither,Scenario C fixed
0.7,0.3,0.24000000000000002,-1.5999999999999996,0.79,4.95,False,False,neither,Scenario C fixed
0.7,0.3,0.24500000000000002,-1.5999999999999996,0.8050000000000002,5.0,False,True,opportunity_only,Scenario C fixed
0.7,0.3,0.25,-1.5999999999999996,0.8200000000000001,5.0,False,True,opportunity_only,Scenario C fixed
0.7,0.3,0.255,-1.5999999999999996,0.835,5.0,False,True,opportunity_only,Scenario C fixed
0.7,0.3,0.26,-1.5999999999999996,0.8500000000000001,5.0,False,True,opportunity_only,Scenario C fixed
0.7,0.3,0.265,-1.5999999999999996,0.865,5.0,False,True,opportunity_only,Scenario C fixed
0.7,0.3,0.27,-1.5999999999999996,0.8800000000000001,5.0,False,True,opportunity_only,Scenario C fixed
0.7,0.3,0.275,-1.5999999999999996,0.895,5.0,False,True,opportunity_only,Scenario C fixed
0.7,0.3,0.27999999999999997,-1.5999999999999996,0.9099999999999999,5.0,False,True,opportunity_only,Scenario C fixed
0.7,0.3,0.285,-1.5999999999999996,0.925,5.0,False,True,opportunity_only,Scenario C fixed
0.7,0.3,0.29,-1.5999999999999996,0.94,5.0,False,True,opportunity_only,Scenario C fixed
0.7,0.3,0.295,-1.5999999999999996,0.9550000000000001,5.0,False,True,opportunity_only,Scenario C fixed
0.7,0.3,0.3,-1.5999999999999996,0.97,5.0,False,True,opportunity_only,Scenario C fixed
0.7,0.3,0.305,-1.5999999999999996,0.9850000000000001,5.0,False,True,opportunity_only,Scenario C fixed
0.7,0.3,0.31,-1.5999999999999996,1.0,5.0,False,True,opportunity_only,Scenario C fixed
0.7,0.3,0.315,-1.5999999999999996,1.0,5.0,False,True,opportunity_only,Scenario C fixed
0.7,0.3,0.32,-1.5999999999999996,1.0,5.0,False,True,opportunity_only,Scenario C fixed
0.7,0.3,0.325,-1.5999999999999996,1.0,5.0,False,True,opportunity_only,Scenario C fixed
0.7,0.3,0.32999999999999996,-1.5999999999999996,1.0,5.0,False,True,opportunity_only,Scenario C fixed
0.7,0.3,0.33499999999999996,-1.5999999999999996,1.0,5.0,False,True,opportunity_only,Scenario C fixed
0.7,0.3,0.33999999999999997,-1.5999999999999996,1.0,5.0,False,True,opportunity_only,Scenario C fixed
0.7,0.3,0.345,-1.5999999999999996,1.0,5.0,False,True,opportunity_only,Scenario C fixed
0.7,0.3,0.35,-1.5999999999999996,1.0,5.0,False,True,opportunity_only,Scenario C fixed
0.71,0.3,0.04,-1.6799999999999997,0.19,1.95,False,False,neither,Scenario C fixed
0.71,0.3,0.045,-1.6799999999999997,0.20500000000000002,2.0250000000000004,False,False,neither,Scenario C fixed
0.71,0.3,0.05,-1.6799999999999997,0.22000000000000003,2.1,False,False,neither,Scenario C fixed
0.71,0.3,0.055,-1.6799999999999997,0.23500000000000001,2.175,False,False,neither,Scenario C fixed
0.71,0.3,0.06,-1.6799999999999997,0.25,2.25,False,False,neither,Scenario C fixed
0.71,0.3,0.065,-1.6799999999999997,0.265,2.325,False,False,neither,Scenario C fixed
0.71,0.3,0.07,-1.6799999999999997,0.28,2.4000000000000004,False,False,neither,Scenario C fixed
0.71,0.3,0.07500000000000001,-1.6799999999999997,0.29500000000000004,2.475,False,False,neither,Scenario C fixed
0.71,0.3,0.08,-1.6799999999999997,0.31,2.55,False,False,neither,Scenario C fixed
0.71,0.3,0.08499999999999999,-1.6799999999999997,0.325,2.625,False,False,neither,Scenario C fixed
0.71,0.3,0.09,-1.6799999999999997,0.34,2.7,False,False,neither,Scenario C fixed
0.71,0.3,0.095,-1.6799999999999997,0.35500000000000004,2.7750000000000004,False,False,neither,Scenario C fixed
0.71,0.3,0.1,-1.6799999999999997,0.37000000000000005,2.8500000000000005,False,False,neither,Scenario C fixed
0.71,0.3,0.10500000000000001,-1.6799999999999997,0.38500000000000006,2.9250000000000003,False,False,neither,Scenario C fixed
0.71,0.3,0.11000000000000001,-1.6799999999999997,0.4000000000000001,3.0000000000000004,False,False,neither,Scenario C fixed
0.71,0.3,0.11499999999999999,-1.6799999999999997,0.415,3.0749999999999997,False,False,neither,Scenario C fixed
0.71,0.3,0.12,-1.6799999999999997,0.43,3.15,False,False,neither,Scenario C fixed
0.71,0.3,0.125,-1.6799999999999997,0.445,3.225,False,False,neither,Scenario C fixed
0.71,0.3,0.13,-1.6799999999999997,0.46,3.3000000000000003,False,False,neither,Scenario C fixed
0.71,0.3,0.135,-1.6799999999999997,0.47500000000000003,3.375,False,False,neither,Scenario C fixed
0.71,0.3,0.14,-1.6799999999999997,0.49000000000000005,3.45,False,False,neither,Scenario C fixed
0.71,0.3,0.145,-1.6799999999999997,0.5049999999999999,3.5249999999999995,False,False,neither,Scenario C fixed
0.71,0.3,0.15,-1.6799999999999997,0.52,3.6,False,False,neither,Scenario C fixed
0.71,0.3,0.155,-1.6799999999999997,0.5349999999999999,3.675,False,False,neither,Scenario C fixed
0.71,0.3,0.16,-1.6799999999999997,0.55,3.75,False,False,neither,Scenario C fixed
0.71,0.3,0.165,-1.6799999999999997,0.565,3.8249999999999997,False,False,neither,Scenario C fixed
0.71,0.3,0.17,-1.6799999999999997,0.5800000000000001,3.9000000000000004,False,False,neither,Scenario C fixed
0.71,0.3,0.17500000000000002,-1.6799999999999997,0.595,3.9749999999999996,False,False,neither,Scenario C fixed
0.71,0.3,0.18000000000000002,-1.6799999999999997,0.6100000000000001,4.050000000000001,False,False,neither,Scenario C fixed
0.71,0.3,0.185,-1.6799999999999997,0.625,4.125,False,False,neither,Scenario C fixed
0.71,0.3,0.19,-1.6799999999999997,0.6400000000000001,4.200000000000001,False,False,neither,Scenario C fixed
0.71,0.3,0.195,-1.6799999999999997,0.655,4.275,False,False,neither,Scenario C fixed
0.71,0.3,0.2,-1.6799999999999997,0.6700000000000002,4.3500000000000005,False,False,neither,Scenario C fixed
0.71,0.3,0.20500000000000002,-1.6799999999999997,0.685,4.425000000000001,False,False,neither,Scenario C fixed
0.71,0.3,0.21000000000000002,-1.6799999999999997,0.7000000000000002,4.500000000000001,False,False,neither,Scenario C fixed
0.71,0.3,0.21500000000000002,-1.6799999999999997,0.7150000000000001,4.575,False,False,neither,Scenario C fixed
0.71,0.3,0.22,-1.6799999999999997,0.73,4.65,False,False,neither,Scenario C fixed
0.71,0.3,0.225,-1.6799999999999997,0.7450000000000001,4.7250000000000005,False,False,neither,Scenario C fixed
0.71,0.3,0.23,-1.6799999999999997,0.76,4.8,False,False,neither,Scenario C fixed
0.71,0.3,0.23500000000000001,-1.6799999999999997,0.7750000000000001,4.875000000000001,False,False,neither,Scenario C fixed
0.71,0.3,0.24000000000000002,-1.6799999999999997,0.79,4.95,False,False,neither,Scenario C fixed
0.71,0.3,0.24500000000000002,-1.6799999999999997,0.8050000000000002,5.0,False,True,opportunity_only,Scenario C fixed
0.71,0.3,0.25,-1.6799999999999997,0.8200000000000001,5.0,False,True,opportunity_only,Scenario C fixed
0.71,0.3,0.255,-1.6799999999999997,0.835,5.0,False,True,opportunity_only,Scenario C fixed
0.71,0.3,0.26,-1.6799999999999997,0.8500000000000001,5.0,False,True,opportunity_only,Scenario C fixed
0.71,0.3,0.265,-1.6799999999999997,0.865,5.0,False,True,opportunity_only,Scenario C fixed
0.71,0.3,0.27,-1.6799999999999997,0.8800000000000001,5.0,False,True,opportunity_only,Scenario C fixed
0.71,0.3,0.275,-1.6799999999999997,0.895,5.0,False,True,opportunity_only,Scenario C fixed
0.71,0.3,0.27999999999999997,-1.6799999999999997,0.9099999999999999,5.0,False,True,opportunity_only,Scenario C fixed
0.71,0.3,0.285,-1.6799999999999997,0.925,5.0,False,True,opportunity_only,Scenario C fixed
0.71,0.3,0.29,-1.6799999999999997,0.94,5.0,False,True,opportunity_only,Scenario C fixed
0.71,0.3,0.295,-1.6799999999999997,0.9550000000000001,5.0,False,True,opportunity_only,Scenario C fixed
0.71,0.3,0.3,-1.6799999999999997,0.97,5.0,False,True,opportunity_only,Scenario C fixed
0.71,0.3,0.305,-1.6799999999999997,0.9850000000000001,5.0,False,True,opportunity_only,Scenario C fixed
0.71,0.3,0.31,-1.6799999999999997,1.0,5.0,False,True,opportunity_only,Scenario C fixed
0.71,0.3,0.315,-1.6799999999999997,1.0,5.0,False,True,opportunity_only,Scenario C fixed
0.71,0.3,0.32,-1.6799999999999997,1.0,5.0,False,True,opportunity_only,Scenario C fixed
0.71,0.3,0.325,-1.6799999999999997,1.0,5.0,False,True,opportunity_only,Scenario C fixed
0.71,0.3,0.32999999999999996,-1.6799999999999997,1.0,5.0,False,True,opportunity_only,Scenario C fixed
0.71,0.3,0.33499999999999996,-1.6799999999999997,1.0,5.0,False,True,opportunity_only,Scenario C fixed
0.71,0.3,0.33999999999999997,-1.6799999999999997,1.0,5.0,False,True,opportunity_only,Scenario C fixed
0.71,0.3,0.345,-1.6799999999999997,1.0,5.0,False,True,opportunity_only,Scenario C fixed
0.71,0.3,0.35,-1.6799999999999997,1.0,5.0,False,True,opportunity_only,Scenario C fixed
0.72,0.3,0.04,-1.7599999999999998,0.19,1.95,False,False,neither,Scenario C fixed
0.72,0.3,0.045,-1.7599999999999998,0.20500000000000002,2.0250000000000004,False,False,neither,Scenario C fixed
0.72,0.3,0.05,-1.7599999999999998,0.22000000000000003,2.1,False,False,neither,Scenario C fixed
0.72,0.3,0.055,-1.7599999999999998,0.23500000000000001,2.175,False,False,neither,Scenario C fixed
0.72,0.3,0.06,-1.7599999999999998,0.25,2.25,False,False,neither,Scenario C fixed
0.72,0.3,0.065,-1.7599999999999998,0.265,2.325,False,False,neither,Scenario C fixed
0.72,0.3,0.07,-1.7599999999999998,0.28,2.4000000000000004,False,False,neither,Scenario C fixed
0.72,0.3,0.07500000000000001,-1.7599999999999998,0.29500000000000004,2.475,False,False,neither,Scenario C fixed
0.72,0.3,0.08,-1.7599999999999998,0.31,2.55,False,False,neither,Scenario C fixed
0.72,0.3,0.08499999999999999,-1.7599999999999998,0.325,2.625,False,False,neither,Scenario C fixed
0.72,0.3,0.09,-1.7599999999999998,0.34,2.7,False,False,neither,Scenario C fixed
0.72,0.3,0.095,-1.7599999999999998,0.35500000000000004,2.7750000000000004,False,False,neither,Scenario C fixed
0.72,0.3,0.1,-1.7599999999999998,0.37000000000000005,2.8500000000000005,False,False,neither,Scenario C fixed
0.72,0.3,0.10500000000000001,-1.7599999999999998,0.38500000000000006,2.9250000000000003,False,False,neither,Scenario C fixed
0.72,0.3,0.11000000000000001,-1.7599999999999998,0.4000000000000001,3.0000000000000004,False,False,neither,Scenario C fixed
0.72,0.3,0.11499999999999999,-1.7599999999999998,0.415,3.0749999999999997,False,False,neither,Scenario C fixed
0.72,0.3,0.12,-1.7599999999999998,0.43,3.15,False,False,neither,Scenario C fixed
0.72,0.3,0.125,-1.7599999999999998,0.445,3.225,False,False,neither,Scenario C fixed
0.72,0.3,0.13,-1.7599999999999998,0.46,3.3000000000000003,False,False,neither,Scenario C fixed
0.72,0.3,0.135,-1.7599999999999998,0.47500000000000003,3.375,False,False,neither,Scenario C fixed
0.72,0.3,0.14,-1.7599999999999998,0.49000000000000005,3.45,False,False,neither,Scenario C fixed
0.72,0.3,0.145,-1.7599999999999998,0.5049999999999999,3.5249999999999995,False,False,neither,Scenario C fixed
0.72,0.3,0.15,-1.7599999999999998,0.52,3.6,False,False,neither,Scenario C fixed
0.72,0.3,0.155,-1.7599999999999998,0.5349999999999999,3.675,False,False,neither,Scenario C fixed
0.72,0.3,0.16,-1.7599999999999998,0.55,3.75,False,False,neither,Scenario C fixed
0.72,0.3,0.165,-1.7599999999999998,0.565,3.8249999999999997,False,False,neither,Scenario C fixed
0.72,0.3,0.17,-1.7599999999999998,0.5800000000000001,3.9000000000000004,False,False,neither,Scenario C fixed
0.72,0.3,0.17500000000000002,-1.7599999999999998,0.595,3.9749999999999996,False,False,neither,Scenario C fixed
0.72,0.3,0.18000000000000002,-1.7599999999999998,0.6100000000000001,4.050000000000001,False,False,neither,Scenario C fixed
0.72,0.3,0.185,-1.7599999999999998,0.625,4.125,False,False,neither,Scenario C fixed
0.72,0.3,0.19,-1.7599999999999998,0.6400000000000001,4.200000000000001,False,False,neither,Scenario C fixed
0.72,0.3,0.195,-1.7599999999999998,0.655,4.275,False,False,neither,Scenario C fixed
0.72,0.3,0.2,-1.7599999999999998,0.6700000000000002,4.3500000000000005,False,False,neither,Scenario C fixed
0.72,0.3,0.20500000000000002,-1.7599999999999998,0.685,4.425000000000001,False,False,neither,Scenario C fixed
0.72,0.3,0.21000000000000002,-1.7599999999999998,0.7000000000000002,4.500000000000001,False,False,neither,Scenario C fixed
0.72,0.3,0.21500000000000002,-1.7599999999999998,0.7150000000000001,4.575,False,False,neither,Scenario C fixed
0.72,0.3,0.22,-1.7599999999999998,0.73,4.65,False,False,neither,Scenario C fixed
0.72,0.3,0.225,-1.7599999999999998,0.7450000000000001,4.7250000000000005,False,False,neither,Scenario C fixed
0.72,0.3,0.23,-1.7599999999999998,0.76,4.8,False,False,neither,Scenario C fixed
0.72,0.3,0.23500000000000001,-1.7599999999999998,0.7750000000000001,4.875000000000001,False,False,neither,Scenario C fixed
0.72,0.3,0.24000000000000002,-1.7599999999999998,0.79,4.95,False,False,neither,Scenario C fixed
0.72,0.3,0.24500000000000002,-1.7599999999999998,0.8050000000000002,5.0,False,True,opportunity_only,Scenario C fixed
0.72,0.3,0.25,-1.7599999999999998,0.8200000000000001,5.0,False,True,opportunity_only,Scenario C fixed
0.72,0.3,0.255,-1.7599999999999998,0.835,5.0,False,True,opportunity_only,Scenario C fixed
0.72,0.3,0.26,-1.7599999999999998,0.8500000000000001,5.0,False,True,opportunity_only,Scenario C fixed
0.72,0.3,0.265,-1.7599999999999998,0.865,5.0,False,True,opportunity_only,Scenario C fixed
0.72,0.3,0.27,-1.7599999999999998,0.8800000000000001,5.0,False,True,opportunity_only,Scenario C fixed
0.72,0.3,0.275,-1.7599999999999998,0.895,5.0,False,True,opportunity_only,Scenario C fixed
0.72,0.3,0.27999999999999997,-1.7599999999999998,0.9099999999999999,5.0,False,True,opportunity_only,Scenario C fixed
0.72,0.3,0.285,-1.7599999999999998,0.925,5.0,False,True,opportunity_only,Scenario C fixed
0.72,0.3,0.29,-1.7599999999999998,0.94,5.0,False,True,opportunity_only,Scenario C fixed
0.72,0.3,0.295,-1.7599999999999998,0.9550000000000001,5.0,False,True,opportunity_only,Scenario C fixed
0.72,0.3,0.3,-1.7599999999999998,0.97,5.0,False,True,opportunity_only,Scenario C fixed
0.72,0.3,0.305,-1.7599999999999998,0.9850000000000001,5.0,False,True,opportunity_only,Scenario C fixed
0.72,0.3,0.31,-1.7599999999999998,1.0,5.0,False,True,opportunity_only,Scenario C fixed
0.72,0.3,0.315,-1.7599999999999998,1.0,5.0,False,True,opportunity_only,Scenario C fixed
0.72,0.3,0.32,-1.7599999999999998,1.0,5.0,False,True,opportunity_only,Scenario C fixed
0.72,0.3,0.325,-1.7599999999999998,1.0,5.0,False,True,opportunity_only,Scenario C fixed
0.72,0.3,0.32999999999999996,-1.7599999999999998,1.0,5.0,False,True,opportunity_only,Scenario C fixed
0.72,0.3,0.33499999999999996,-1.7599999999999998,1.0,5.0,False,True,opportunity_only,Scenario C fixed
0.72,0.3,0.33999999999999997,-1.7599999999999998,1.0,5.0,False,True,opportunity_only,Scenario C fixed
0.72,0.3,0.345,-1.7599999999999998,1.0,5.0,False,True,opportunity_only,Scenario C fixed
0.72,0.3,0.35,-1.7599999999999998,1.0,5.0,False,True,opportunity_only,Scenario C fixed
0.73,0.3,0.04,-1.8399999999999999,0.19,1.95,False,False,neither,Scenario C fixed
0.73,0.3,0.045,-1.8399999999999999,0.20500000000000002,2.0250000000000004,False,False,neither,Scenario C fixed
0.73,0.3,0.05,-1.8399999999999999,0.22000000000000003,2.1,False,False,neither,Scenario C fixed
0.73,0.3,0.055,-1.8399999999999999,0.23500000000000001,2.175,False,False,neither,Scenario C fixed
0.73,0.3,0.06,-1.8399999999999999,0.25,2.25,False,False,neither,Scenario C fixed
0.73,0.3,0.065,-1.8399999999999999,0.265,2.325,False,False,neither,Scenario C fixed
0.73,0.3,0.07,-1.8399999999999999,0.28,2.4000000000000004,False,False,neither,Scenario C fixed
0.73,0.3,0.07500000000000001,-1.8399999999999999,0.29500000000000004,2.475,False,False,neither,Scenario C fixed
0.73,0.3,0.08,-1.8399999999999999,0.31,2.55,False,False,neither,Scenario C fixed
0.73,0.3,0.08499999999999999,-1.8399999999999999,0.325,2.625,False,False,neither,Scenario C fixed
0.73,0.3,0.09,-1.8399999999999999,0.34,2.7,False,False,neither,Scenario C fixed
0.73,0.3,0.095,-1.8399999999999999,0.35500000000000004,2.7750000000000004,False,False,neither,Scenario C fixed
0.73,0.3,0.1,-1.8399999999999999,0.37000000000000005,2.8500000000000005,False,False,neither,Scenario C fixed
0.73,0.3,0.10500000000000001,-1.8399999999999999,0.38500000000000006,2.9250000000000003,False,False,neither,Scenario C fixed
0.73,0.3,0.11000000000000001,-1.8399999999999999,0.4000000000000001,3.0000000000000004,False,False,neither,Scenario C fixed
0.73,0.3,0.11499999999999999,-1.8399999999999999,0.415,3.0749999999999997,False,False,neither,Scenario C fixed
0.73,0.3,0.12,-1.8399999999999999,0.43,3.15,False,False,neither,Scenario C fixed
0.73,0.3,0.125,-1.8399999999999999,0.445,3.225,False,False,neither,Scenario C fixed
0.73,0.3,0.13,-1.8399999999999999,0.46,3.3000000000000003,False,False,neither,Scenario C fixed
0.73,0.3,0.135,-1.8399999999999999,0.47500000000000003,3.375,False,False,neither,Scenario C fixed
0.73,0.3,0.14,-1.8399999999999999,0.49000000000000005,3.45,False,False,neither,Scenario C fixed
0.73,0.3,0.145,-1.8399999999999999,0.5049999999999999,3.5249999999999995,False,False,neither,Scenario C fixed
0.73,0.3,0.15,-1.8399999999999999,0.52,3.6,False,False,neither,Scenario C fixed
0.73,0.3,0.155,-1.8399999999999999,0.5349999999999999,3.675,False,False,neither,Scenario C fixed
0.73,0.3,0.16,-1.8399999999999999,0.55,3.75,False,False,neither,Scenario C fixed
0.73,0.3,0.165,-1.8399999999999999,0.565,3.8249999999999997,False,False,neither,Scenario C fixed
0.73,0.3,0.17,-1.8399999999999999,0.5800000000000001,3.9000000000000004,False,False,neither,Scenario C fixed
0.73,0.3,0.17500000000000002,-1.8399999999999999,0.595,3.9749999999999996,False,False,neither,Scenario C fixed
0.73,0.3,0.18000000000000002,-1.8399999999999999,0.6100000000000001,4.050000000000001,False,False,neither,Scenario C fixed
0.73,0.3,0.185,-1.8399999999999999,0.625,4.125,False,False,neither,Scenario C fixed
0.73,0.3,0.19,-1.8399999999999999,0.6400000000000001,4.200000000000001,False,False,neither,Scenario C fixed
0.73,0.3,0.195,-1.8399999999999999,0.655,4.275,False,False,neither,Scenario C fixed
0.73,0.3,0.2,-1.8399999999999999,0.6700000000000002,4.3500000000000005,False,False,neither,Scenario C fixed
0.73,0.3,0.20500000000000002,-1.8399999999999999,0.685,4.425000000000001,False,False,neither,Scenario C fixed
0.73,0.3,0.21000000000000002,-1.8399999999999999,0.7000000000000002,4.500000000000001,False,False,neither,Scenario C fixed
0.73,0.3,0.21500000000000002,-1.8399999999999999,0.7150000000000001,4.575,False,False,neither,Scenario C fixed
0.73,0.3,0.22,-1.8399999999999999,0.73,4.65,False,False,neither,Scenario C fixed
0.73,0.3,0.225,-1.8399999999999999,0.7450000000000001,4.7250000000000005,False,False,neither,Scenario C fixed
0.73,0.3,0.23,-1.8399999999999999,0.76,4.8,False,False,neither,Scenario C fixed
0.73,0.3,0.23500000000000001,-1.8399999999999999,0.7750000000000001,4.875000000000001,False,False,neither,Scenario C fixed
0.73,0.3,0.24000000000000002,-1.8399999999999999,0.79,4.95,False,False,neither,Scenario C fixed
0.73,0.3,0.24500000000000002,-1.8399999999999999,0.8050000000000002,5.0,False,True,opportunity_only,Scenario C fixed
0.73,0.3,0.25,-1.8399999999999999,0.8200000000000001,5.0,False,True,opportunity_only,Scenario C fixed
0.73,0.3,0.255,-1.8399999999999999,0.835,5.0,False,True,opportunity_only,Scenario C fixed
0.73,0.3,0.26,-1.8399999999999999,0.8500000000000001,5.0,False,True,opportunity_only,Scenario C fixed
0.73,0.3,0.265,-1.8399999999999999,0.865,5.0,False,True,opportunity_only,Scenario C fixed
0.73,0.3,0.27,-1.8399999999999999,0.8800000000000001,5.0,False,True,opportunity_only,Scenario C fixed
0.73,0.3,0.275,-1.8399999999999999,0.895,5.0,False,True,opportunity_only,Scenario C fixed
0.73,0.3,0.27999999999999997,-1.8399999999999999,0.9099999999999999,5.0,False,True,opportunity_only,Scenario C fixed
0.73,0.3,0.285,-1.8399999999999999,0.925,5.0,False,True,opportunity_only,Scenario C fixed
0.73,0.3,0.29,-1.8399999999999999,0.94,5.0,False,True,opportunity_only,Scenario C fixed
0.73,0.3,0.295,-1.8399999999999999,0.9550000000000001,5.0,False,True,opportunity_only,Scenario C fixed
0.73,0.3,0.3,-1.8399999999999999,0.97,5.0,False,True,opportunity_only,Scenario C fixed
0.73,0.3,0.305,-1.8399999999999999,0.9850000000000001,5.0,False,True,opportunity_only,Scenario C fixed
0.73,0.3,0.31,-1.8399999999999999,1.0,5.0,False,True,opportunity_only,Scenario C fixed
0.73,0.3,0.315,-1.8399999999999999,1.0,5.0,False,True,opportunity_only,Scenario C fixed
0.73,0.3,0.32,-1.8399999999999999,1.0,5.0,False,True,opportunity_only,Scenario C fixed
0.73,0.3,0.325,-1.8399999999999999,1.0,5.0,False,True,opportunity_only,Scenario C fixed
0.73,0.3,0.32999999999999996,-1.8399999999999999,1.0,5.0,False,True,opportunity_only,Scenario C fixed
0.73,0.3,0.33499999999999996,-1.8399999999999999,1.0,5.0,False,True,opportunity_only,Scenario C fixed
0.73,0.3,0.33999999999999997,-1.8399999999999999,1.0,5.0,False,True,opportunity_only,Scenario C fixed
0.73,0.3,0.345,-1.8399999999999999,1.0,5.0,False,True,opportunity_only,Scenario C fixed
0.73,0.3,0.35,-1.8399999999999999,1.0,5.0,False,True,opportunity_only,Scenario C fixed
0.74,0.3,0.04,-1.92,0.19,1.95,False,False,neither,Scenario C fixed
0.74,0.3,0.045,-1.92,0.20500000000000002,2.0250000000000004,False,False,neither,Scenario C fixed
0.74,0.3,0.05,-1.92,0.22000000000000003,2.1,False,False,neither,Scenario C fixed
0.74,0.3,0.055,-1.92,0.23500000000000001,2.175,False,False,neither,Scenario C fixed
0.74,0.3,0.06,-1.92,0.25,2.25,False,False,neither,Scenario C fixed
0.74,0.3,0.065,-1.92,0.265,2.325,False,False,neither,Scenario C fixed
0.74,0.3,0.07,-1.92,0.28,2.4000000000000004,False,False,neither,Scenario C fixed
0.74,0.3,0.07500000000000001,-1.92,0.29500000000000004,2.475,False,False,neither,Scenario C fixed
0.74,0.3,0.08,-1.92,0.31,2.55,False,False,neither,Scenario C fixed
0.74,0.3,0.08499999999999999,-1.92,0.325,2.625,False,False,neither,Scenario C fixed
0.74,0.3,0.09,-1.92,0.34,2.7,False,False,neither,Scenario C fixed
0.74,0.3,0.095,-1.92,0.35500000000000004,2.7750000000000004,False,False,neither,Scenario C fixed
0.74,0.3,0.1,-1.92,0.37000000000000005,2.8500000000000005,False,False,neither,Scenario C fixed
0.74,0.3,0.10500000000000001,-1.92,0.38500000000000006,2.9250000000000003,False,False,neither,Scenario C fixed
0.74,0.3,0.11000000000000001,-1.92,0.4000000000000001,3.0000000000000004,False,False,neither,Scenario C fixed
0.74,0.3,0.11499999999999999,-1.92,0.415,3.0749999999999997,False,False,neither,Scenario C fixed
0.74,0.3,0.12,-1.92,0.43,3.15,False,False,neither,Scenario C fixed
0.74,0.3,0.125,-1.92,0.445,3.225,False,False,neither,Scenario C fixed
0.74,0.3,0.13,-1.92,0.46,3.3000000000000003,False,False,neither,Scenario C fixed
0.74,0.3,0.135,-1.92,0.47500000000000003,3.375,False,False,neither,Scenario C fixed
0.74,0.3,0.14,-1.92,0.49000000000000005,3.45,False,False,neither,Scenario C fixed
0.74,0.3,0.145,-1.92,0.5049999999999999,3.5249999999999995,False,False,neither,Scenario C fixed
0.74,0.3,0.15,-1.92,0.52,3.6,False,False,neither,Scenario C fixed
0.74,0.3,0.155,-1.92,0.5349999999999999,3.675,False,False,neither,Scenario C fixed
0.74,0.3,0.16,-1.92,0.55,3.75,False,False,neither,Scenario C fixed
0.74,0.3,0.165,-1.92,0.565,3.8249999999999997,False,False,neither,Scenario C fixed
0.74,0.3,0.17,-1.92,0.5800000000000001,3.9000000000000004,False,False,neither,Scenario C fixed
0.74,0.3,0.17500000000000002,-1.92,0.595,3.9749999999999996,False,False,neither,Scenario C fixed
0.74,0.3,0.18000000000000002,-1.92,0.6100000000000001,4.050000000000001,False,False,neither,Scenario C fixed
0.74,0.3,0.185,-1.92,0.625,4.125,False,False,neither,Scenario C fixed
0.74,0.3,0.19,-1.92,0.6400000000000001,4.200000000000001,False,False,neither,Scenario C fixed
0.74,0.3,0.195,-1.92,0.655,4.275,False,False,neither,Scenario C fixed
0.74,0.3,0.2,-1.92,0.6700000000000002,4.3500000000000005,False,False,neither,Scenario C fixed
0.74,0.3,0.20500000000000002,-1.92,0.685,4.425000000000001,False,False,neither,Scenario C fixed
0.74,0.3,0.21000000000000002,-1.92,0.7000000000000002,4.500000000000001,False,False,neither,Scenario C fixed
0.74,0.3,0.21500000000000002,-1.92,0.7150000000000001,4.575,False,False,neither,Scenario C fixed
0.74,0.3,0.22,-1.92,0.73,4.65,False,False,neither,Scenario C fixed
0.74,0.3,0.225,-1.92,0.7450000000000001,4.7250000000000005,False,False,neither,Scenario C fixed
0.74,0.3,0.23,-1.92,0.76,4.8,False,False,neither,Scenario C fixed
0.74,0.3,0.23500000000000001,-1.92,0.7750000000000001,4.875000000000001,False,False,neither,Scenario C fixed
0.74,0.3,0.24000000000000002,-1.92,0.79,4.95,False,False,neither,Scenario C fixed
0.74,0.3,0.24500000000000002,-1.92,0.8050000000000002,5.0,False,True,opportunity_only,Scenario C fixed
0.74,0.3,0.25,-1.92,0.8200000000000001,5.0,False,True,opportunity_only,Scenario C fixed
0.74,0.3,0.255,-1.92,0.835,5.0,False,True,opportunity_only,Scenario C fixed
0.74,0.3,0.26,-1.92,0.8500000000000001,5.0,False,True,opportunity_only,Scenario C fixed
0.74,0.3,0.265,-1.92,0.865,5.0,False,True,opportunity_only,Scenario C fixed
0.74,0.3,0.27,-1.92,0.8800000000000001,5.0,False,True,opportunity_only,Scenario C fixed
0.74,0.3,0.275,-1.92,0.895,5.0,False,True,opportunity_only,Scenario C fixed
0.74,0.3,0.27999999999999997,-1.92,0.9099999999999999,5.0,False,True,opportunity_only,Scenario C fixed
0.74,0.3,0.285,-1.92,0.925,5.0,False,True,opportunity_only,Scenario C fixed
0.74,0.3,0.29,-1.92,0.94,5.0,False,True,opportunity_only,Scenario C fixed
0.74,0.3,0.295,-1.92,0.9550000000000001,5.0,False,True,opportunity_only,Scenario C fixed
0.74,0.3,0.3,-1.92,0.97,5.0,False,True,opportunity_only,Scenario C fixed
0.74,0.3,0.305,-1.92,0.9850000000000001,5.0,False,True,opportunity_only,Scenario C fixed
0.74,0.3,0.31,-1.92,1.0,5.0,False,True,opportunity_only,Scenario C fixed
0.74,0.3,0.315,-1.92,1.0,5.0,False,True,opportunity_only,Scenario C fixed
0.74,0.3,0.32,-1.92,1.0,5.0,False,True,opportunity_only,Scenario C fixed
0.74,0.3,0.325,-1.92,1.0,5.0,False,True,opportunity_only,Scenario C fixed
0.74,0.3,0.32999999999999996,-1.92,1.0,5.0,False,True,opportunity_only,Scenario C fixed
0.74,0.3,0.33499999999999996,-1.92,1.0,5.0,False,True,opportunity_only,Scenario C fixed
0.74,0.3,0.33999999999999997,-1.92,1.0,5.0,False,True,opportunity_only,Scenario C fixed
0.74,0.3,0.345,-1.92,1.0,5.0,False,True,opportunity_only,Scenario C fixed
0.74,0.3,0.35,-1.92,1.0,5.0,False,True,opportunity_only,Scenario C fixed
0.75,0.3,0.04,-2.0,0.19,1.95,False,False,neither,Scenario C fixed
0.75,0.3,0.045,-2.0,0.20500000000000002,2.0250000000000004,False,False,neither,Scenario C fixed
0.75,0.3,0.05,-2.0,0.22000000000000003,2.1,False,False,neither,Scenario C fixed
0.75,0.3,0.055,-2.0,0.23500000000000001,2.175,False,False,neither,Scenario C fixed
0.75,0.3,0.06,-2.0,0.25,2.25,False,False,neither,Scenario C fixed
0.75,0.3,0.065,-2.0,0.265,2.325,False,False,neither,Scenario C fixed
0.75,0.3,0.07,-2.0,0.28,2.4000000000000004,False,False,neither,Scenario C fixed
0.75,0.3,0.07500000000000001,-2.0,0.29500000000000004,2.475,False,False,neither,Scenario C fixed
0.75,0.3,0.08,-2.0,0.31,2.55,False,False,neither,Scenario C fixed
0.75,0.3,0.08499999999999999,-2.0,0.325,2.625,False,False,neither,Scenario C fixed
0.75,0.3,0.09,-2.0,0.34,2.7,False,False,neither,Scenario C fixed
0.75,0.3,0.095,-2.0,0.35500000000000004,2.7750000000000004,False,False,neither,Scenario C fixed
0.75,0.3,0.1,-2.0,0.37000000000000005,2.8500000000000005,False,False,neither,Scenario C fixed
0.75,0.3,0.10500000000000001,-2.0,0.38500000000000006,2.9250000000000003,False,False,neither,Scenario C fixed
0.75,0.3,0.11000000000000001,-2.0,0.4000000000000001,3.0000000000000004,False,False,neither,Scenario C fixed
0.75,0.3,0.11499999999999999,-2.0,0.415,3.0749999999999997,False,False,neither,Scenario C fixed
0.75,0.3,0.12,-2.0,0.43,3.15,False,False,neither,Scenario C fixed
0.75,0.3,0.125,-2.0,0.445,3.225,False,False,neither,Scenario C fixed
0.75,0.3,0.13,-2.0,0.46,3.3000000000000003,False,False,neither,Scenario C fixed
0.75,0.3,0.135,-2.0,0.47500000000000003,3.375,False,False,neither,Scenario C fixed
0.75,0.3,0.14,-2.0,0.49000000000000005,3.45,False,False,neither,Scenario C fixed
0.75,0.3,0.145,-2.0,0.5049999999999999,3.5249999999999995,False,False,neither,Scenario C fixed
0.75,0.3,0.15,-2.0,0.52,3.6,False,False,neither,Scenario C fixed
0.75,0.3,0.155,-2.0,0.5349999999999999,3.675,False,False,neither,Scenario C fixed
0.75,0.3,0.16,-2.0,0.55,3.75,False,False,neither,Scenario C fixed
0.75,0.3,0.165,-2.0,0.565,3.8249999999999997,False,False,neither,Scenario C fixed
0.75,0.3,0.17,-2.0,0.5800000000000001,3.9000000000000004,False,False,neither,Scenario C fixed
0.75,0.3,0.17500000000000002,-2.0,0.595,3.9749999999999996,False,False,neither,Scenario C fixed
0.75,0.3,0.18000000000000002,-2.0,0.6100000000000001,4.050000000000001,False,False,neither,Scenario C fixed
0.75,0.3,0.185,-2.0,0.625,4.125,False,False,neither,Scenario C fixed
0.75,0.3,0.19,-2.0,0.6400000000000001,4.200000000000001,False,False,neither,Scenario C fixed
0.75,0.3,0.195,-2.0,0.655,4.275,False,False,neither,Scenario C fixed
0.75,0.3,0.2,-2.0,0.6700000000000002,4.3500000000000005,False,False,neither,Scenario C fixed
0.75,0.3,0.20500000000000002,-2.0,0.685,4.425000000000001,False,False,neither,Scenario C fixed
0.75,0.3,0.21000000000000002,-2.0,0.7000000000000002,4.500000000000001,False,False,neither,Scenario C fixed
0.75,0.3,0.21500000000000002,-2.0,0.7150000000000001,4.575,False,False,neither,Scenario C fixed
0.75,0.3,0.22,-2.0,0.73,4.65,False,False,neither,Scenario C fixed
0.75,0.3,0.225,-2.0,0.7450000000000001,4.7250000000000005,False,False,neither,Scenario C fixed
0.75,0.3,0.23,-2.0,0.76,4.8,False,False,neither,Scenario C fixed
0.75,0.3,0.23500000000000001,-2.0,0.7750000000000001,4.875000000000001,False,False,neither,Scenario C fixed
0.75,0.3,0.24000000000000002,-2.0,0.79,4.95,False,False,neither,Scenario C fixed
0.75,0.3,0.24500000000000002,-2.0,0.8050000000000002,5.0,False,True,opportunity_only,Scenario C fixed
0.75,0.3,0.25,-2.0,0.8200000000000001,5.0,False,True,opportunity_only,Scenario C fixed
0.75,0.3,0.255,-2.0,0.835,5.0,False,True,opportunity_only,Scenario C fixed
0.75,0.3,0.26,-2.0,0.8500000000000001,5.0,False,True,opportunity_only,Scenario C fixed
0.75,0.3,0.265,-2.0,0.865,5.0,False,True,opportunity_only,Scenario C fixed
0.75,0.3,0.27,-2.0,0.8800000000000001,5.0,False,True,opportunity_only,Scenario C fixed
0.75,0.3,0.275,-2.0,0.895,5.0,False,True,opportunity_only,Scenario C fixed
0.75,0.3,0.27999999999999997,-2.0,0.9099999999999999,5.0,False,True,opportunity_only,Scenario C fixed
0.75,0.3,0.285,-2.0,0.925,5.0,False,True,opportunity_only,Scenario C fixed
0.75,0.3,0.29,-2.0,0.94,5.0,False,True,opportunity_only,Scenario C fixed
0.75,0.3,0.295,-2.0,0.9550000000000001,5.0,False,True,opportunity_only,Scenario C fixed
0.75,0.3,0.3,-2.0,0.97,5.0,False,True,opportunity_only,Scenario C fixed
0.75,0.3,0.305,-2.0,0.9850000000000001,5.0,False,True,opportunity_only,Scenario C fixed
0.75,0.3,0.31,-2.0,1.0,5.0,False,True,opportunity_only,Scenario C fixed
0.75,0.3,0.315,-2.0,1.0,5.0,False,True,opportunity_only,Scenario C fixed
0.75,0.3,0.32,-2.0,1.0,5.0,False,True,opportunity_only,Scenario C fixed
0.75,0.3,0.325,-2.0,1.0,5.0,False,True,opportunity_only,Scenario C fixed
0.75,0.3,0.32999999999999996,-2.0,1.0,5.0,False,True,opportunity_only,Scenario C fixed
0.75,0.3,0.33499999999999996,-2.0,1.0,5.0,False,True,opportunity_only,Scenario C fixed
0.75,0.3,0.33999999999999997,-2.0,1.0,5.0,False,True,opportunity_only,Scenario C fixed
0.75,0.3,0.345,-2.0,1.0,5.0,False,True,opportunity_only,Scenario C fixed
0.75,0.3,0.35,-2.0,1.0,5.0,False,True,opportunity_only,Scenario C fixed
0.76,0.3,0.04,-2.08,0.19,1.95,False,False,neither,Scenario C fixed
0.76,0.3,0.045,-2.08,0.20500000000000002,2.0250000000000004,False,False,neither,Scenario C fixed
0.76,0.3,0.05,-2.08,0.22000000000000003,2.1,False,False,neither,Scenario C fixed
0.76,0.3,0.055,-2.08,0.23500000000000001,2.175,False,False,neither,Scenario C fixed
0.76,0.3,0.06,-2.08,0.25,2.25,False,False,neither,Scenario C fixed
0.76,0.3,0.065,-2.08,0.265,2.325,False,False,neither,Scenario C fixed
0.76,0.3,0.07,-2.08,0.28,2.4000000000000004,False,False,neither,Scenario C fixed
0.76,0.3,0.07500000000000001,-2.08,0.29500000000000004,2.475,False,False,neither,Scenario C fixed
0.76,0.3,0.08,-2.08,0.31,2.55,False,False,neither,Scenario C fixed
0.76,0.3,0.08499999999999999,-2.08,0.325,2.625,False,False,neither,Scenario C fixed
0.76,0.3,0.09,-2.08,0.34,2.7,False,False,neither,Scenario C fixed
0.76,0.3,0.095,-2.08,0.35500000000000004,2.7750000000000004,False,False,neither,Scenario C fixed
0.76,0.3,0.1,-2.08,0.37000000000000005,2.8500000000000005,False,False,neither,Scenario C fixed
0.76,0.3,0.10500000000000001,-2.08,0.38500000000000006,2.9250000000000003,False,False,neither,Scenario C fixed
0.76,0.3,0.11000000000000001,-2.08,0.4000000000000001,3.0000000000000004,False,False,neither,Scenario C fixed
0.76,0.3,0.11499999999999999,-2.08,0.415,3.0749999999999997,False,False,neither,Scenario C fixed
0.76,0.3,0.12,-2.08,0.43,3.15,False,False,neither,Scenario C fixed
0.76,0.3,0.125,-2.08,0.445,3.225,False,False,neither,Scenario C fixed
0.76,0.3,0.13,-2.08,0.46,3.3000000000000003,False,False,neither,Scenario C fixed
0.76,0.3,0.135,-2.08,0.47500000000000003,3.375,False,False,neither,Scenario C fixed
0.76,0.3,0.14,-2.08,0.49000000000000005,3.45,False,False,neither,Scenario C fixed
0.76,0.3,0.145,-2.08,0.5049999999999999,3.5249999999999995,False,False,neither,Scenario C fixed
0.76,0.3,0.15,-2.08,0.52,3.6,False,False,neither,Scenario C fixed
0.76,0.3,0.155,-2.08,0.5349999999999999,3.675,False,False,neither,Scenario C fixed
0.76,0.3,0.16,-2.08,0.55,3.75,False,False,neither,Scenario C fixed
0.76,0.3,0.165,-2.08,0.565,3.8249999999999997,False,False,neither,Scenario C fixed
0.76,0.3,0.17,-2.08,0.5800000000000001,3.9000000000000004,False,False,neither,Scenario C fixed
0.76,0.3,0.17500000000000002,-2.08,0.595,3.9749999999999996,False,False,neither,Scenario C fixed
0.76,0.3,0.18000000000000002,-2.08,0.6100000000000001,4.050000000000001,False,False,neither,Scenario C fixed
0.76,0.3,0.185,-2.08,0.625,4.125,False,False,neither,Scenario C fixed
0.76,0.3,0.19,-2.08,0.6400000000000001,4.200000000000001,False,False,neither,Scenario C fixed
0.76,0.3,0.195,-2.08,0.655,4.275,False,False,neither,Scenario C fixed
0.76,0.3,0.2,-2.08,0.6700000000000002,4.3500000000000005,False,False,neither,Scenario C fixed
0.76,0.3,0.20500000000000002,-2.08,0.685,4.425000000000001,False,False,neither,Scenario C fixed
0.76,0.3,0.21000000000000002,-2.08,0.7000000000000002,4.500000000000001,False,False,neither,Scenario C fixed
0.76,0.3,0.21500000000000002,-2.08,0.7150000000000001,4.575,False,False,neither,Scenario C fixed
0.76,0.3,0.22,-2.08,0.73,4.65,False,False,neither,Scenario C fixed
0.76,0.3,0.225,-2.08,0.7450000000000001,4.7250000000000005,False,False,neither,Scenario C fixed
0.76,0.3,0.23,-2.08,0.76,4.8,False,False,neither,Scenario C fixed
0.76,0.3,0.23500000000000001,-2.08,0.7750000000000001,4.875000000000001,False,False,neither,Scenario C fixed
0.76,0.3,0.24000000000000002,-2.08,0.79,4.95,False,False,neither,Scenario C fixed
0.76,0.3,0.24500000000000002,-2.08,0.8050000000000002,5.0,False,True,opportunity_only,Scenario C fixed
0.76,0.3,0.25,-2.08,0.8200000000000001,5.0,False,True,opportunity_only,Scenario C fixed
0.76,0.3,0.255,-2.08,0.835,5.0,False,True,opportunity_only,Scenario C fixed
0.76,0.3,0.26,-2.08,0.8500000000000001,5.0,False,True,opportunity_only,Scenario C fixed
0.76,0.3,0.265,-2.08,0.865,5.0,False,True,opportunity_only,Scenario C fixed
0.76,0.3,0.27,-2.08,0.8800000000000001,5.0,False,True,opportunity_only,Scenario C fixed
0.76,0.3,0.275,-2.08,0.895,5.0,False,True,opportunity_only,Scenario C fixed
0.76,0.3,0.27999999999999997,-2.08,0.9099999999999999,5.0,False,True,opportunity_only,Scenario C fixed
0.76,0.3,0.285,-2.08,0.925,5.0,False,True,opportunity_only,Scenario C fixed
0.76,0.3,0.29,-2.08,0.94,5.0,False,True,opportunity_only,Scenario C fixed
0.76,0.3,0.295,-2.08,0.9550000000000001,5.0,False,True,opportunity_only,Scenario C fixed
0.76,0.3,0.3,-2.08,0.97,5.0,False,True,opportunity_only,Scenario C fixed
0.76,0.3,0.305,-2.08,0.9850000000000001,5.0,False,True,opportunity_only,Scenario C fixed
0.76,0.3,0.31,-2.08,1.0,5.0,False,True,opportunity_only,Scenario C fixed
0.76,0.3,0.315,-2.08,1.0,5.0,False,True,opportunity_only,Scenario C fixed
0.76,0.3,0.32,-2.08,1.0,5.0,False,True,opportunity_only,Scenario C fixed
0.76,0.3,0.325,-2.08,1.0,5.0,False,True,opportunity_only,Scenario C fixed
0.76,0.3,0.32999999999999996,-2.08,1.0,5.0,False,True,opportunity_only,Scenario C fixed
0.76,0.3,0.33499999999999996,-2.08,1.0,5.0,False,True,opportunity_only,Scenario C fixed
0.76,0.3,0.33999999999999997,-2.08,1.0,5.0,False,True,opportunity_only,Scenario C fixed
0.76,0.3,0.345,-2.08,1.0,5.0,False,True,opportunity_only,Scenario C fixed
0.76,0.3,0.35,-2.08,1.0,5.0,False,True,opportunity_only,Scenario C fixed
0.7699999999999999,0.3,0.04,-2.1599999999999993,0.19,1.95,False,False,neither,Scenario C fixed
0.7699999999999999,0.3,0.045,-2.1599999999999993,0.20500000000000002,2.0250000000000004,False,False,neither,Scenario C fixed
0.7699999999999999,0.3,0.05,-2.1599999999999993,0.22000000000000003,2.1,False,False,neither,Scenario C fixed
0.7699999999999999,0.3,0.055,-2.1599999999999993,0.23500000000000001,2.175,False,False,neither,Scenario C fixed
0.7699999999999999,0.3,0.06,-2.1599999999999993,0.25,2.25,False,False,neither,Scenario C fixed
0.7699999999999999,0.3,0.065,-2.1599999999999993,0.265,2.325,False,False,neither,Scenario C fixed
0.7699999999999999,0.3,0.07,-2.1599999999999993,0.28,2.4000000000000004,False,False,neither,Scenario C fixed
0.7699999999999999,0.3,0.07500000000000001,-2.1599999999999993,0.29500000000000004,2.475,False,False,neither,Scenario C fixed
0.7699999999999999,0.3,0.08,-2.1599999999999993,0.31,2.55,False,False,neither,Scenario C fixed
0.7699999999999999,0.3,0.08499999999999999,-2.1599999999999993,0.325,2.625,False,False,neither,Scenario C fixed
0.7699999999999999,0.3,0.09,-2.1599999999999993,0.34,2.7,False,False,neither,Scenario C fixed
0.7699999999999999,0.3,0.095,-2.1599999999999993,0.35500000000000004,2.7750000000000004,False,False,neither,Scenario C fixed
0.7699999999999999,0.3,0.1,-2.1599999999999993,0.37000000000000005,2.8500000000000005,False,False,neither,Scenario C fixed
0.7699999999999999,0.3,0.10500000000000001,-2.1599999999999993,0.38500000000000006,2.9250000000000003,False,False,neither,Scenario C fixed
0.7699999999999999,0.3,0.11000000000000001,-2.1599999999999993,0.4000000000000001,3.0000000000000004,False,False,neither,Scenario C fixed
0.7699999999999999,0.3,0.11499999999999999,-2.1599999999999993,0.415,3.0749999999999997,False,False,neither,Scenario C fixed
0.7699999999999999,0.3,0.12,-2.1599999999999993,0.43,3.15,False,False,neither,Scenario C fixed
0.7699999999999999,0.3,0.125,-2.1599999999999993,0.445,3.225,False,False,neither,Scenario C fixed
0.7699999999999999,0.3,0.13,-2.1599999999999993,0.46,3.3000000000000003,False,False,neither,Scenario C fixed
0.7699999999999999,0.3,0.135,-2.1599999999999993,0.47500000000000003,3.375,False,False,neither,Scenario C fixed
0.7699999999999999,0.3,0.14,-2.1599999999999993,0.49000000000000005,3.45,False,False,neither,Scenario C fixed
0.7699999999999999,0.3,0.145,-2.1599999999999993,0.5049999999999999,3.5249999999999995,False,False,neither,Scenario C fixed
0.7699999999999999,0.3,0.15,-2.1599999999999993,0.52,3.6,False,False,neither,Scenario C fixed
0.7699999999999999,0.3,0.155,-2.1599999999999993,0.5349999999999999,3.675,False,False,neither,Scenario C fixed
0.7699999999999999,0.3,0.16,-2.1599999999999993,0.55,3.75,False,False,neither,Scenario C fixed
0.7699999999999999,0.3,0.165,-2.1599999999999993,0.565,3.8249999999999997,False,False,neither,Scenario C fixed
0.7699999999999999,0.3,0.17,-2.1599999999999993,0.5800000000000001,3.9000000000000004,False,False,neither,Scenario C fixed
0.7699999999999999,0.3,0.17500000000000002,-2.1599999999999993,0.595,3.9749999999999996,False,False,neither,Scenario C fixed
0.7699999999999999,0.3,0.18000000000000002,-2.1599999999999993,0.6100000000000001,4.050000000000001,False,False,neither,Scenario C fixed
0.7699999999999999,0.3,0.185,-2.1599999999999993,0.625,4.125,False,False,neither,Scenario C fixed
0.7699999999999999,0.3,0.19,-2.1599999999999993,0.6400000000000001,4.200000000000001,False,False,neither,Scenario C fixed
0.7699999999999999,0.3,0.195,-2.1599999999999993,0.655,4.275,False,False,neither,Scenario C fixed
0.7699999999999999,0.3,0.2,-2.1599999999999993,0.6700000000000002,4.3500000000000005,False,False,neither,Scenario C fixed
0.7699999999999999,0.3,0.20500000000000002,-2.1599999999999993,0.685,4.425000000000001,False,False,neither,Scenario C fixed
0.7699999999999999,0.3,0.21000000000000002,-2.1599999999999993,0.7000000000000002,4.500000000000001,False,False,neither,Scenario C fixed
0.7699999999999999,0.3,0.21500000000000002,-2.1599999999999993,0.7150000000000001,4.575,False,False,neither,Scenario C fixed
0.7699999999999999,0.3,0.22,-2.1599999999999993,0.73,4.65,False,False,neither,Scenario C fixed
0.7699999999999999,0.3,0.225,-2.1599999999999993,0.7450000000000001,4.7250000000000005,False,False,neither,Scenario C fixed
0.7699999999999999,0.3,0.23,-2.1599999999999993,0.76,4.8,False,False,neither,Scenario C fixed
0.7699999999999999,0.3,0.23500000000000001,-2.1599999999999993,0.7750000000000001,4.875000000000001,False,False,neither,Scenario C fixed
0.7699999999999999,0.3,0.24000000000000002,-2.1599999999999993,0.79,4.95,False,False,neither,Scenario C fixed
0.7699999999999999,0.3,0.24500000000000002,-2.1599999999999993,0.8050000000000002,5.0,False,True,opportunity_only,Scenario C fixed
0.7699999999999999,0.3,0.25,-2.1599999999999993,0.8200000000000001,5.0,False,True,opportunity_only,Scenario C fixed
0.7699999999999999,0.3,0.255,-2.1599999999999993,0.835,5.0,False,True,opportunity_only,Scenario C fixed
0.7699999999999999,0.3,0.26,-2.1599999999999993,0.8500000000000001,5.0,False,True,opportunity_only,Scenario C fixed
0.7699999999999999,0.3,0.265,-2.1599999999999993,0.865,5.0,False,True,opportunity_only,Scenario C fixed
0.7699999999999999,0.3,0.27,-2.1599999999999993,0.8800000000000001,5.0,False,True,opportunity_only,Scenario C fixed
0.7699999999999999,0.3,0.275,-2.1599999999999993,0.895,5.0,False,True,opportunity_only,Scenario C fixed
0.7699999999999999,0.3,0.27999999999999997,-2.1599999999999993,0.9099999999999999,5.0,False,True,opportunity_only,Scenario C fixed
0.7699999999999999,0.3,0.285,-2.1599999999999993,0.925,5.0,False,True,opportunity_only,Scenario C fixed
0.7699999999999999,0.3,0.29,-2.1599999999999993,0.94,5.0,False,True,opportunity_only,Scenario C fixed
0.7699999999999999,0.3,0.295,-2.1599999999999993,0.9550000000000001,5.0,False,True,opportunity_only,Scenario C fixed
0.7699999999999999,0.3,0.3,-2.1599999999999993,0.97,5.0,False,True,opportunity_only,Scenario C fixed
0.7699999999999999,0.3,0.305,-2.1599999999999993,0.9850000000000001,5.0,False,True,opportunity_only,Scenario C fixed
0.7699999999999999,0.3,0.31,-2.1599999999999993,1.0,5.0,False,True,opportunity_only,Scenario C fixed
0.7699999999999999,0.3,0.315,-2.1599999999999993,1.0,5.0,False,True,opportunity_only,Scenario C fixed
0.7699999999999999,0.3,0.32,-2.1599999999999993,1.0,5.0,False,True,opportunity_only,Scenario C fixed
0.7699999999999999,0.3,0.325,-2.1599999999999993,1.0,5.0,False,True,opportunity_only,Scenario C fixed
0.7699999999999999,0.3,0.32999999999999996,-2.1599999999999993,1.0,5.0,False,True,opportunity_only,Scenario C fixed
0.7699999999999999,0.3,0.33499999999999996,-2.1599999999999993,1.0,5.0,False,True,opportunity_only,Scenario C fixed
0.7699999999999999,0.3,0.33999999999999997,-2.1599999999999993,1.0,5.0,False,True,opportunity_only,Scenario C fixed
0.7699999999999999,0.3,0.345,-2.1599999999999993,1.0,5.0,False,True,opportunity_only,Scenario C fixed
0.7699999999999999,0.3,0.35,-2.1599999999999993,1.0,5.0,False,True,opportunity_only,Scenario C fixed
0.7799999999999999,0.3,0.04,-2.2399999999999993,0.19,1.95,False,False,neither,Scenario C fixed
0.7799999999999999,0.3,0.045,-2.2399999999999993,0.20500000000000002,2.0250000000000004,False,False,neither,Scenario C fixed
0.7799999999999999,0.3,0.05,-2.2399999999999993,0.22000000000000003,2.1,False,False,neither,Scenario C fixed
0.7799999999999999,0.3,0.055,-2.2399999999999993,0.23500000000000001,2.175,False,False,neither,Scenario C fixed
0.7799999999999999,0.3,0.06,-2.2399999999999993,0.25,2.25,False,False,neither,Scenario C fixed
0.7799999999999999,0.3,0.065,-2.2399999999999993,0.265,2.325,False,False,neither,Scenario C fixed
0.7799999999999999,0.3,0.07,-2.2399999999999993,0.28,2.4000000000000004,False,False,neither,Scenario C fixed
0.7799999999999999,0.3,0.07500000000000001,-2.2399999999999993,0.29500000000000004,2.475,False,False,neither,Scenario C fixed
0.7799999999999999,0.3,0.08,-2.2399999999999993,0.31,2.55,False,False,neither,Scenario C fixed
0.7799999999999999,0.3,0.08499999999999999,-2.2399999999999993,0.325,2.625,False,False,neither,Scenario C fixed
0.7799999999999999,0.3,0.09,-2.2399999999999993,0.34,2.7,False,False,neither,Scenario C fixed
0.7799999999999999,0.3,0.095,-2.2399999999999993,0.35500000000000004,2.7750000000000004,False,False,neither,Scenario C fixed
0.7799999999999999,0.3,0.1,-2.2399999999999993,0.37000000000000005,2.8500000000000005,False,False,neither,Scenario C fixed
0.7799999999999999,0.3,0.10500000000000001,-2.2399999999999993,0.38500000000000006,2.9250000000000003,False,False,neither,Scenario C fixed
0.7799999999999999,0.3,0.11000000000000001,-2.2399999999999993,0.4000000000000001,3.0000000000000004,False,False,neither,Scenario C fixed
0.7799999999999999,0.3,0.11499999999999999,-2.2399999999999993,0.415,3.0749999999999997,False,False,neither,Scenario C fixed
0.7799999999999999,0.3,0.12,-2.2399999999999993,0.43,3.15,False,False,neither,Scenario C fixed
0.7799999999999999,0.3,0.125,-2.2399999999999993,0.445,3.225,False,False,neither,Scenario C fixed
0.7799999999999999,0.3,0.13,-2.2399999999999993,0.46,3.3000000000000003,False,False,neither,Scenario C fixed
0.7799999999999999,0.3,0.135,-2.2399999999999993,0.47500000000000003,3.375,False,False,neither,Scenario C fixed
0.7799999999999999,0.3,0.14,-2.2399999999999993,0.49000000000000005,3.45,False,False,neither,Scenario C fixed
0.7799999999999999,0.3,0.145,-2.2399999999999993,0.5049999999999999,3.5249999999999995,False,False,neither,Scenario C fixed
0.7799999999999999,0.3,0.15,-2.2399999999999993,0.52,3.6,False,False,neither,Scenario C fixed
0.7799999999999999,0.3,0.155,-2.2399999999999993,0.5349999999999999,3.675,False,False,neither,Scenario C fixed
0.7799999999999999,0.3,0.16,-2.2399999999999993,0.55,3.75,False,False,neither,Scenario C fixed
0.7799999999999999,0.3,0.165,-2.2399999999999993,0.565,3.8249999999999997,False,False,neither,Scenario C fixed
0.7799999999999999,0.3,0.17,-2.2399999999999993,0.5800000000000001,3.9000000000000004,False,False,neither,Scenario C fixed
0.7799999999999999,0.3,0.17500000000000002,-2.2399999999999993,0.595,3.9749999999999996,False,False,neither,Scenario C fixed
0.7799999999999999,0.3,0.18000000000000002,-2.2399999999999993,0.6100000000000001,4.050000000000001,False,False,neither,Scenario C fixed
0.7799999999999999,0.3,0.185,-2.2399999999999993,0.625,4.125,False,False,neither,Scenario C fixed
0.7799999999999999,0.3,0.19,-2.2399999999999993,0.6400000000000001,4.200000000000001,False,False,neither,Scenario C fixed
0.7799999999999999,0.3,0.195,-2.2399999999999993,0.655,4.275,False,False,neither,Scenario C fixed
0.7799999999999999,0.3,0.2,-2.2399999999999993,0.6700000000000002,4.3500000000000005,False,False,neither,Scenario C fixed
0.7799999999999999,0.3,0.20500000000000002,-2.2399999999999993,0.685,4.425000000000001,False,False,neither,Scenario C fixed
0.7799999999999999,0.3,0.21000000000000002,-2.2399999999999993,0.7000000000000002,4.500000000000001,False,False,neither,Scenario C fixed
0.7799999999999999,0.3,0.21500000000000002,-2.2399999999999993,0.7150000000000001,4.575,False,False,neither,Scenario C fixed
0.7799999999999999,0.3,0.22,-2.2399999999999993,0.73,4.65,False,False,neither,Scenario C fixed
0.7799999999999999,0.3,0.225,-2.2399999999999993,0.7450000000000001,4.7250000000000005,False,False,neither,Scenario C fixed
0.7799999999999999,0.3,0.23,-2.2399999999999993,0.76,4.8,False,False,neither,Scenario C fixed
0.7799999999999999,0.3,0.23500000000000001,-2.2399999999999993,0.7750000000000001,4.875000000000001,False,False,neither,Scenario C fixed
0.7799999999999999,0.3,0.24000000000000002,-2.2399999999999993,0.79,4.95,False,False,neither,Scenario C fixed
0.7799999999999999,0.3,0.24500000000000002,-2.2399999999999993,0.8050000000000002,5.0,False,True,opportunity_only,Scenario C fixed
0.7799999999999999,0.3,0.25,-2.2399999999999993,0.8200000000000001,5.0,False,True,opportunity_only,Scenario C fixed
0.7799999999999999,0.3,0.255,-2.2399999999999993,0.835,5.0,False,True,opportunity_only,Scenario C fixed
0.7799999999999999,0.3,0.26,-2.2399999999999993,0.8500000000000001,5.0,False,True,opportunity_only,Scenario C fixed
0.7799999999999999,0.3,0.265,-2.2399999999999993,0.865,5.0,False,True,opportunity_only,Scenario C fixed
0.7799999999999999,0.3,0.27,-2.2399999999999993,0.8800000000000001,5.0,False,True,opportunity_only,Scenario C fixed
0.7799999999999999,0.3,0.275,-2.2399999999999993,0.895,5.0,False,True,opportunity_only,Scenario C fixed
0.7799999999999999,0.3,0.27999999999999997,-2.2399999999999993,0.9099999999999999,5.0,False,True,opportunity_only,Scenario C fixed
0.7799999999999999,0.3,0.285,-2.2399999999999993,0.925,5.0,False,True,opportunity_only,Scenario C fixed
0.7799999999999999,0.3,0.29,-2.2399999999999993,0.94,5.0,False,True,opportunity_only,Scenario C fixed
0.7799999999999999,0.3,0.295,-2.2399999999999993,0.9550000000000001,5.0,False,True,opportunity_only,Scenario C fixed
0.7799999999999999,0.3,0.3,-2.2399999999999993,0.97,5.0,False,True,opportunity_only,Scenario C fixed
0.7799999999999999,0.3,0.305,-2.2399999999999993,0.9850000000000001,5.0,False,True,opportunity_only,Scenario C fixed
0.7799999999999999,0.3,0.31,-2.2399999999999993,1.0,5.0,False,True,opportunity_only,Scenario C fixed
0.7799999999999999,0.3,0.315,-2.2399999999999993,1.0,5.0,False,True,opportunity_only,Scenario C fixed
0.7799999999999999,0.3,0.32,-2.2399999999999993,1.0,5.0,False,True,opportunity_only,Scenario C fixed
0.7799999999999999,0.3,0.325,-2.2399999999999993,1.0,5.0,False,True,opportunity_only,Scenario C fixed
0.7799999999999999,0.3,0.32999999999999996,-2.2399999999999993,1.0,5.0,False,True,opportunity_only,Scenario C fixed
0.7799999999999999,0.3,0.33499999999999996,-2.2399999999999993,1.0,5.0,False,True,opportunity_only,Scenario C fixed
0.7799999999999999,0.3,0.33999999999999997,-2.2399999999999993,1.0,5.0,False,True,opportunity_only,Scenario C fixed
0.7799999999999999,0.3,0.345,-2.2399999999999993,1.0,5.0,False,True,opportunity_only,Scenario C fixed
0.7799999999999999,0.3,0.35,-2.2399999999999993,1.0,5.0,False,True,opportunity_only,Scenario C fixed
0.7899999999999999,0.3,0.04,-2.3199999999999994,0.19,1.95,False,False,neither,Scenario C fixed
0.7899999999999999,0.3,0.045,-2.3199999999999994,0.20500000000000002,2.0250000000000004,False,False,neither,Scenario C fixed
0.7899999999999999,0.3,0.05,-2.3199999999999994,0.22000000000000003,2.1,False,False,neither,Scenario C fixed
0.7899999999999999,0.3,0.055,-2.3199999999999994,0.23500000000000001,2.175,False,False,neither,Scenario C fixed
0.7899999999999999,0.3,0.06,-2.3199999999999994,0.25,2.25,False,False,neither,Scenario C fixed
0.7899999999999999,0.3,0.065,-2.3199999999999994,0.265,2.325,False,False,neither,Scenario C fixed
0.7899999999999999,0.3,0.07,-2.3199999999999994,0.28,2.4000000000000004,False,False,neither,Scenario C fixed
0.7899999999999999,0.3,0.07500000000000001,-2.3199999999999994,0.29500000000000004,2.475,False,False,neither,Scenario C fixed
0.7899999999999999,0.3,0.08,-2.3199999999999994,0.31,2.55,False,False,neither,Scenario C fixed
0.7899999999999999,0.3,0.08499999999999999,-2.3199999999999994,0.325,2.625,False,False,neither,Scenario C fixed
0.7899999999999999,0.3,0.09,-2.3199999999999994,0.34,2.7,False,False,neither,Scenario C fixed
0.7899999999999999,0.3,0.095,-2.3199999999999994,0.35500000000000004,2.7750000000000004,False,False,neither,Scenario C fixed
0.7899999999999999,0.3,0.1,-2.3199999999999994,0.37000000000000005,2.8500000000000005,False,False,neither,Scenario C fixed
0.7899999999999999,0.3,0.10500000000000001,-2.3199999999999994,0.38500000000000006,2.9250000000000003,False,False,neither,Scenario C fixed
0.7899999999999999,0.3,0.11000000000000001,-2.3199999999999994,0.4000000000000001,3.0000000000000004,False,False,neither,Scenario C fixed
0.7899999999999999,0.3,0.11499999999999999,-2.3199999999999994,0.415,3.0749999999999997,False,False,neither,Scenario C fixed
0.7899999999999999,0.3,0.12,-2.3199999999999994,0.43,3.15,False,False,neither,Scenario C fixed
0.7899999999999999,0.3,0.125,-2.3199999999999994,0.445,3.225,False,False,neither,Scenario C fixed
0.7899999999999999,0.3,0.13,-2.3199999999999994,0.46,3.3000000000000003,False,False,neither,Scenario C fixed
0.7899999999999999,0.3,0.135,-2.3199999999999994,0.47500000000000003,3.375,False,False,neither,Scenario C fixed
0.7899999999999999,0.3,0.14,-2.3199999999999994,0.49000000000000005,3.45,False,False,neither,Scenario C fixed
0.7899999999999999,0.3,0.145,-2.3199999999999994,0.5049999999999999,3.5249999999999995,False,False,neither,Scenario C fixed
0.7899999999999999,0.3,0.15,-2.3199999999999994,0.52,3.6,False,False,neither,Scenario C fixed
0.7899999999999999,0.3,0.155,-2.3199999999999994,0.5349999999999999,3.675,False,False,neither,Scenario C fixed
0.7899999999999999,0.3,0.16,-2.3199999999999994,0.55,3.75,False,False,neither,Scenario C fixed
0.7899999999999999,0.3,0.165,-2.3199999999999994,0.565,3.8249999999999997,False,False,neither,Scenario C fixed
0.7899999999999999,0.3,0.17,-2.3199999999999994,0.5800000000000001,3.9000000000000004,False,False,neither,Scenario C fixed
0.7899999999999999,0.3,0.17500000000000002,-2.3199999999999994,0.595,3.9749999999999996,False,False,neither,Scenario C fixed
0.7899999999999999,0.3,0.18000000000000002,-2.3199999999999994,0.6100000000000001,4.050000000000001,False,False,neither,Scenario C fixed
0.7899999999999999,0.3,0.185,-2.3199999999999994,0.625,4.125,False,False,neither,Scenario C fixed
0.7899999999999999,0.3,0.19,-2.3199999999999994,0.6400000000000001,4.200000000000001,False,False,neither,Scenario C fixed
0.7899999999999999,0.3,0.195,-2.3199999999999994,0.655,4.275,False,False,neither,Scenario C fixed
0.7899999999999999,0.3,0.2,-2.3199999999999994,0.6700000000000002,4.3500000000000005,False,False,neither,Scenario C fixed
0.7899999999999999,0.3,0.20500000000000002,-2.3199999999999994,0.685,4.425000000000001,False,False,neither,Scenario C fixed
0.7899999999999999,0.3,0.21000000000000002,-2.3199999999999994,0.7000000000000002,4.500000000000001,False,False,neither,Scenario C fixed
0.7899999999999999,0.3,0.21500000000000002,-2.3199999999999994,0.7150000000000001,4.575,False,False,neither,Scenario C fixed
0.7899999999999999,0.3,0.22,-2.3199999999999994,0.73,4.65,False,False,neither,Scenario C fixed
0.7899999999999999,0.3,0.225,-2.3199999999999994,0.7450000000000001,4.7250000000000005,False,False,neither,Scenario C fixed
0.7899999999999999,0.3,0.23,-2.3199999999999994,0.76,4.8,False,False,neither,Scenario C fixed
0.7899999999999999,0.3,0.23500000000000001,-2.3199999999999994,0.7750000000000001,4.875000000000001,False,False,neither,Scenario C fixed
0.7899999999999999,0.3,0.24000000000000002,-2.3199999999999994,0.79,4.95,False,False,neither,Scenario C fixed
0.7899999999999999,0.3,0.24500000000000002,-2.3199999999999994,0.8050000000000002,5.0,False,True,opportunity_only,Scenario C fixed
0.7899999999999999,0.3,0.25,-2.3199999999999994,0.8200000000000001,5.0,False,True,opportunity_only,Scenario C fixed
0.7899999999999999,0.3,0.255,-2.3199999999999994,0.835,5.0,False,True,opportunity_only,Scenario C fixed
0.7899999999999999,0.3,0.26,-2.3199999999999994,0.8500000000000001,5.0,False,True,opportunity_only,Scenario C fixed
0.7899999999999999,0.3,0.265,-2.3199999999999994,0.865,5.0,False,True,opportunity_only,Scenario C fixed
0.7899999999999999,0.3,0.27,-2.3199999999999994,0.8800000000000001,5.0,False,True,opportunity_only,Scenario C fixed
0.7899999999999999,0.3,0.275,-2.3199999999999994,0.895,5.0,False,True,opportunity_only,Scenario C fixed
0.7899999999999999,0.3,0.27999999999999997,-2.3199999999999994,0.9099999999999999,5.0,False,True,opportunity_only,Scenario C fixed
0.7899999999999999,0.3,0.285,-2.3199999999999994,0.925,5.0,False,True,opportunity_only,Scenario C fixed
0.7899999999999999,0.3,0.29,-2.3199999999999994,0.94,5.0,False,True,opportunity_only,Scenario C fixed
0.7899999999999999,0.3,0.295,-2.3199999999999994,0.9550000000000001,5.0,False,True,opportunity_only,Scenario C fixed
0.7899999999999999,0.3,0.3,-2.3199999999999994,0.97,5.0,False,True,opportunity_only,Scenario C fixed
0.7899999999999999,0.3,0.305,-2.3199999999999994,0.9850000000000001,5.0,False,True,opportunity_only,Scenario C fixed
0.7899999999999999,0.3,0.31,-2.3199999999999994,1.0,5.0,False,True,opportunity_only,Scenario C fixed
0.7899999999999999,0.3,0.315,-2.3199999999999994,1.0,5.0,False,True,opportunity_only,Scenario C fixed
0.7899999999999999,0.3,0.32,-2.3199999999999994,1.0,5.0,False,True,opportunity_only,Scenario C fixed
0.7899999999999999,0.3,0.325,-2.3199999999999994,1.0,5.0,False,True,opportunity_only,Scenario C fixed
0.7899999999999999,0.3,0.32999999999999996,-2.3199999999999994,1.0,5.0,False,True,opportunity_only,Scenario C fixed
0.7899999999999999,0.3,0.33499999999999996,-2.3199999999999994,1.0,5.0,False,True,opportunity_only,Scenario C fixed
0.7899999999999999,0.3,0.33999999999999997,-2.3199999999999994,1.0,5.0,False,True,opportunity_only,Scenario C fixed
0.7899999999999999,0.3,0.345,-2.3199999999999994,1.0,5.0,False,True,opportunity_only,Scenario C fixed
0.7899999999999999,0.3,0.35,-2.3199999999999994,1.0,5.0,False,True,opportunity_only,Scenario C fixed
0.7999999999999999,0.3,0.04,-2.3999999999999995,0.19,1.95,False,False,neither,Scenario C fixed
0.7999999999999999,0.3,0.045,-2.3999999999999995,0.20500000000000002,2.0250000000000004,False,False,neither,Scenario C fixed
0.7999999999999999,0.3,0.05,-2.3999999999999995,0.22000000000000003,2.1,False,False,neither,Scenario C fixed
0.7999999999999999,0.3,0.055,-2.3999999999999995,0.23500000000000001,2.175,False,False,neither,Scenario C fixed
0.7999999999999999,0.3,0.06,-2.3999999999999995,0.25,2.25,False,False,neither,Scenario C fixed
0.7999999999999999,0.3,0.065,-2.3999999999999995,0.265,2.325,False,False,neither,Scenario C fixed
0.7999999999999999,0.3,0.07,-2.3999999999999995,0.28,2.4000000000000004,False,False,neither,Scenario C fixed
0.7999999999999999,0.3,0.07500000000000001,-2.3999999999999995,0.29500000000000004,2.475,False,False,neither,Scenario C fixed
0.7999999999999999,0.3,0.08,-2.3999999999999995,0.31,2.55,False,False,neither,Scenario C fixed
0.7999999999999999,0.3,0.08499999999999999,-2.3999999999999995,0.325,2.625,False,False,neither,Scenario C fixed
0.7999999999999999,0.3,0.09,-2.3999999999999995,0.34,2.7,False,False,neither,Scenario C fixed
0.7999999999999999,0.3,0.095,-2.3999999999999995,0.35500000000000004,2.7750000000000004,False,False,neither,Scenario C fixed
0.7999999999999999,0.3,0.1,-2.3999999999999995,0.37000000000000005,2.8500000000000005,False,False,neither,Scenario C fixed
0.7999999999999999,0.3,0.10500000000000001,-2.3999999999999995,0.38500000000000006,2.9250000000000003,False,False,neither,Scenario C fixed
0.7999999999999999,0.3,0.11000000000000001,-2.3999999999999995,0.4000000000000001,3.0000000000000004,False,False,neither,Scenario C fixed
0.7999999999999999,0.3,0.11499999999999999,-2.3999999999999995,0.415,3.0749999999999997,False,False,neither,Scenario C fixed
0.7999999999999999,0.3,0.12,-2.3999999999999995,0.43,3.15,False,False,neither,Scenario C fixed
0.7999999999999999,0.3,0.125,-2.3999999999999995,0.445,3.225,False,False,neither,Scenario C fixed
0.7999999999999999,0.3,0.13,-2.3999999999999995,0.46,3.3000000000000003,False,False,neither,Scenario C fixed
0.7999999999999999,0.3,0.135,-2.3999999999999995,0.47500000000000003,3.375,False,False,neither,Scenario C fixed
0.7999999999999999,0.3,0.14,-2.3999999999999995,0.49000000000000005,3.45,False,False,neither,Scenario C fixed
0.7999999999999999,0.3,0.145,-2.3999999999999995,0.5049999999999999,3.5249999999999995,False,False,neither,Scenario C fixed
0.7999999999999999,0.3,0.15,-2.3999999999999995,0.52,3.6,False,False,neither,Scenario C fixed
0.7999999999999999,0.3,0.155,-2.3999999999999995,0.5349999999999999,3.675,False,False,neither,Scenario C fixed
0.7999999999999999,0.3,0.16,-2.3999999999999995,0.55,3.75,False,False,neither,Scenario C fixed
0.7999999999999999,0.3,0.165,-2.3999999999999995,0.565,3.8249999999999997,False,False,neither,Scenario C fixed
0.7999999999999999,0.3,0.17,-2.3999999999999995,0.5800000000000001,3.9000000000000004,False,False,neither,Scenario C fixed
0.7999999999999999,0.3,0.17500000000000002,-2.3999999999999995,0.595,3.9749999999999996,False,False,neither,Scenario C fixed
0.7999999999999999,0.3,0.18000000000000002,-2.3999999999999995,0.6100000000000001,4.050000000000001,False,False,neither,Scenario C fixed
0.7999999999999999,0.3,0.185,-2.3999999999999995,0.625,4.125,False,False,neither,Scenario C fixed
0.7999999999999999,0.3,0.19,-2.3999999999999995,0.6400000000000001,4.200000000000001,False,False,neither,Scenario C fixed
0.7999999999999999,0.3,0.195,-2.3999999999999995,0.655,4.275,False,False,neither,Scenario C fixed
0.7999999999999999,0.3,0.2,-2.3999999999999995,0.6700000000000002,4.3500000000000005,False,False,neither,Scenario C fixed
0.7999999999999999,0.3,0.20500000000000002,-2.3999999999999995,0.685,4.425000000000001,False,False,neither,Scenario C fixed
0.7999999999999999,0.3,0.21000000000000002,-2.3999999999999995,0.7000000000000002,4.500000000000001,False,False,neither,Scenario C fixed
0.7999999999999999,0.3,0.21500000000000002,-2.3999999999999995,0.7150000000000001,4.575,False,False,neither,Scenario C fixed
0.7999999999999999,0.3,0.22,-2.3999999999999995,0.73,4.65,False,False,neither,Scenario C fixed
0.7999999999999999,0.3,0.225,-2.3999999999999995,0.7450000000000001,4.7250000000000005,False,False,neither,Scenario C fixed
0.7999999999999999,0.3,0.23,-2.3999999999999995,0.76,4.8,False,False,neither,Scenario C fixed
0.7999999999999999,0.3,0.23500000000000001,-2.3999999999999995,0.7750000000000001,4.875000000000001,False,False,neither,Scenario C fixed
0.7999999999999999,0.3,0.24000000000000002,-2.3999999999999995,0.79,4.95,False,False,neither,Scenario C fixed
0.7999999999999999,0.3,0.24500000000000002,-2.3999999999999995,0.8050000000000002,5.0,False,True,opportunity_only,Scenario C fixed
0.7999999999999999,0.3,0.25,-2.3999999999999995,0.8200000000000001,5.0,False,True,opportunity_only,Scenario C fixed
0.7999999999999999,0.3,0.255,-2.3999999999999995,0.835,5.0,False,True,opportunity_only,Scenario C fixed
0.7999999999999999,0.3,0.26,-2.3999999999999995,0.8500000000000001,5.0,False,True,opportunity_only,Scenario C fixed
0.7999999999999999,0.3,0.265,-2.3999999999999995,0.865,5.0,False,True,opportunity_only,Scenario C fixed
0.7999999999999999,0.3,0.27,-2.3999999999999995,0.8800000000000001,5.0,False,True,opportunity_only,Scenario C fixed
0.7999999999999999,0.3,0.275,-2.3999999999999995,0.895,5.0,False,True,opportunity_only,Scenario C fixed
0.7999999999999999,0.3,0.27999999999999997,-2.3999999999999995,0.9099999999999999,5.0,False,True,opportunity_only,Scenario C fixed
0.7999999999999999,0.3,0.285,-2.3999999999999995,0.925,5.0,False,True,opportunity_only,Scenario C fixed
0.7999999999999999,0.3,0.29,-2.3999999999999995,0.94,5.0,False,True,opportunity_only,Scenario C fixed
0.7999999999999999,0.3,0.295,-2.3999999999999995,0.9550000000000001,5.0,False,True,opportunity_only,Scenario C fixed
0.7999999999999999,0.3,0.3,-2.3999999999999995,0.97,5.0,False,True,opportunity_only,Scenario C fixed
0.7999999999999999,0.3,0.305,-2.3999999999999995,0.9850000000000001,5.0,False,True,opportunity_only,Scenario C fixed
0.7999999999999999,0.3,0.31,-2.3999999999999995,1.0,5.0,False,True,opportunity_only,Scenario C fixed
0.7999999999999999,0.3,0.315,-2.3999999999999995,1.0,5.0,False,True,opportunity_only,Scenario C fixed
0.7999999999999999,0.3,0.32,-2.3999999999999995,1.0,5.0,False,True,opportunity_only,Scenario C fixed
0.7999999999999999,0.3,0.325,-2.3999999999999995,1.0,5.0,False,True,opportunity_only,Scenario C fixed
0.7999999999999999,0.3,0.32999999999999996,-2.3999999999999995,1.0,5.0,False,True,opportunity_only,Scenario C fixed
0.7999999999999999,0.3,0.33499999999999996,-2.3999999999999995,1.0,5.0,False,True,opportunity_only,Scenario C fixed
0.7999999999999999,0.3,0.33999999999999997,-2.3999999999999995,1.0,5.0,False,True,opportunity_only,Scenario C fixed
0.7999999999999999,0.3,0.345,-2.3999999999999995,1.0,5.0,False,True,opportunity_only,Scenario C fixed
0.7999999999999999,0.3,0.35,-2.3999999999999995,1.0,5.0,False,True,opportunity_only,Scenario C fixed
0.8099999999999999,0.3,0.04,-2.4799999999999995,0.19,1.95,False,False,neither,Scenario C fixed
0.8099999999999999,0.3,0.045,-2.4799999999999995,0.20500000000000002,2.0250000000000004,False,False,neither,Scenario C fixed
0.8099999999999999,0.3,0.05,-2.4799999999999995,0.22000000000000003,2.1,False,False,neither,Scenario C fixed
0.8099999999999999,0.3,0.055,-2.4799999999999995,0.23500000000000001,2.175,False,False,neither,Scenario C fixed
0.8099999999999999,0.3,0.06,-2.4799999999999995,0.25,2.25,False,False,neither,Scenario C fixed
0.8099999999999999,0.3,0.065,-2.4799999999999995,0.265,2.325,False,False,neither,Scenario C fixed
0.8099999999999999,0.3,0.07,-2.4799999999999995,0.28,2.4000000000000004,False,False,neither,Scenario C fixed
0.8099999999999999,0.3,0.07500000000000001,-2.4799999999999995,0.29500000000000004,2.475,False,False,neither,Scenario C fixed
0.8099999999999999,0.3,0.08,-2.4799999999999995,0.31,2.55,False,False,neither,Scenario C fixed
0.8099999999999999,0.3,0.08499999999999999,-2.4799999999999995,0.325,2.625,False,False,neither,Scenario C fixed
0.8099999999999999,0.3,0.09,-2.4799999999999995,0.34,2.7,False,False,neither,Scenario C fixed
0.8099999999999999,0.3,0.095,-2.4799999999999995,0.35500000000000004,2.7750000000000004,False,False,neither,Scenario C fixed
0.8099999999999999,0.3,0.1,-2.4799999999999995,0.37000000000000005,2.8500000000000005,False,False,neither,Scenario C fixed
0.8099999999999999,0.3,0.10500000000000001,-2.4799999999999995,0.38500000000000006,2.9250000000000003,False,False,neither,Scenario C fixed
0.8099999999999999,0.3,0.11000000000000001,-2.4799999999999995,0.4000000000000001,3.0000000000000004,False,False,neither,Scenario C fixed
0.8099999999999999,0.3,0.11499999999999999,-2.4799999999999995,0.415,3.0749999999999997,False,False,neither,Scenario C fixed
0.8099999999999999,0.3,0.12,-2.4799999999999995,0.43,3.15,False,False,neither,Scenario C fixed
0.8099999999999999,0.3,0.125,-2.4799999999999995,0.445,3.225,False,False,neither,Scenario C fixed
0.8099999999999999,0.3,0.13,-2.4799999999999995,0.46,3.3000000000000003,False,False,neither,Scenario C fixed
0.8099999999999999,0.3,0.135,-2.4799999999999995,0.47500000000000003,3.375,False,False,neither,Scenario C fixed
0.8099999999999999,0.3,0.14,-2.4799999999999995,0.49000000000000005,3.45,False,False,neither,Scenario C fixed
0.8099999999999999,0.3,0.145,-2.4799999999999995,0.5049999999999999,3.5249999999999995,False,False,neither,Scenario C fixed
0.8099999999999999,0.3,0.15,-2.4799999999999995,0.52,3.6,False,False,neither,Scenario C fixed
0.8099999999999999,0.3,0.155,-2.4799999999999995,0.5349999999999999,3.675,False,False,neither,Scenario C fixed
0.8099999999999999,0.3,0.16,-2.4799999999999995,0.55,3.75,False,False,neither,Scenario C fixed
0.8099999999999999,0.3,0.165,-2.4799999999999995,0.565,3.8249999999999997,False,False,neither,Scenario C fixed
0.8099999999999999,0.3,0.17,-2.4799999999999995,0.5800000000000001,3.9000000000000004,False,False,neither,Scenario C fixed
0.8099999999999999,0.3,0.17500000000000002,-2.4799999999999995,0.595,3.9749999999999996,False,False,neither,Scenario C fixed
0.8099999999999999,0.3,0.18000000000000002,-2.4799999999999995,0.6100000000000001,4.050000000000001,False,False,neither,Scenario C fixed
0.8099999999999999,0.3,0.185,-2.4799999999999995,0.625,4.125,False,False,neither,Scenario C fixed
0.8099999999999999,0.3,0.19,-2.4799999999999995,0.6400000000000001,4.200000000000001,False,False,neither,Scenario C fixed
0.8099999999999999,0.3,0.195,-2.4799999999999995,0.655,4.275,False,False,neither,Scenario C fixed
0.8099999999999999,0.3,0.2,-2.4799999999999995,0.6700000000000002,4.3500000000000005,False,False,neither,Scenario C fixed
0.8099999999999999,0.3,0.20500000000000002,-2.4799999999999995,0.685,4.425000000000001,False,False,neither,Scenario C fixed
0.8099999999999999,0.3,0.21000000000000002,-2.4799999999999995,0.7000000000000002,4.500000000000001,False,False,neither,Scenario C fixed
0.8099999999999999,0.3,0.21500000000000002,-2.4799999999999995,0.7150000000000001,4.575,False,False,neither,Scenario C fixed
0.8099999999999999,0.3,0.22,-2.4799999999999995,0.73,4.65,False,False,neither,Scenario C fixed
0.8099999999999999,0.3,0.225,-2.4799999999999995,0.7450000000000001,4.7250000000000005,False,False,neither,Scenario C fixed
0.8099999999999999,0.3,0.23,-2.4799999999999995,0.76,4.8,False,False,neither,Scenario C fixed
0.8099999999999999,0.3,0.23500000000000001,-2.4799999999999995,0.7750000000000001,4.875000000000001,False,False,neither,Scenario C fixed
0.8099999999999999,0.3,0.24000000000000002,-2.4799999999999995,0.79,4.95,False,False,neither,Scenario C fixed
0.8099999999999999,0.3,0.24500000000000002,-2.4799999999999995,0.8050000000000002,5.0,False,True,opportunity_only,Scenario C fixed
0.8099999999999999,0.3,0.25,-2.4799999999999995,0.8200000000000001,5.0,False,True,opportunity_only,Scenario C fixed
0.8099999999999999,0.3,0.255,-2.4799999999999995,0.835,5.0,False,True,opportunity_only,Scenario C fixed
0.8099999999999999,0.3,0.26,-2.4799999999999995,0.8500000000000001,5.0,False,True,opportunity_only,Scenario C fixed
0.8099999999999999,0.3,0.265,-2.4799999999999995,0.865,5.0,False,True,opportunity_only,Scenario C fixed
0.8099999999999999,0.3,0.27,-2.4799999999999995,0.8800000000000001,5.0,False,True,opportunity_only,Scenario C fixed
0.8099999999999999,0.3,0.275,-2.4799999999999995,0.895,5.0,False,True,opportunity_only,Scenario C fixed
0.8099999999999999,0.3,0.27999999999999997,-2.4799999999999995,0.9099999999999999,5.0,False,True,opportunity_only,Scenario C fixed
0.8099999999999999,0.3,0.285,-2.4799999999999995,0.925,5.0,False,True,opportunity_only,Scenario C fixed
0.8099999999999999,0.3,0.29,-2.4799999999999995,0.94,5.0,False,True,opportunity_only,Scenario C fixed
0.8099999999999999,0.3,0.295,-2.4799999999999995,0.9550000000000001,5.0,False,True,opportunity_only,Scenario C fixed
0.8099999999999999,0.3,0.3,-2.4799999999999995,0.97,5.0,False,True,opportunity_only,Scenario C fixed
0.8099999999999999,0.3,0.305,-2.4799999999999995,0.9850000000000001,5.0,False,True,opportunity_only,Scenario C fixed
0.8099999999999999,0.3,0.31,-2.4799999999999995,1.0,5.0,False,True,opportunity_only,Scenario C fixed
0.8099999999999999,0.3,0.315,-2.4799999999999995,1.0,5.0,False,True,opportunity_only,Scenario C fixed
0.8099999999999999,0.3,0.32,-2.4799999999999995,1.0,5.0,False,True,opportunity_only,Scenario C fixed
0.8099999999999999,0.3,0.325,-2.4799999999999995,1.0,5.0,False,True,opportunity_only,Scenario C fixed
0.8099999999999999,0.3,0.32999999999999996,-2.4799999999999995,1.0,5.0,False,True,opportunity_only,Scenario C fixed
0.8099999999999999,0.3,0.33499999999999996,-2.4799999999999995,1.0,5.0,False,True,opportunity_only,Scenario C fixed
0.8099999999999999,0.3,0.33999999999999997,-2.4799999999999995,1.0,5.0,False,True,opportunity_only,Scenario C fixed
0.8099999999999999,0.3,0.345,-2.4799999999999995,1.0,5.0,False,True,opportunity_only,Scenario C fixed
0.8099999999999999,0.3,0.35,-2.4799999999999995,1.0,5.0,False,True,opportunity_only,Scenario C fixed
0.8199999999999998,0.3,0.04,-2.5599999999999987,0.19,1.95,False,False,neither,Scenario C fixed
0.8199999999999998,0.3,0.045,-2.5599999999999987,0.20500000000000002,2.0250000000000004,False,False,neither,Scenario C fixed
0.8199999999999998,0.3,0.05,-2.5599999999999987,0.22000000000000003,2.1,False,False,neither,Scenario C fixed
0.8199999999999998,0.3,0.055,-2.5599999999999987,0.23500000000000001,2.175,False,False,neither,Scenario C fixed
0.8199999999999998,0.3,0.06,-2.5599999999999987,0.25,2.25,False,False,neither,Scenario C fixed
0.8199999999999998,0.3,0.065,-2.5599999999999987,0.265,2.325,False,False,neither,Scenario C fixed
0.8199999999999998,0.3,0.07,-2.5599999999999987,0.28,2.4000000000000004,False,False,neither,Scenario C fixed
0.8199999999999998,0.3,0.07500000000000001,-2.5599999999999987,0.29500000000000004,2.475,False,False,neither,Scenario C fixed
0.8199999999999998,0.3,0.08,-2.5599999999999987,0.31,2.55,False,False,neither,Scenario C fixed
0.8199999999999998,0.3,0.08499999999999999,-2.5599999999999987,0.325,2.625,False,False,neither,Scenario C fixed
0.8199999999999998,0.3,0.09,-2.5599999999999987,0.34,2.7,False,False,neither,Scenario C fixed
0.8199999999999998,0.3,0.095,-2.5599999999999987,0.35500000000000004,2.7750000000000004,False,False,neither,Scenario C fixed
0.8199999999999998,0.3,0.1,-2.5599999999999987,0.37000000000000005,2.8500000000000005,False,False,neither,Scenario C fixed
0.8199999999999998,0.3,0.10500000000000001,-2.5599999999999987,0.38500000000000006,2.9250000000000003,False,False,neither,Scenario C fixed
0.8199999999999998,0.3,0.11000000000000001,-2.5599999999999987,0.4000000000000001,3.0000000000000004,False,False,neither,Scenario C fixed
0.8199999999999998,0.3,0.11499999999999999,-2.5599999999999987,0.415,3.0749999999999997,False,False,neither,Scenario C fixed
0.8199999999999998,0.3,0.12,-2.5599999999999987,0.43,3.15,False,False,neither,Scenario C fixed
0.8199999999999998,0.3,0.125,-2.5599999999999987,0.445,3.225,False,False,neither,Scenario C fixed
0.8199999999999998,0.3,0.13,-2.5599999999999987,0.46,3.3000000000000003,False,False,neither,Scenario C fixed
0.8199999999999998,0.3,0.135,-2.5599999999999987,0.47500000000000003,3.375,False,False,neither,Scenario C fixed
0.8199999999999998,0.3,0.14,-2.5599999999999987,0.49000000000000005,3.45,False,False,neither,Scenario C fixed
0.8199999999999998,0.3,0.145,-2.5599999999999987,0.5049999999999999,3.5249999999999995,False,False,neither,Scenario C fixed
0.8199999999999998,0.3,0.15,-2.5599999999999987,0.52,3.6,False,False,neither,Scenario C fixed
0.8199999999999998,0.3,0.155,-2.5599999999999987,0.5349999999999999,3.675,False,False,neither,Scenario C fixed
0.8199999999999998,0.3,0.16,-2.5599999999999987,0.55,3.75,False,False,neither,Scenario C fixed
0.8199999999999998,0.3,0.165,-2.5599999999999987,0.565,3.8249999999999997,False,False,neither,Scenario C fixed
0.8199999999999998,0.3,0.17,-2.5599999999999987,0.5800000000000001,3.9000000000000004,False,False,neither,Scenario C fixed
0.8199999999999998,0.3,0.17500000000000002,-2.5599999999999987,0.595,3.9749999999999996,False,False,neither,Scenario C fixed
0.8199999999999998,0.3,0.18000000000000002,-2.5599999999999987,0.6100000000000001,4.050000000000001,False,False,neither,Scenario C fixed
0.8199999999999998,0.3,0.185,-2.5599999999999987,0.625,4.125,False,False,neither,Scenario C fixed
0.8199999999999998,0.3,0.19,-2.5599999999999987,0.6400000000000001,4.200000000000001,False,False,neither,Scenario C fixed
0.8199999999999998,0.3,0.195,-2.5599999999999987,0.655,4.275,False,False,neither,Scenario C fixed
0.8199999999999998,0.3,0.2,-2.5599999999999987,0.6700000000000002,4.3500000000000005,False,False,neither,Scenario C fixed
0.8199999999999998,0.3,0.20500000000000002,-2.5599999999999987,0.685,4.425000000000001,False,False,neither,Scenario C fixed
0.8199999999999998,0.3,0.21000000000000002,-2.5599999999999987,0.7000000000000002,4.500000000000001,False,False,neither,Scenario C fixed
0.8199999999999998,0.3,0.21500000000000002,-2.5599999999999987,0.7150000000000001,4.575,False,False,neither,Scenario C fixed
0.8199999999999998,0.3,0.22,-2.5599999999999987,0.73,4.65,False,False,neither,Scenario C fixed
0.8199999999999998,0.3,0.225,-2.5599999999999987,0.7450000000000001,4.7250000000000005,False,False,neither,Scenario C fixed
0.8199999999999998,0.3,0.23,-2.5599999999999987,0.76,4.8,False,False,neither,Scenario C fixed
0.8199999999999998,0.3,0.23500000000000001,-2.5599999999999987,0.7750000000000001,4.875000000000001,False,False,neither,Scenario C fixed
0.8199999999999998,0.3,0.24000000000000002,-2.5599999999999987,0.79,4.95,False,False,neither,Scenario C fixed
0.8199999999999998,0.3,0.24500000000000002,-2.5599999999999987,0.8050000000000002,5.0,False,True,opportunity_only,Scenario C fixed
0.8199999999999998,0.3,0.25,-2.5599999999999987,0.8200000000000001,5.0,False,True,opportunity_only,Scenario C fixed
0.8199999999999998,0.3,0.255,-2.5599999999999987,0.835,5.0,False,True,opportunity_only,Scenario C fixed
0.8199999999999998,0.3,0.26,-2.5599999999999987,0.8500000000000001,5.0,False,True,opportunity_only,Scenario C fixed
0.8199999999999998,0.3,0.265,-2.5599999999999987,0.865,5.0,False,True,opportunity_only,Scenario C fixed
0.8199999999999998,0.3,0.27,-2.5599999999999987,0.8800000000000001,5.0,False,True,opportunity_only,Scenario C fixed
0.8199999999999998,0.3,0.275,-2.5599999999999987,0.895,5.0,False,True,opportunity_only,Scenario C fixed
0.8199999999999998,0.3,0.27999999999999997,-2.5599999999999987,0.9099999999999999,5.0,False,True,opportunity_only,Scenario C fixed
0.8199999999999998,0.3,0.285,-2.5599999999999987,0.925,5.0,False,True,opportunity_only,Scenario C fixed
0.8199999999999998,0.3,0.29,-2.5599999999999987,0.94,5.0,False,True,opportunity_only,Scenario C fixed
0.8199999999999998,0.3,0.295,-2.5599999999999987,0.9550000000000001,5.0,False,True,opportunity_only,Scenario C fixed
0.8199999999999998,0.3,0.3,-2.5599999999999987,0.97,5.0,False,True,opportunity_only,Scenario C fixed
0.8199999999999998,0.3,0.305,-2.5599999999999987,0.9850000000000001,5.0,False,True,opportunity_only,Scenario C fixed
0.8199999999999998,0.3,0.31,-2.5599999999999987,1.0,5.0,False,True,opportunity_only,Scenario C fixed
0.8199999999999998,0.3,0.315,-2.5599999999999987,1.0,5.0,False,True,opportunity_only,Scenario C fixed
0.8199999999999998,0.3,0.32,-2.5599999999999987,1.0,5.0,False,True,opportunity_only,Scenario C fixed
0.8199999999999998,0.3,0.325,-2.5599999999999987,1.0,5.0,False,True,opportunity_only,Scenario C fixed
0.8199999999999998,0.3,0.32999999999999996,-2.5599999999999987,1.0,5.0,False,True,opportunity_only,Scenario C fixed
0.8199999999999998,0.3,0.33499999999999996,-2.5599999999999987,1.0,5.0,False,True,opportunity_only,Scenario C fixed
0.8199999999999998,0.3,0.33999999999999997,-2.5599999999999987,1.0,5.0,False,True,opportunity_only,Scenario C fixed
0.8199999999999998,0.3,0.345,-2.5599999999999987,1.0,5.0,False,True,opportunity_only,Scenario C fixed
0.8199999999999998,0.3,0.35,-2.5599999999999987,1.0,5.0,False,True,opportunity_only,Scenario C fixed
0.8299999999999998,0.3,0.04,-2.639999999999999,0.19,1.95,False,False,neither,Scenario C fixed
0.8299999999999998,0.3,0.045,-2.639999999999999,0.20500000000000002,2.0250000000000004,False,False,neither,Scenario C fixed
0.8299999999999998,0.3,0.05,-2.639999999999999,0.22000000000000003,2.1,False,False,neither,Scenario C fixed
0.8299999999999998,0.3,0.055,-2.639999999999999,0.23500000000000001,2.175,False,False,neither,Scenario C fixed
0.8299999999999998,0.3,0.06,-2.639999999999999,0.25,2.25,False,False,neither,Scenario C fixed
0.8299999999999998,0.3,0.065,-2.639999999999999,0.265,2.325,False,False,neither,Scenario C fixed
0.8299999999999998,0.3,0.07,-2.639999999999999,0.28,2.4000000000000004,False,False,neither,Scenario C fixed
0.8299999999999998,0.3,0.07500000000000001,-2.639999999999999,0.29500000000000004,2.475,False,False,neither,Scenario C fixed
0.8299999999999998,0.3,0.08,-2.639999999999999,0.31,2.55,False,False,neither,Scenario C fixed
0.8299999999999998,0.3,0.08499999999999999,-2.639999999999999,0.325,2.625,False,False,neither,Scenario C fixed
0.8299999999999998,0.3,0.09,-2.639999999999999,0.34,2.7,False,False,neither,Scenario C fixed
0.8299999999999998,0.3,0.095,-2.639999999999999,0.35500000000000004,2.7750000000000004,False,False,neither,Scenario C fixed
0.8299999999999998,0.3,0.1,-2.639999999999999,0.37000000000000005,2.8500000000000005,False,False,neither,Scenario C fixed
0.8299999999999998,0.3,0.10500000000000001,-2.639999999999999,0.38500000000000006,2.9250000000000003,False,False,neither,Scenario C fixed
0.8299999999999998,0.3,0.11000000000000001,-2.639999999999999,0.4000000000000001,3.0000000000000004,False,False,neither,Scenario C fixed
0.8299999999999998,0.3,0.11499999999999999,-2.639999999999999,0.415,3.0749999999999997,False,False,neither,Scenario C fixed
0.8299999999999998,0.3,0.12,-2.639999999999999,0.43,3.15,False,False,neither,Scenario C fixed
0.8299999999999998,0.3,0.125,-2.639999999999999,0.445,3.225,False,False,neither,Scenario C fixed
0.8299999999999998,0.3,0.13,-2.639999999999999,0.46,3.3000000000000003,False,False,neither,Scenario C fixed
0.8299999999999998,0.3,0.135,-2.639999999999999,0.47500000000000003,3.375,False,False,neither,Scenario C fixed
0.8299999999999998,0.3,0.14,-2.639999999999999,0.49000000000000005,3.45,False,False,neither,Scenario C fixed
0.8299999999999998,0.3,0.145,-2.639999999999999,0.5049999999999999,3.5249999999999995,False,False,neither,Scenario C fixed
0.8299999999999998,0.3,0.15,-2.639999999999999,0.52,3.6,False,False,neither,Scenario C fixed
0.8299999999999998,0.3,0.155,-2.639999999999999,0.5349999999999999,3.675,False,False,neither,Scenario C fixed
0.8299999999999998,0.3,0.16,-2.639999999999999,0.55,3.75,False,False,neither,Scenario C fixed
0.8299999999999998,0.3,0.165,-2.639999999999999,0.565,3.8249999999999997,False,False,neither,Scenario C fixed
0.8299999999999998,0.3,0.17,-2.639999999999999,0.5800000000000001,3.9000000000000004,False,False,neither,Scenario C fixed
0.8299999999999998,0.3,0.17500000000000002,-2.639999999999999,0.595,3.9749999999999996,False,False,neither,Scenario C fixed
0.8299999999999998,0.3,0.18000000000000002,-2.639999999999999,0.6100000000000001,4.050000000000001,False,False,neither,Scenario C fixed
0.8299999999999998,0.3,0.185,-2.639999999999999,0.625,4.125,False,False,neither,Scenario C fixed
0.8299999999999998,0.3,0.19,-2.639999999999999,0.6400000000000001,4.200000000000001,False,False,neither,Scenario C fixed
0.8299999999999998,0.3,0.195,-2.639999999999999,0.655,4.275,False,False,neither,Scenario C fixed
0.8299999999999998,0.3,0.2,-2.639999999999999,0.6700000000000002,4.3500000000000005,False,False,neither,Scenario C fixed
0.8299999999999998,0.3,0.20500000000000002,-2.639999999999999,0.685,4.425000000000001,False,False,neither,Scenario C fixed
0.8299999999999998,0.3,0.21000000000000002,-2.639999999999999,0.7000000000000002,4.500000000000001,False,False,neither,Scenario C fixed
0.8299999999999998,0.3,0.21500000000000002,-2.639999999999999,0.7150000000000001,4.575,False,False,neither,Scenario C fixed
0.8299999999999998,0.3,0.22,-2.639999999999999,0.73,4.65,False,False,neither,Scenario C fixed
0.8299999999999998,0.3,0.225,-2.639999999999999,0.7450000000000001,4.7250000000000005,False,False,neither,Scenario C fixed
0.8299999999999998,0.3,0.23,-2.639999999999999,0.76,4.8,False,False,neither,Scenario C fixed
0.8299999999999998,0.3,0.23500000000000001,-2.639999999999999,0.7750000000000001,4.875000000000001,False,False,neither,Scenario C fixed
0.8299999999999998,0.3,0.24000000000000002,-2.639999999999999,0.79,4.95,False,False,neither,Scenario C fixed
0.8299999999999998,0.3,0.24500000000000002,-2.639999999999999,0.8050000000000002,5.0,False,True,opportunity_only,Scenario C fixed
0.8299999999999998,0.3,0.25,-2.639999999999999,0.8200000000000001,5.0,False,True,opportunity_only,Scenario C fixed
0.8299999999999998,0.3,0.255,-2.639999999999999,0.835,5.0,False,True,opportunity_only,Scenario C fixed
0.8299999999999998,0.3,0.26,-2.639999999999999,0.8500000000000001,5.0,False,True,opportunity_only,Scenario C fixed
0.8299999999999998,0.3,0.265,-2.639999999999999,0.865,5.0,False,True,opportunity_only,Scenario C fixed
0.8299999999999998,0.3,0.27,-2.639999999999999,0.8800000000000001,5.0,False,True,opportunity_only,Scenario C fixed
0.8299999999999998,0.3,0.275,-2.639999999999999,0.895,5.0,False,True,opportunity_only,Scenario C fixed
0.8299999999999998,0.3,0.27999999999999997,-2.639999999999999,0.9099999999999999,5.0,False,True,opportunity_only,Scenario C fixed
0.8299999999999998,0.3,0.285,-2.639999999999999,0.925,5.0,False,True,opportunity_only,Scenario C fixed
0.8299999999999998,0.3,0.29,-2.639999999999999,0.94,5.0,False,True,opportunity_only,Scenario C fixed
0.8299999999999998,0.3,0.295,-2.639999999999999,0.9550000000000001,5.0,False,True,opportunity_only,Scenario C fixed
0.8299999999999998,0.3,0.3,-2.639999999999999,0.97,5.0,False,True,opportunity_only,Scenario C fixed
0.8299999999999998,0.3,0.305,-2.639999999999999,0.9850000000000001,5.0,False,True,opportunity_only,Scenario C fixed
0.8299999999999998,0.3,0.31,-2.639999999999999,1.0,5.0,False,True,opportunity_only,Scenario C fixed
0.8299999999999998,0.3,0.315,-2.639999999999999,1.0,5.0,False,True,opportunity_only,Scenario C fixed
0.8299999999999998,0.3,0.32,-2.639999999999999,1.0,5.0,False,True,opportunity_only,Scenario C fixed
0.8299999999999998,0.3,0.325,-2.639999999999999,1.0,5.0,False,True,opportunity_only,Scenario C fixed
0.8299999999999998,0.3,0.32999999999999996,-2.639999999999999,1.0,5.0,False,True,opportunity_only,Scenario C fixed
0.8299999999999998,0.3,0.33499999999999996,-2.639999999999999,1.0,5.0,False,True,opportunity_only,Scenario C fixed
0.8299999999999998,0.3,0.33999999999999997,-2.639999999999999,1.0,5.0,False,True,opportunity_only,Scenario C fixed
0.8299999999999998,0.3,0.345,-2.639999999999999,1.0,5.0,False,True,opportunity_only,Scenario C fixed
0.8299999999999998,0.3,0.35,-2.639999999999999,1.0,5.0,False,True,opportunity_only,Scenario C fixed
0.8399999999999999,0.3,0.04,-2.719999999999999,0.19,1.95,False,False,neither,Scenario C fixed
0.8399999999999999,0.3,0.045,-2.719999999999999,0.20500000000000002,2.0250000000000004,False,False,neither,Scenario C fixed
0.8399999999999999,0.3,0.05,-2.719999999999999,0.22000000000000003,2.1,False,False,neither,Scenario C fixed
0.8399999999999999,0.3,0.055,-2.719999999999999,0.23500000000000001,2.175,False,False,neither,Scenario C fixed
0.8399999999999999,0.3,0.06,-2.719999999999999,0.25,2.25,False,False,neither,Scenario C fixed
0.8399999999999999,0.3,0.065,-2.719999999999999,0.265,2.325,False,False,neither,Scenario C fixed
0.8399999999999999,0.3,0.07,-2.719999999999999,0.28,2.4000000000000004,False,False,neither,Scenario C fixed
0.8399999999999999,0.3,0.07500000000000001,-2.719999999999999,0.29500000000000004,2.475,False,False,neither,Scenario C fixed
0.8399999999999999,0.3,0.08,-2.719999999999999,0.31,2.55,False,False,neither,Scenario C fixed
0.8399999999999999,0.3,0.08499999999999999,-2.719999999999999,0.325,2.625,False,False,neither,Scenario C fixed
0.8399999999999999,0.3,0.09,-2.719999999999999,0.34,2.7,False,False,neither,Scenario C fixed
0.8399999999999999,0.3,0.095,-2.719999999999999,0.35500000000000004,2.7750000000000004,False,False,neither,Scenario C fixed
0.8399999999999999,0.3,0.1,-2.719999999999999,0.37000000000000005,2.8500000000000005,False,False,neither,Scenario C fixed
0.8399999999999999,0.3,0.10500000000000001,-2.719999999999999,0.38500000000000006,2.9250000000000003,False,False,neither,Scenario C fixed
0.8399999999999999,0.3,0.11000000000000001,-2.719999999999999,0.4000000000000001,3.0000000000000004,False,False,neither,Scenario C fixed
0.8399999999999999,0.3,0.11499999999999999,-2.719999999999999,0.415,3.0749999999999997,False,False,neither,Scenario C fixed
0.8399999999999999,0.3,0.12,-2.719999999999999,0.43,3.15,False,False,neither,Scenario C fixed
0.8399999999999999,0.3,0.125,-2.719999999999999,0.445,3.225,False,False,neither,Scenario C fixed
0.8399999999999999,0.3,0.13,-2.719999999999999,0.46,3.3000000000000003,False,False,neither,Scenario C fixed
0.8399999999999999,0.3,0.135,-2.719999999999999,0.47500000000000003,3.375,False,False,neither,Scenario C fixed
0.8399999999999999,0.3,0.14,-2.719999999999999,0.49000000000000005,3.45,False,False,neither,Scenario C fixed
0.8399999999999999,0.3,0.145,-2.719999999999999,0.5049999999999999,3.5249999999999995,False,False,neither,Scenario C fixed
0.8399999999999999,0.3,0.15,-2.719999999999999,0.52,3.6,False,False,neither,Scenario C fixed
0.8399999999999999,0.3,0.155,-2.719999999999999,0.5349999999999999,3.675,False,False,neither,Scenario C fixed
0.8399999999999999,0.3,0.16,-2.719999999999999,0.55,3.75,False,False,neither,Scenario C fixed
0.8399999999999999,0.3,0.165,-2.719999999999999,0.565,3.8249999999999997,False,False,neither,Scenario C fixed
0.8399999999999999,0.3,0.17,-2.719999999999999,0.5800000000000001,3.9000000000000004,False,False,neither,Scenario C fixed
0.8399999999999999,0.3,0.17500000000000002,-2.719999999999999,0.595,3.9749999999999996,False,False,neither,Scenario C fixed
0.8399999999999999,0.3,0.18000000000000002,-2.719999999999999,0.6100000000000001,4.050000000000001,False,False,neither,Scenario C fixed
0.8399999999999999,0.3,0.185,-2.719999999999999,0.625,4.125,False,False,neither,Scenario C fixed
0.8399999999999999,0.3,0.19,-2.719999999999999,0.6400000000000001,4.200000000000001,False,False,neither,Scenario C fixed
0.8399999999999999,0.3,0.195,-2.719999999999999,0.655,4.275,False,False,neither,Scenario C fixed
0.8399999999999999,0.3,0.2,-2.719999999999999,0.6700000000000002,4.3500000000000005,False,False,neither,Scenario C fixed
0.8399999999999999,0.3,0.20500000000000002,-2.719999999999999,0.685,4.425000000000001,False,False,neither,Scenario C fixed
0.8399999999999999,0.3,0.21000000000000002,-2.719999999999999,0.7000000000000002,4.500000000000001,False,False,neither,Scenario C fixed
0.8399999999999999,0.3,0.21500000000000002,-2.719999999999999,0.7150000000000001,4.575,False,False,neither,Scenario C fixed
0.8399999999999999,0.3,0.22,-2.719999999999999,0.73,4.65,False,False,neither,Scenario C fixed
0.8399999999999999,0.3,0.225,-2.719999999999999,0.7450000000000001,4.7250000000000005,False,False,neither,Scenario C fixed
0.8399999999999999,0.3,0.23,-2.719999999999999,0.76,4.8,False,False,neither,Scenario C fixed
0.8399999999999999,0.3,0.23500000000000001,-2.719999999999999,0.7750000000000001,4.875000000000001,False,False,neither,Scenario C fixed
0.8399999999999999,0.3,0.24000000000000002,-2.719999999999999,0.79,4.95,False,False,neither,Scenario C fixed
0.8399999999999999,0.3,0.24500000000000002,-2.719999999999999,0.8050000000000002,5.0,False,True,opportunity_only,Scenario C fixed
0.8399999999999999,0.3,0.25,-2.719999999999999,0.8200000000000001,5.0,False,True,opportunity_only,Scenario C fixed
0.8399999999999999,0.3,0.255,-2.719999999999999,0.835,5.0,False,True,opportunity_only,Scenario C fixed
0.8399999999999999,0.3,0.26,-2.719999999999999,0.8500000000000001,5.0,False,True,opportunity_only,Scenario C fixed
0.8399999999999999,0.3,0.265,-2.719999999999999,0.865,5.0,False,True,opportunity_only,Scenario C fixed
0.8399999999999999,0.3,0.27,-2.719999999999999,0.8800000000000001,5.0,False,True,opportunity_only,Scenario C fixed
0.8399999999999999,0.3,0.275,-2.719999999999999,0.895,5.0,False,True,opportunity_only,Scenario C fixed
0.8399999999999999,0.3,0.27999999999999997,-2.719999999999999,0.9099999999999999,5.0,False,True,opportunity_only,Scenario C fixed
0.8399999999999999,0.3,0.285,-2.719999999999999,0.925,5.0,False,True,opportunity_only,Scenario C fixed
0.8399999999999999,0.3,0.29,-2.719999999999999,0.94,5.0,False,True,opportunity_only,Scenario C fixed
0.8399999999999999,0.3,0.295,-2.719999999999999,0.9550000000000001,5.0,False,True,opportunity_only,Scenario C fixed
0.8399999999999999,0.3,0.3,-2.719999999999999,0.97,5.0,False,True,opportunity_only,Scenario C fixed
0.8399999999999999,0.3,0.305,-2.719999999999999,0.9850000000000001,5.0,False,True,opportunity_only,Scenario C fixed
0.8399999999999999,0.3,0.31,-2.719999999999999,1.0,5.0,False,True,opportunity_only,Scenario C fixed
0.8399999999999999,0.3,0.315,-2.719999999999999,1.0,5.0,False,True,opportunity_only,Scenario C fixed
0.8399999999999999,0.3,0.32,-2.719999999999999,1.0,5.0,False,True,opportunity_only,Scenario C fixed
0.8399999999999999,0.3,0.325,-2.719999999999999,1.0,5.0,False,True,opportunity_only,Scenario C fixed
0.8399999999999999,0.3,0.32999999999999996,-2.719999999999999,1.0,5.0,False,True,opportunity_only,Scenario C fixed
0.8399999999999999,0.3,0.33499999999999996,-2.719999999999999,1.0,5.0,False,True,opportunity_only,Scenario C fixed
0.8399999999999999,0.3,0.33999999999999997,-2.719999999999999,1.0,5.0,False,True,opportunity_only,Scenario C fixed
0.8399999999999999,0.3,0.345,-2.719999999999999,1.0,5.0,False,True,opportunity_only,Scenario C fixed
0.8399999999999999,0.3,0.35,-2.719999999999999,1.0,5.0,False,True,opportunity_only,Scenario C fixed
0.8499999999999999,0.3,0.04,-2.799999999999999,0.19,1.95,False,False,neither,Scenario C fixed
0.8499999999999999,0.3,0.045,-2.799999999999999,0.20500000000000002,2.0250000000000004,False,False,neither,Scenario C fixed
0.8499999999999999,0.3,0.05,-2.799999999999999,0.22000000000000003,2.1,False,False,neither,Scenario C fixed
0.8499999999999999,0.3,0.055,-2.799999999999999,0.23500000000000001,2.175,False,False,neither,Scenario C fixed
0.8499999999999999,0.3,0.06,-2.799999999999999,0.25,2.25,False,False,neither,Scenario C fixed
0.8499999999999999,0.3,0.065,-2.799999999999999,0.265,2.325,False,False,neither,Scenario C fixed
0.8499999999999999,0.3,0.07,-2.799999999999999,0.28,2.4000000000000004,False,False,neither,Scenario C fixed
0.8499999999999999,0.3,0.07500000000000001,-2.799999999999999,0.29500000000000004,2.475,False,False,neither,Scenario C fixed
0.8499999999999999,0.3,0.08,-2.799999999999999,0.31,2.55,False,False,neither,Scenario C fixed
0.8499999999999999,0.3,0.08499999999999999,-2.799999999999999,0.325,2.625,False,False,neither,Scenario C fixed
0.8499999999999999,0.3,0.09,-2.799999999999999,0.34,2.7,False,False,neither,Scenario C fixed
0.8499999999999999,0.3,0.095,-2.799999999999999,0.35500000000000004,2.7750000000000004,False,False,neither,Scenario C fixed
0.8499999999999999,0.3,0.1,-2.799999999999999,0.37000000000000005,2.8500000000000005,False,False,neither,Scenario C fixed
0.8499999999999999,0.3,0.10500000000000001,-2.799999999999999,0.38500000000000006,2.9250000000000003,False,False,neither,Scenario C fixed
0.8499999999999999,0.3,0.11000000000000001,-2.799999999999999,0.4000000000000001,3.0000000000000004,False,False,neither,Scenario C fixed
0.8499999999999999,0.3,0.11499999999999999,-2.799999999999999,0.415,3.0749999999999997,False,False,neither,Scenario C fixed
0.8499999999999999,0.3,0.12,-2.799999999999999,0.43,3.15,False,False,neither,Scenario C fixed
0.8499999999999999,0.3,0.125,-2.799999999999999,0.445,3.225,False,False,neither,Scenario C fixed
0.8499999999999999,0.3,0.13,-2.799999999999999,0.46,3.3000000000000003,False,False,neither,Scenario C fixed
0.8499999999999999,0.3,0.135,-2.799999999999999,0.47500000000000003,3.375,False,False,neither,Scenario C fixed
0.8499999999999999,0.3,0.14,-2.799999999999999,0.49000000000000005,3.45,False,False,neither,Scenario C fixed
0.8499999999999999,0.3,0.145,-2.799999999999999,0.5049999999999999,3.5249999999999995,False,False,neither,Scenario C fixed
0.8499999999999999,0.3,0.15,-2.799999999999999,0.52,3.6,False,False,neither,Scenario C fixed
0.8499999999999999,0.3,0.155,-2.799999999999999,0.5349999999999999,3.675,False,False,neither,Scenario C fixed
0.8499999999999999,0.3,0.16,-2.799999999999999,0.55,3.75,False,False,neither,Scenario C fixed
0.8499999999999999,0.3,0.165,-2.799999999999999,0.565,3.8249999999999997,False,False,neither,Scenario C fixed
0.8499999999999999,0.3,0.17,-2.799999999999999,0.5800000000000001,3.9000000000000004,False,False,neither,Scenario C fixed
0.8499999999999999,0.3,0.17500000000000002,-2.799999999999999,0.595,3.9749999999999996,False,False,neither,Scenario C fixed
0.8499999999999999,0.3,0.18000000000000002,-2.799999999999999,0.6100000000000001,4.050000000000001,False,False,neither,Scenario C fixed
0.8499999999999999,0.3,0.185,-2.799999999999999,0.625,4.125,False,False,neither,Scenario C fixed
0.8499999999999999,0.3,0.19,-2.799999999999999,0.6400000000000001,4.200000000000001,False,False,neither,Scenario C fixed
0.8499999999999999,0.3,0.195,-2.799999999999999,0.655,4.275,False,False,neither,Scenario C fixed
0.8499999999999999,0.3,0.2,-2.799999999999999,0.6700000000000002,4.3500000000000005,False,False,neither,Scenario C fixed
0.8499999999999999,0.3,0.20500000000000002,-2.799999999999999,0.685,4.425000000000001,False,False,neither,Scenario C fixed
0.8499999999999999,0.3,0.21000000000000002,-2.799999999999999,0.7000000000000002,4.500000000000001,False,False,neither,Scenario C fixed
0.8499999999999999,0.3,0.21500000000000002,-2.799999999999999,0.7150000000000001,4.575,False,False,neither,Scenario C fixed
0.8499999999999999,0.3,0.22,-2.799999999999999,0.73,4.65,False,False,neither,Scenario C fixed
0.8499999999999999,0.3,0.225,-2.799999999999999,0.7450000000000001,4.7250000000000005,False,False,neither,Scenario C fixed
0.8499999999999999,0.3,0.23,-2.799999999999999,0.76,4.8,False,False,neither,Scenario C fixed
0.8499999999999999,0.3,0.23500000000000001,-2.799999999999999,0.7750000000000001,4.875000000000001,False,False,neither,Scenario C fixed
0.8499999999999999,0.3,0.24000000000000002,-2.799999999999999,0.79,4.95,False,False,neither,Scenario C fixed
0.8499999999999999,0.3,0.24500000000000002,-2.799999999999999,0.8050000000000002,5.0,False,True,opportunity_only,Scenario C fixed
0.8499999999999999,0.3,0.25,-2.799999999999999,0.8200000000000001,5.0,False,True,opportunity_only,Scenario C fixed
0.8499999999999999,0.3,0.255,-2.799999999999999,0.835,5.0,False,True,opportunity_only,Scenario C fixed
0.8499999999999999,0.3,0.26,-2.799999999999999,0.8500000000000001,5.0,False,True,opportunity_only,Scenario C fixed
0.8499999999999999,0.3,0.265,-2.799999999999999,0.865,5.0,False,True,opportunity_only,Scenario C fixed
0.8499999999999999,0.3,0.27,-2.799999999999999,0.8800000000000001,5.0,False,True,opportunity_only,Scenario C fixed
0.8499999999999999,0.3,0.275,-2.799999999999999,0.895,5.0,False,True,opportunity_only,Scenario C fixed
0.8499999999999999,0.3,0.27999999999999997,-2.799999999999999,0.9099999999999999,5.0,False,True,opportunity_only,Scenario C fixed
0.8499999999999999,0.3,0.285,-2.799999999999999,0.925,5.0,False,True,opportunity_only,Scenario C fixed
0.8499999999999999,0.3,0.29,-2.799999999999999,0.94,5.0,False,True,opportunity_only,Scenario C fixed
0.8499999999999999,0.3,0.295,-2.799999999999999,0.9550000000000001,5.0,False,True,opportunity_only,Scenario C fixed
0.8499999999999999,0.3,0.3,-2.799999999999999,0.97,5.0,False,True,opportunity_only,Scenario C fixed
0.8499999999999999,0.3,0.305,-2.799999999999999,0.9850000000000001,5.0,False,True,opportunity_only,Scenario C fixed
0.8499999999999999,0.3,0.31,-2.799999999999999,1.0,5.0,False,True,opportunity_only,Scenario C fixed
0.8499999999999999,0.3,0.315,-2.799999999999999,1.0,5.0,False,True,opportunity_only,Scenario C fixed
0.8499999999999999,0.3,0.32,-2.799999999999999,1.0,5.0,False,True,opportunity_only,Scenario C fixed
0.8499999999999999,0.3,0.325,-2.799999999999999,1.0,5.0,False,True,opportunity_only,Scenario C fixed
0.8499999999999999,0.3,0.32999999999999996,-2.799999999999999,1.0,5.0,False,True,opportunity_only,Scenario C fixed
0.8499999999999999,0.3,0.33499999999999996,-2.799999999999999,1.0,5.0,False,True,opportunity_only,Scenario C fixed
0.8499999999999999,0.3,0.33999999999999997,-2.799999999999999,1.0,5.0,False,True,opportunity_only,Scenario C fixed
0.8499999999999999,0.3,0.345,-2.799999999999999,1.0,5.0,False,True,opportunity_only,Scenario C fixed
0.8499999999999999,0.3,0.35,-2.799999999999999,1.0,5.0,False,True,opportunity_only,Scenario C fixed
0.8599999999999999,0.3,0.04,-2.879999999999999,0.19,1.95,False,False,neither,Scenario C fixed
0.8599999999999999,0.3,0.045,-2.879999999999999,0.20500000000000002,2.0250000000000004,False,False,neither,Scenario C fixed
0.8599999999999999,0.3,0.05,-2.879999999999999,0.22000000000000003,2.1,False,False,neither,Scenario C fixed
0.8599999999999999,0.3,0.055,-2.879999999999999,0.23500000000000001,2.175,False,False,neither,Scenario C fixed
0.8599999999999999,0.3,0.06,-2.879999999999999,0.25,2.25,False,False,neither,Scenario C fixed
0.8599999999999999,0.3,0.065,-2.879999999999999,0.265,2.325,False,False,neither,Scenario C fixed
0.8599999999999999,0.3,0.07,-2.879999999999999,0.28,2.4000000000000004,False,False,neither,Scenario C fixed
0.8599999999999999,0.3,0.07500000000000001,-2.879999999999999,0.29500000000000004,2.475,False,False,neither,Scenario C fixed
0.8599999999999999,0.3,0.08,-2.879999999999999,0.31,2.55,False,False,neither,Scenario C fixed
0.8599999999999999,0.3,0.08499999999999999,-2.879999999999999,0.325,2.625,False,False,neither,Scenario C fixed
0.8599999999999999,0.3,0.09,-2.879999999999999,0.34,2.7,False,False,neither,Scenario C fixed
0.8599999999999999,0.3,0.095,-2.879999999999999,0.35500000000000004,2.7750000000000004,False,False,neither,Scenario C fixed
0.8599999999999999,0.3,0.1,-2.879999999999999,0.37000000000000005,2.8500000000000005,False,False,neither,Scenario C fixed
0.8599999999999999,0.3,0.10500000000000001,-2.879999999999999,0.38500000000000006,2.9250000000000003,False,False,neither,Scenario C fixed
0.8599999999999999,0.3,0.11000000000000001,-2.879999999999999,0.4000000000000001,3.0000000000000004,False,False,neither,Scenario C fixed
0.8599999999999999,0.3,0.11499999999999999,-2.879999999999999,0.415,3.0749999999999997,False,False,neither,Scenario C fixed
0.8599999999999999,0.3,0.12,-2.879999999999999,0.43,3.15,False,False,neither,Scenario C fixed
0.8599999999999999,0.3,0.125,-2.879999999999999,0.445,3.225,False,False,neither,Scenario C fixed
0.8599999999999999,0.3,0.13,-2.879999999999999,0.46,3.3000000000000003,False,False,neither,Scenario C fixed
0.8599999999999999,0.3,0.135,-2.879999999999999,0.47500000000000003,3.375,False,False,neither,Scenario C fixed
0.8599999999999999,0.3,0.14,-2.879999999999999,0.49000000000000005,3.45,False,False,neither,Scenario C fixed
0.8599999999999999,0.3,0.145,-2.879999999999999,0.5049999999999999,3.5249999999999995,False,False,neither,Scenario C fixed
0.8599999999999999,0.3,0.15,-2.879999999999999,0.52,3.6,False,False,neither,Scenario C fixed
0.8599999999999999,0.3,0.155,-2.879999999999999,0.5349999999999999,3.675,False,False,neither,Scenario C fixed
0.8599999999999999,0.3,0.16,-2.879999999999999,0.55,3.75,False,False,neither,Scenario C fixed
0.8599999999999999,0.3,0.165,-2.879999999999999,0.565,3.8249999999999997,False,False,neither,Scenario C fixed
0.8599999999999999,0.3,0.17,-2.879999999999999,0.5800000000000001,3.9000000000000004,False,False,neither,Scenario C fixed
0.8599999999999999,0.3,0.17500000000000002,-2.879999999999999,0.595,3.9749999999999996,False,False,neither,Scenario C fixed
0.8599999999999999,0.3,0.18000000000000002,-2.879999999999999,0.6100000000000001,4.050000000000001,False,False,neither,Scenario C fixed
0.8599999999999999,0.3,0.185,-2.879999999999999,0.625,4.125,False,False,neither,Scenario C fixed
0.8599999999999999,0.3,0.19,-2.879999999999999,0.6400000000000001,4.200000000000001,False,False,neither,Scenario C fixed
0.8599999999999999,0.3,0.195,-2.879999999999999,0.655,4.275,False,False,neither,Scenario C fixed
0.8599999999999999,0.3,0.2,-2.879999999999999,0.6700000000000002,4.3500000000000005,False,False,neither,Scenario C fixed
0.8599999999999999,0.3,0.20500000000000002,-2.879999999999999,0.685,4.425000000000001,False,False,neither,Scenario C fixed
0.8599999999999999,0.3,0.21000000000000002,-2.879999999999999,0.7000000000000002,4.500000000000001,False,False,neither,Scenario C fixed
0.8599999999999999,0.3,0.21500000000000002,-2.879999999999999,0.7150000000000001,4.575,False,False,neither,Scenario C fixed
0.8599999999999999,0.3,0.22,-2.879999999999999,0.73,4.65,False,False,neither,Scenario C fixed
0.8599999999999999,0.3,0.225,-2.879999999999999,0.7450000000000001,4.7250000000000005,False,False,neither,Scenario C fixed
0.8599999999999999,0.3,0.23,-2.879999999999999,0.76,4.8,False,False,neither,Scenario C fixed
0.8599999999999999,0.3,0.23500000000000001,-2.879999999999999,0.7750000000000001,4.875000000000001,False,False,neither,Scenario C fixed
0.8599999999999999,0.3,0.24000000000000002,-2.879999999999999,0.79,4.95,False,False,neither,Scenario C fixed
0.8599999999999999,0.3,0.24500000000000002,-2.879999999999999,0.8050000000000002,5.0,False,True,opportunity_only,Scenario C fixed
0.8599999999999999,0.3,0.25,-2.879999999999999,0.8200000000000001,5.0,False,True,opportunity_only,Scenario C fixed
0.8599999999999999,0.3,0.255,-2.879999999999999,0.835,5.0,False,True,opportunity_only,Scenario C fixed
0.8599999999999999,0.3,0.26,-2.879999999999999,0.8500000000000001,5.0,False,True,opportunity_only,Scenario C fixed
0.8599999999999999,0.3,0.265,-2.879999999999999,0.865,5.0,False,True,opportunity_only,Scenario C fixed
0.8599999999999999,0.3,0.27,-2.879999999999999,0.8800000000000001,5.0,False,True,opportunity_only,Scenario C fixed
0.8599999999999999,0.3,0.275,-2.879999999999999,0.895,5.0,False,True,opportunity_only,Scenario C fixed
0.8599999999999999,0.3,0.27999999999999997,-2.879999999999999,0.9099999999999999,5.0,False,True,opportunity_only,Scenario C fixed
0.8599999999999999,0.3,0.285,-2.879999999999999,0.925,5.0,False,True,opportunity_only,Scenario C fixed
0.8599999999999999,0.3,0.29,-2.879999999999999,0.94,5.0,False,True,opportunity_only,Scenario C fixed
0.8599999999999999,0.3,0.295,-2.879999999999999,0.9550000000000001,5.0,False,True,opportunity_only,Scenario C fixed
0.8599999999999999,0.3,0.3,-2.879999999999999,0.97,5.0,False,True,opportunity_only,Scenario C fixed
0.8599999999999999,0.3,0.305,-2.879999999999999,0.9850000000000001,5.0,False,True,opportunity_only,Scenario C fixed
0.8599999999999999,0.3,0.31,-2.879999999999999,1.0,5.0,False,True,opportunity_only,Scenario C fixed
0.8599999999999999,0.3,0.315,-2.879999999999999,1.0,5.0,False,True,opportunity_only,Scenario C fixed
0.8599999999999999,0.3,0.32,-2.879999999999999,1.0,5.0,False,True,opportunity_only,Scenario C fixed
0.8599999999999999,0.3,0.325,-2.879999999999999,1.0,5.0,False,True,opportunity_only,Scenario C fixed
0.8599999999999999,0.3,0.32999999999999996,-2.879999999999999,1.0,5.0,False,True,opportunity_only,Scenario C fixed
0.8599999999999999,0.3,0.33499999999999996,-2.879999999999999,1.0,5.0,False,True,opportunity_only,Scenario C fixed
0.8599999999999999,0.3,0.33999999999999997,-2.879999999999999,1.0,5.0,False,True,opportunity_only,Scenario C fixed
0.8599999999999999,0.3,0.345,-2.879999999999999,1.0,5.0,False,True,opportunity_only,Scenario C fixed
0.8599999999999999,0.3,0.35,-2.879999999999999,1.0,5.0,False,True,opportunity_only,Scenario C fixed
0.8699999999999999,0.3,0.04,-2.959999999999999,0.19,1.95,False,False,neither,Scenario C fixed
0.8699999999999999,0.3,0.045,-2.959999999999999,0.20500000000000002,2.0250000000000004,False,False,neither,Scenario C fixed
0.8699999999999999,0.3,0.05,-2.959999999999999,0.22000000000000003,2.1,False,False,neither,Scenario C fixed
0.8699999999999999,0.3,0.055,-2.959999999999999,0.23500000000000001,2.175,False,False,neither,Scenario C fixed
0.8699999999999999,0.3,0.06,-2.959999999999999,0.25,2.25,False,False,neither,Scenario C fixed
0.8699999999999999,0.3,0.065,-2.959999999999999,0.265,2.325,False,False,neither,Scenario C fixed
0.8699999999999999,0.3,0.07,-2.959999999999999,0.28,2.4000000000000004,False,False,neither,Scenario C fixed
0.8699999999999999,0.3,0.07500000000000001,-2.959999999999999,0.29500000000000004,2.475,False,False,neither,Scenario C fixed
0.8699999999999999,0.3,0.08,-2.959999999999999,0.31,2.55,False,False,neither,Scenario C fixed
0.8699999999999999,0.3,0.08499999999999999,-2.959999999999999,0.325,2.625,False,False,neither,Scenario C fixed
0.8699999999999999,0.3,0.09,-2.959999999999999,0.34,2.7,False,False,neither,Scenario C fixed
0.8699999999999999,0.3,0.095,-2.959999999999999,0.35500000000000004,2.7750000000000004,False,False,neither,Scenario C fixed
0.8699999999999999,0.3,0.1,-2.959999999999999,0.37000000000000005,2.8500000000000005,False,False,neither,Scenario C fixed
0.8699999999999999,0.3,0.10500000000000001,-2.959999999999999,0.38500000000000006,2.9250000000000003,False,False,neither,Scenario C fixed
0.8699999999999999,0.3,0.11000000000000001,-2.959999999999999,0.4000000000000001,3.0000000000000004,False,False,neither,Scenario C fixed
0.8699999999999999,0.3,0.11499999999999999,-2.959999999999999,0.415,3.0749999999999997,False,False,neither,Scenario C fixed
0.8699999999999999,0.3,0.12,-2.959999999999999,0.43,3.15,False,False,neither,Scenario C fixed
0.8699999999999999,0.3,0.125,-2.959999999999999,0.445,3.225,False,False,neither,Scenario C fixed
0.8699999999999999,0.3,0.13,-2.959999999999999,0.46,3.3000000000000003,False,False,neither,Scenario C fixed
0.8699999999999999,0.3,0.135,-2.959999999999999,0.47500000000000003,3.375,False,False,neither,Scenario C fixed
0.8699999999999999,0.3,0.14,-2.959999999999999,0.49000000000000005,3.45,False,False,neither,Scenario C fixed
0.8699999999999999,0.3,0.145,-2.959999999999999,0.5049999999999999,3.5249999999999995,False,False,neither,Scenario C fixed
0.8699999999999999,0.3,0.15,-2.959999999999999,0.52,3.6,False,False,neither,Scenario C fixed
0.8699999999999999,0.3,0.155,-2.959999999999999,0.5349999999999999,3.675,False,False,neither,Scenario C fixed
0.8699999999999999,0.3,0.16,-2.959999999999999,0.55,3.75,False,False,neither,Scenario C fixed
0.8699999999999999,0.3,0.165,-2.959999999999999,0.565,3.8249999999999997,False,False,neither,Scenario C fixed
0.8699999999999999,0.3,0.17,-2.959999999999999,0.5800000000000001,3.9000000000000004,False,False,neither,Scenario C fixed
0.8699999999999999,0.3,0.17500000000000002,-2.959999999999999,0.595,3.9749999999999996,False,False,neither,Scenario C fixed
0.8699999999999999,0.3,0.18000000000000002,-2.959999999999999,0.6100000000000001,4.050000000000001,False,False,neither,Scenario C fixed
0.8699999999999999,0.3,0.185,-2.959999999999999,0.625,4.125,False,False,neither,Scenario C fixed
0.8699999999999999,0.3,0.19,-2.959999999999999,0.6400000000000001,4.200000000000001,False,False,neither,Scenario C fixed
0.8699999999999999,0.3,0.195,-2.959999999999999,0.655,4.275,False,False,neither,Scenario C fixed
0.8699999999999999,0.3,0.2,-2.959999999999999,0.6700000000000002,4.3500000000000005,False,False,neither,Scenario C fixed
0.8699999999999999,0.3,0.20500000000000002,-2.959999999999999,0.685,4.425000000000001,False,False,neither,Scenario C fixed
0.8699999999999999,0.3,0.21000000000000002,-2.959999999999999,0.7000000000000002,4.500000000000001,False,False,neither,Scenario C fixed
0.8699999999999999,0.3,0.21500000000000002,-2.959999999999999,0.7150000000000001,4.575,False,False,neither,Scenario C fixed
0.8699999999999999,0.3,0.22,-2.959999999999999,0.73,4.65,False,False,neither,Scenario C fixed
0.8699999999999999,0.3,0.225,-2.959999999999999,0.7450000000000001,4.7250000000000005,False,False,neither,Scenario C fixed
0.8699999999999999,0.3,0.23,-2.959999999999999,0.76,4.8,False,False,neither,Scenario C fixed
0.8699999999999999,0.3,0.23500000000000001,-2.959999999999999,0.7750000000000001,4.875000000000001,False,False,neither,Scenario C fixed
0.8699999999999999,0.3,0.24000000000000002,-2.959999999999999,0.79,4.95,False,False,neither,Scenario C fixed
0.8699999999999999,0.3,0.24500000000000002,-2.959999999999999,0.8050000000000002,5.0,False,True,opportunity_only,Scenario C fixed
0.8699999999999999,0.3,0.25,-2.959999999999999,0.8200000000000001,5.0,False,True,opportunity_only,Scenario C fixed
0.8699999999999999,0.3,0.255,-2.959999999999999,0.835,5.0,False,True,opportunity_only,Scenario C fixed
0.8699999999999999,0.3,0.26,-2.959999999999999,0.8500000000000001,5.0,False,True,opportunity_only,Scenario C fixed
0.8699999999999999,0.3,0.265,-2.959999999999999,0.865,5.0,False,True,opportunity_only,Scenario C fixed
0.8699999999999999,0.3,0.27,-2.959999999999999,0.8800000000000001,5.0,False,True,opportunity_only,Scenario C fixed
0.8699999999999999,0.3,0.275,-2.959999999999999,0.895,5.0,False,True,opportunity_only,Scenario C fixed
0.8699999999999999,0.3,0.27999999999999997,-2.959999999999999,0.9099999999999999,5.0,False,True,opportunity_only,Scenario C fixed
0.8699999999999999,0.3,0.285,-2.959999999999999,0.925,5.0,False,True,opportunity_only,Scenario C fixed
0.8699999999999999,0.3,0.29,-2.959999999999999,0.94,5.0,False,True,opportunity_only,Scenario C fixed
0.8699999999999999,0.3,0.295,-2.959999999999999,0.9550000000000001,5.0,False,True,opportunity_only,Scenario C fixed
0.8699999999999999,0.3,0.3,-2.959999999999999,0.97,5.0,False,True,opportunity_only,Scenario C fixed
0.8699999999999999,0.3,0.305,-2.959999999999999,0.9850000000000001,5.0,False,True,opportunity_only,Scenario C fixed
0.8699999999999999,0.3,0.31,-2.959999999999999,1.0,5.0,False,True,opportunity_only,Scenario C fixed
0.8699999999999999,0.3,0.315,-2.959999999999999,1.0,5.0,False,True,opportunity_only,Scenario C fixed
0.8699999999999999,0.3,0.32,-2.959999999999999,1.0,5.0,False,True,opportunity_only,Scenario C fixed
0.8699999999999999,0.3,0.325,-2.959999999999999,1.0,5.0,False,True,opportunity_only,Scenario C fixed
0.8699999999999999,0.3,0.32999999999999996,-2.959999999999999,1.0,5.0,False,True,opportunity_only,Scenario C fixed
0.8699999999999999,0.3,0.33499999999999996,-2.959999999999999,1.0,5.0,False,True,opportunity_only,Scenario C fixed
0.8699999999999999,0.3,0.33999999999999997,-2.959999999999999,1.0,5.0,False,True,opportunity_only,Scenario C fixed
0.8699999999999999,0.3,0.345,-2.959999999999999,1.0,5.0,False,True,opportunity_only,Scenario C fixed
0.8699999999999999,0.3,0.35,-2.959999999999999,1.0,5.0,False,True,opportunity_only,Scenario C fixed
0.8799999999999999,0.3,0.04,-3.039999999999999,0.19,1.95,False,False,neither,Scenario C fixed
0.8799999999999999,0.3,0.045,-3.039999999999999,0.20500000000000002,2.0250000000000004,False,False,neither,Scenario C fixed
0.8799999999999999,0.3,0.05,-3.039999999999999,0.22000000000000003,2.1,False,False,neither,Scenario C fixed
0.8799999999999999,0.3,0.055,-3.039999999999999,0.23500000000000001,2.175,False,False,neither,Scenario C fixed
0.8799999999999999,0.3,0.06,-3.039999999999999,0.25,2.25,False,False,neither,Scenario C fixed
0.8799999999999999,0.3,0.065,-3.039999999999999,0.265,2.325,False,False,neither,Scenario C fixed
0.8799999999999999,0.3,0.07,-3.039999999999999,0.28,2.4000000000000004,False,False,neither,Scenario C fixed
0.8799999999999999,0.3,0.07500000000000001,-3.039999999999999,0.29500000000000004,2.475,False,False,neither,Scenario C fixed
0.8799999999999999,0.3,0.08,-3.039999999999999,0.31,2.55,False,False,neither,Scenario C fixed
0.8799999999999999,0.3,0.08499999999999999,-3.039999999999999,0.325,2.625,False,False,neither,Scenario C fixed
0.8799999999999999,0.3,0.09,-3.039999999999999,0.34,2.7,False,False,neither,Scenario C fixed
0.8799999999999999,0.3,0.095,-3.039999999999999,0.35500000000000004,2.7750000000000004,False,False,neither,Scenario C fixed
0.8799999999999999,0.3,0.1,-3.039999999999999,0.37000000000000005,2.8500000000000005,False,False,neither,Scenario C fixed
0.8799999999999999,0.3,0.10500000000000001,-3.039999999999999,0.38500000000000006,2.9250000000000003,False,False,neither,Scenario C fixed
0.8799999999999999,0.3,0.11000000000000001,-3.039999999999999,0.4000000000000001,3.0000000000000004,False,False,neither,Scenario C fixed
0.8799999999999999,0.3,0.11499999999999999,-3.039999999999999,0.415,3.0749999999999997,False,False,neither,Scenario C fixed
0.8799999999999999,0.3,0.12,-3.039999999999999,0.43,3.15,False,False,neither,Scenario C fixed
0.8799999999999999,0.3,0.125,-3.039999999999999,0.445,3.225,False,False,neither,Scenario C fixed
0.8799999999999999,0.3,0.13,-3.039999999999999,0.46,3.3000000000000003,False,False,neither,Scenario C fixed
0.8799999999999999,0.3,0.135,-3.039999999999999,0.47500000000000003,3.375,False,False,neither,Scenario C fixed
0.8799999999999999,0.3,0.14,-3.039999999999999,0.49000000000000005,3.45,False,False,neither,Scenario C fixed
0.8799999999999999,0.3,0.145,-3.039999999999999,0.5049999999999999,3.5249999999999995,False,False,neither,Scenario C fixed
0.8799999999999999,0.3,0.15,-3.039999999999999,0.52,3.6,False,False,neither,Scenario C fixed
0.8799999999999999,0.3,0.155,-3.039999999999999,0.5349999999999999,3.675,False,False,neither,Scenario C fixed
0.8799999999999999,0.3,0.16,-3.039999999999999,0.55,3.75,False,False,neither,Scenario C fixed
0.8799999999999999,0.3,0.165,-3.039999999999999,0.565,3.8249999999999997,False,False,neither,Scenario C fixed
0.8799999999999999,0.3,0.17,-3.039999999999999,0.5800000000000001,3.9000000000000004,False,False,neither,Scenario C fixed
0.8799999999999999,0.3,0.17500000000000002,-3.039999999999999,0.595,3.9749999999999996,False,False,neither,Scenario C fixed
0.8799999999999999,0.3,0.18000000000000002,-3.039999999999999,0.6100000000000001,4.050000000000001,False,False,neither,Scenario C fixed
0.8799999999999999,0.3,0.185,-3.039999999999999,0.625,4.125,False,False,neither,Scenario C fixed
0.8799999999999999,0.3,0.19,-3.039999999999999,0.6400000000000001,4.200000000000001,False,False,neither,Scenario C fixed
0.8799999999999999,0.3,0.195,-3.039999999999999,0.655,4.275,False,False,neither,Scenario C fixed
0.8799999999999999,0.3,0.2,-3.039999999999999,0.6700000000000002,4.3500000000000005,False,False,neither,Scenario C fixed
0.8799999999999999,0.3,0.20500000000000002,-3.039999999999999,0.685,4.425000000000001,False,False,neither,Scenario C fixed
0.8799999999999999,0.3,0.21000000000000002,-3.039999999999999,0.7000000000000002,4.500000000000001,False,False,neither,Scenario C fixed
0.8799999999999999,0.3,0.21500000000000002,-3.039999999999999,0.7150000000000001,4.575,False,False,neither,Scenario C fixed
0.8799999999999999,0.3,0.22,-3.039999999999999,0.73,4.65,False,False,neither,Scenario C fixed
0.8799999999999999,0.3,0.225,-3.039999999999999,0.7450000000000001,4.7250000000000005,False,False,neither,Scenario C fixed
0.8799999999999999,0.3,0.23,-3.039999999999999,0.76,4.8,False,False,neither,Scenario C fixed
0.8799999999999999,0.3,0.23500000000000001,-3.039999999999999,0.7750000000000001,4.875000000000001,False,False,neither,Scenario C fixed
0.8799999999999999,0.3,0.24000000000000002,-3.039999999999999,0.79,4.95,False,False,neither,Scenario C fixed
0.8799999999999999,0.3,0.24500000000000002,-3.039999999999999,0.8050000000000002,5.0,False,True,opportunity_only,Scenario C fixed
0.8799999999999999,0.3,0.25,-3.039999999999999,0.8200000000000001,5.0,False,True,opportunity_only,Scenario C fixed
0.8799999999999999,0.3,0.255,-3.039999999999999,0.835,5.0,False,True,opportunity_only,Scenario C fixed
0.8799999999999999,0.3,0.26,-3.039999999999999,0.8500000000000001,5.0,False,True,opportunity_only,Scenario C fixed
0.8799999999999999,0.3,0.265,-3.039999999999999,0.865,5.0,False,True,opportunity_only,Scenario C fixed
0.8799999999999999,0.3,0.27,-3.039999999999999,0.8800000000000001,5.0,False,True,opportunity_only,Scenario C fixed
0.8799999999999999,0.3,0.275,-3.039999999999999,0.895,5.0,False,True,opportunity_only,Scenario C fixed
0.8799999999999999,0.3,0.27999999999999997,-3.039999999999999,0.9099999999999999,5.0,False,True,opportunity_only,Scenario C fixed
0.8799999999999999,0.3,0.285,-3.039999999999999,0.925,5.0,False,True,opportunity_only,Scenario C fixed
0.8799999999999999,0.3,0.29,-3.039999999999999,0.94,5.0,False,True,opportunity_only,Scenario C fixed
0.8799999999999999,0.3,0.295,-3.039999999999999,0.9550000000000001,5.0,False,True,opportunity_only,Scenario C fixed
0.8799999999999999,0.3,0.3,-3.039999999999999,0.97,5.0,False,True,opportunity_only,Scenario C fixed
0.8799999999999999,0.3,0.305,-3.039999999999999,0.9850000000000001,5.0,False,True,opportunity_only,Scenario C fixed
0.8799999999999999,0.3,0.31,-3.039999999999999,1.0,5.0,False,True,opportunity_only,Scenario C fixed
0.8799999999999999,0.3,0.315,-3.039999999999999,1.0,5.0,False,True,opportunity_only,Scenario C fixed
0.8799999999999999,0.3,0.32,-3.039999999999999,1.0,5.0,False,True,opportunity_only,Scenario C fixed
0.8799999999999999,0.3,0.325,-3.039999999999999,1.0,5.0,False,True,opportunity_only,Scenario C fixed
0.8799999999999999,0.3,0.32999999999999996,-3.039999999999999,1.0,5.0,False,True,opportunity_only,Scenario C fixed
0.8799999999999999,0.3,0.33499999999999996,-3.039999999999999,1.0,5.0,False,True,opportunity_only,Scenario C fixed
0.8799999999999999,0.3,0.33999999999999997,-3.039999999999999,1.0,5.0,False,True,opportunity_only,Scenario C fixed
0.8799999999999999,0.3,0.345,-3.039999999999999,1.0,5.0,False,True,opportunity_only,Scenario C fixed
0.8799999999999999,0.3,0.35,-3.039999999999999,1.0,5.0,False,True,opportunity_only,Scenario C fixed
0.8899999999999999,0.3,0.04,-3.119999999999999,0.19,1.95,False,False,neither,Scenario C fixed
0.8899999999999999,0.3,0.045,-3.119999999999999,0.20500000000000002,2.0250000000000004,False,False,neither,Scenario C fixed
0.8899999999999999,0.3,0.05,-3.119999999999999,0.22000000000000003,2.1,False,False,neither,Scenario C fixed
0.8899999999999999,0.3,0.055,-3.119999999999999,0.23500000000000001,2.175,False,False,neither,Scenario C fixed
0.8899999999999999,0.3,0.06,-3.119999999999999,0.25,2.25,False,False,neither,Scenario C fixed
0.8899999999999999,0.3,0.065,-3.119999999999999,0.265,2.325,False,False,neither,Scenario C fixed
0.8899999999999999,0.3,0.07,-3.119999999999999,0.28,2.4000000000000004,False,False,neither,Scenario C fixed
0.8899999999999999,0.3,0.07500000000000001,-3.119999999999999,0.29500000000000004,2.475,False,False,neither,Scenario C fixed
0.8899999999999999,0.3,0.08,-3.119999999999999,0.31,2.55,False,False,neither,Scenario C fixed
0.8899999999999999,0.3,0.08499999999999999,-3.119999999999999,0.325,2.625,False,False,neither,Scenario C fixed
0.8899999999999999,0.3,0.09,-3.119999999999999,0.34,2.7,False,False,neither,Scenario C fixed
0.8899999999999999,0.3,0.095,-3.119999999999999,0.35500000000000004,2.7750000000000004,False,False,neither,Scenario C fixed
0.8899999999999999,0.3,0.1,-3.119999999999999,0.37000000000000005,2.8500000000000005,False,False,neither,Scenario C fixed
0.8899999999999999,0.3,0.10500000000000001,-3.119999999999999,0.38500000000000006,2.9250000000000003,False,False,neither,Scenario C fixed
0.8899999999999999,0.3,0.11000000000000001,-3.119999999999999,0.4000000000000001,3.0000000000000004,False,False,neither,Scenario C fixed
0.8899999999999999,0.3,0.11499999999999999,-3.119999999999999,0.415,3.0749999999999997,False,False,neither,Scenario C fixed
0.8899999999999999,0.3,0.12,-3.119999999999999,0.43,3.15,False,False,neither,Scenario C fixed
0.8899999999999999,0.3,0.125,-3.119999999999999,0.445,3.225,False,False,neither,Scenario C fixed
0.8899999999999999,0.3,0.13,-3.119999999999999,0.46,3.3000000000000003,False,False,neither,Scenario C fixed
0.8899999999999999,0.3,0.135,-3.119999999999999,0.47500000000000003,3.375,False,False,neither,Scenario C fixed
0.8899999999999999,0.3,0.14,-3.119999999999999,0.49000000000000005,3.45,False,False,neither,Scenario C fixed
0.8899999999999999,0.3,0.145,-3.119999999999999,0.5049999999999999,3.5249999999999995,False,False,neither,Scenario C fixed
0.8899999999999999,0.3,0.15,-3.119999999999999,0.52,3.6,False,False,neither,Scenario C fixed
0.8899999999999999,0.3,0.155,-3.119999999999999,0.5349999999999999,3.675,False,False,neither,Scenario C fixed
0.8899999999999999,0.3,0.16,-3.119999999999999,0.55,3.75,False,False,neither,Scenario C fixed
0.8899999999999999,0.3,0.165,-3.119999999999999,0.565,3.8249999999999997,False,False,neither,Scenario C fixed
0.8899999999999999,0.3,0.17,-3.119999999999999,0.5800000000000001,3.9000000000000004,False,False,neither,Scenario C fixed
0.8899999999999999,0.3,0.17500000000000002,-3.119999999999999,0.595,3.9749999999999996,False,False,neither,Scenario C fixed
0.8899999999999999,0.3,0.18000000000000002,-3.119999999999999,0.6100000000000001,4.050000000000001,False,False,neither,Scenario C fixed
0.8899999999999999,0.3,0.185,-3.119999999999999,0.625,4.125,False,False,neither,Scenario C fixed
0.8899999999999999,0.3,0.19,-3.119999999999999,0.6400000000000001,4.200000000000001,False,False,neither,Scenario C fixed
0.8899999999999999,0.3,0.195,-3.119999999999999,0.655,4.275,False,False,neither,Scenario C fixed
0.8899999999999999,0.3,0.2,-3.119999999999999,0.6700000000000002,4.3500000000000005,False,False,neither,Scenario C fixed
0.8899999999999999,0.3,0.20500000000000002,-3.119999999999999,0.685,4.425000000000001,False,False,neither,Scenario C fixed
0.8899999999999999,0.3,0.21000000000000002,-3.119999999999999,0.7000000000000002,4.500000000000001,False,False,neither,Scenario C fixed
0.8899999999999999,0.3,0.21500000000000002,-3.119999999999999,0.7150000000000001,4.575,False,False,neither,Scenario C fixed
0.8899999999999999,0.3,0.22,-3.119999999999999,0.73,4.65,False,False,neither,Scenario C fixed
0.8899999999999999,0.3,0.225,-3.119999999999999,0.7450000000000001,4.7250000000000005,False,False,neither,Scenario C fixed
0.8899999999999999,0.3,0.23,-3.119999999999999,0.76,4.8,False,False,neither,Scenario C fixed
0.8899999999999999,0.3,0.23500000000000001,-3.119999999999999,0.7750000000000001,4.875000000000001,False,False,neither,Scenario C fixed
0.8899999999999999,0.3,0.24000000000000002,-3.119999999999999,0.79,4.95,False,False,neither,Scenario C fixed
0.8899999999999999,0.3,0.24500000000000002,-3.119999999999999,0.8050000000000002,5.0,False,True,opportunity_only,Scenario C fixed
0.8899999999999999,0.3,0.25,-3.119999999999999,0.8200000000000001,5.0,False,True,opportunity_only,Scenario C fixed
0.8899999999999999,0.3,0.255,-3.119999999999999,0.835,5.0,False,True,opportunity_only,Scenario C fixed
0.8899999999999999,0.3,0.26,-3.119999999999999,0.8500000000000001,5.0,False,True,opportunity_only,Scenario C fixed
0.8899999999999999,0.3,0.265,-3.119999999999999,0.865,5.0,False,True,opportunity_only,Scenario C fixed
0.8899999999999999,0.3,0.27,-3.119999999999999,0.8800000000000001,5.0,False,True,opportunity_only,Scenario C fixed
0.8899999999999999,0.3,0.275,-3.119999999999999,0.895,5.0,False,True,opportunity_only,Scenario C fixed
0.8899999999999999,0.3,0.27999999999999997,-3.119999999999999,0.9099999999999999,5.0,False,True,opportunity_only,Scenario C fixed
0.8899999999999999,0.3,0.285,-3.119999999999999,0.925,5.0,False,True,opportunity_only,Scenario C fixed
0.8899999999999999,0.3,0.29,-3.119999999999999,0.94,5.0,False,True,opportunity_only,Scenario C fixed
0.8899999999999999,0.3,0.295,-3.119999999999999,0.9550000000000001,5.0,False,True,opportunity_only,Scenario C fixed
0.8899999999999999,0.3,0.3,-3.119999999999999,0.97,5.0,False,True,opportunity_only,Scenario C fixed
0.8899999999999999,0.3,0.305,-3.119999999999999,0.9850000000000001,5.0,False,True,opportunity_only,Scenario C fixed
0.8899999999999999,0.3,0.31,-3.119999999999999,1.0,5.0,False,True,opportunity_only,Scenario C fixed
0.8899999999999999,0.3,0.315,-3.119999999999999,1.0,5.0,False,True,opportunity_only,Scenario C fixed
0.8899999999999999,0.3,0.32,-3.119999999999999,1.0,5.0,False,True,opportunity_only,Scenario C fixed
0.8899999999999999,0.3,0.325,-3.119999999999999,1.0,5.0,False,True,opportunity_only,Scenario C fixed
0.8899999999999999,0.3,0.32999999999999996,-3.119999999999999,1.0,5.0,False,True,opportunity_only,Scenario C fixed
0.8899999999999999,0.3,0.33499999999999996,-3.119999999999999,1.0,5.0,False,True,opportunity_only,Scenario C fixed
0.8899999999999999,0.3,0.33999999999999997,-3.119999999999999,1.0,5.0,False,True,opportunity_only,Scenario C fixed
0.8899999999999999,0.3,0.345,-3.119999999999999,1.0,5.0,False,True,opportunity_only,Scenario C fixed
0.8899999999999999,0.3,0.35,-3.119999999999999,1.0,5.0,False,True,opportunity_only,Scenario C fixed
0.8999999999999999,0.3,0.04,-3.1999999999999993,0.19,1.95,False,False,neither,Scenario C fixed
0.8999999999999999,0.3,0.045,-3.1999999999999993,0.20500000000000002,2.0250000000000004,False,False,neither,Scenario C fixed
0.8999999999999999,0.3,0.05,-3.1999999999999993,0.22000000000000003,2.1,False,False,neither,Scenario C fixed
0.8999999999999999,0.3,0.055,-3.1999999999999993,0.23500000000000001,2.175,False,False,neither,Scenario C fixed
0.8999999999999999,0.3,0.06,-3.1999999999999993,0.25,2.25,False,False,neither,Scenario C fixed
0.8999999999999999,0.3,0.065,-3.1999999999999993,0.265,2.325,False,False,neither,Scenario C fixed
0.8999999999999999,0.3,0.07,-3.1999999999999993,0.28,2.4000000000000004,False,False,neither,Scenario C fixed
0.8999999999999999,0.3,0.07500000000000001,-3.1999999999999993,0.29500000000000004,2.475,False,False,neither,Scenario C fixed
0.8999999999999999,0.3,0.08,-3.1999999999999993,0.31,2.55,False,False,neither,Scenario C fixed
0.8999999999999999,0.3,0.08499999999999999,-3.1999999999999993,0.325,2.625,False,False,neither,Scenario C fixed
0.8999999999999999,0.3,0.09,-3.1999999999999993,0.34,2.7,False,False,neither,Scenario C fixed
0.8999999999999999,0.3,0.095,-3.1999999999999993,0.35500000000000004,2.7750000000000004,False,False,neither,Scenario C fixed
0.8999999999999999,0.3,0.1,-3.1999999999999993,0.37000000000000005,2.8500000000000005,False,False,neither,Scenario C fixed
0.8999999999999999,0.3,0.10500000000000001,-3.1999999999999993,0.38500000000000006,2.9250000000000003,False,False,neither,Scenario C fixed
0.8999999999999999,0.3,0.11000000000000001,-3.1999999999999993,0.4000000000000001,3.0000000000000004,False,False,neither,Scenario C fixed
0.8999999999999999,0.3,0.11499999999999999,-3.1999999999999993,0.415,3.0749999999999997,False,False,neither,Scenario C fixed
0.8999999999999999,0.3,0.12,-3.1999999999999993,0.43,3.15,False,False,neither,Scenario C fixed
0.8999999999999999,0.3,0.125,-3.1999999999999993,0.445,3.225,False,False,neither,Scenario C fixed
0.8999999999999999,0.3,0.13,-3.1999999999999993,0.46,3.3000000000000003,False,False,neither,Scenario C fixed
0.8999999999999999,0.3,0.135,-3.1999999999999993,0.47500000000000003,3.375,False,False,neither,Scenario C fixed
0.8999999999999999,0.3,0.14,-3.1999999999999993,0.49000000000000005,3.45,False,False,neither,Scenario C fixed
0.8999999999999999,0.3,0.145,-3.1999999999999993,0.5049999999999999,3.5249999999999995,False,False,neither,Scenario C fixed
0.8999999999999999,0.3,0.15,-3.1999999999999993,0.52,3.6,False,False,neither,Scenario C fixed
0.8999999999999999,0.3,0.155,-3.1999999999999993,0.5349999999999999,3.675,False,False,neither,Scenario C fixed
0.8999999999999999,0.3,0.16,-3.1999999999999993,0.55,3.75,False,False,neither,Scenario C fixed
0.8999999999999999,0.3,0.165,-3.1999999999999993,0.565,3.8249999999999997,False,False,neither,Scenario C fixed
0.8999999999999999,0.3,0.17,-3.1999999999999993,0.5800000000000001,3.9000000000000004,False,False,neither,Scenario C fixed
0.8999999999999999,0.3,0.17500000000000002,-3.1999999999999993,0.595,3.9749999999999996,False,False,neither,Scenario C fixed
0.8999999999999999,0.3,0.18000000000000002,-3.1999999999999993,0.6100000000000001,4.050000000000001,False,False,neither,Scenario C fixed
0.8999999999999999,0.3,0.185,-3.1999999999999993,0.625,4.125,False,False,neither,Scenario C fixed
0.8999999999999999,0.3,0.19,-3.1999999999999993,0.6400000000000001,4.200000000000001,False,False,neither,Scenario C fixed
0.8999999999999999,0.3,0.195,-3.1999999999999993,0.655,4.275,False,False,neither,Scenario C fixed
0.8999999999999999,0.3,0.2,-3.1999999999999993,0.6700000000000002,4.3500000000000005,False,False,neither,Scenario C fixed
0.8999999999999999,0.3,0.20500000000000002,-3.1999999999999993,0.685,4.425000000000001,False,False,neither,Scenario C fixed
0.8999999999999999,0.3,0.21000000000000002,-3.1999999999999993,0.7000000000000002,4.500000000000001,False,False,neither,Scenario C fixed
0.8999999999999999,0.3,0.21500000000000002,-3.1999999999999993,0.7150000000000001,4.575,False,False,neither,Scenario C fixed
0.8999999999999999,0.3,0.22,-3.1999999999999993,0.73,4.65,False,False,neither,Scenario C fixed
0.8999999999999999,0.3,0.225,-3.1999999999999993,0.7450000000000001,4.7250000000000005,False,False,neither,Scenario C fixed
0.8999999999999999,0.3,0.23,-3.1999999999999993,0.76,4.8,False,False,neither,Scenario C fixed
0.8999999999999999,0.3,0.23500000000000001,-3.1999999999999993,0.7750000000000001,4.875000000000001,False,False,neither,Scenario C fixed
0.8999999999999999,0.3,0.24000000000000002,-3.1999999999999993,0.79,4.95,False,False,neither,Scenario C fixed
0.8999999999999999,0.3,0.24500000000000002,-3.1999999999999993,0.8050000000000002,5.0,False,True,opportunity_only,Scenario C fixed
0.8999999999999999,0.3,0.25,-3.1999999999999993,0.8200000000000001,5.0,False,True,opportunity_only,Scenario C fixed
0.8999999999999999,0.3,0.255,-3.1999999999999993,0.835,5.0,False,True,opportunity_only,Scenario C fixed
0.8999999999999999,0.3,0.26,-3.1999999999999993,0.8500000000000001,5.0,False,True,opportunity_only,Scenario C fixed
0.8999999999999999,0.3,0.265,-3.1999999999999993,0.865,5.0,False,True,opportunity_only,Scenario C fixed
0.8999999999999999,0.3,0.27,-3.1999999999999993,0.8800000000000001,5.0,False,True,opportunity_only,Scenario C fixed
0.8999999999999999,0.3,0.275,-3.1999999999999993,0.895,5.0,False,True,opportunity_only,Scenario C fixed
0.8999999999999999,0.3,0.27999999999999997,-3.1999999999999993,0.9099999999999999,5.0,False,True,opportunity_only,Scenario C fixed
0.8999999999999999,0.3,0.285,-3.1999999999999993,0.925,5.0,False,True,opportunity_only,Scenario C fixed
0.8999999999999999,0.3,0.29,-3.1999999999999993,0.94,5.0,False,True,opportunity_only,Scenario C fixed
0.8999999999999999,0.3,0.295,-3.1999999999999993,0.9550000000000001,5.0,False,True,opportunity_only,Scenario C fixed
0.8999999999999999,0.3,0.3,-3.1999999999999993,0.97,5.0,False,True,opportunity_only,Scenario C fixed
0.8999999999999999,0.3,0.305,-3.1999999999999993,0.9850000000000001,5.0,False,True,opportunity_only,Scenario C fixed
0.8999999999999999,0.3,0.31,-3.1999999999999993,1.0,5.0,False,True,opportunity_only,Scenario C fixed
0.8999999999999999,0.3,0.315,-3.1999999999999993,1.0,5.0,False,True,opportunity_only,Scenario C fixed
0.8999999999999999,0.3,0.32,-3.1999999999999993,1.0,5.0,False,True,opportunity_only,Scenario C fixed
0.8999999999999999,0.3,0.325,-3.1999999999999993,1.0,5.0,False,True,opportunity_only,Scenario C fixed
0.8999999999999999,0.3,0.32999999999999996,-3.1999999999999993,1.0,5.0,False,True,opportunity_only,Scenario C fixed
0.8999999999999999,0.3,0.33499999999999996,-3.1999999999999993,1.0,5.0,False,True,opportunity_only,Scenario C fixed
0.8999999999999999,0.3,0.33999999999999997,-3.1999999999999993,1.0,5.0,False,True,opportunity_only,Scenario C fixed
0.8999999999999999,0.3,0.345,-3.1999999999999993,1.0,5.0,False,True,opportunity_only,Scenario C fixed
0.8999999999999999,0.3,0.35,-3.1999999999999993,1.0,5.0,False,True,opportunity_only,Scenario C fixed
0.9099999999999999,0.3,0.04,-3.2799999999999994,0.19,1.95,False,False,neither,Scenario C fixed
0.9099999999999999,0.3,0.045,-3.2799999999999994,0.20500000000000002,2.0250000000000004,False,False,neither,Scenario C fixed
0.9099999999999999,0.3,0.05,-3.2799999999999994,0.22000000000000003,2.1,False,False,neither,Scenario C fixed
0.9099999999999999,0.3,0.055,-3.2799999999999994,0.23500000000000001,2.175,False,False,neither,Scenario C fixed
0.9099999999999999,0.3,0.06,-3.2799999999999994,0.25,2.25,False,False,neither,Scenario C fixed
0.9099999999999999,0.3,0.065,-3.2799999999999994,0.265,2.325,False,False,neither,Scenario C fixed
0.9099999999999999,0.3,0.07,-3.2799999999999994,0.28,2.4000000000000004,False,False,neither,Scenario C fixed
0.9099999999999999,0.3,0.07500000000000001,-3.2799999999999994,0.29500000000000004,2.475,False,False,neither,Scenario C fixed
0.9099999999999999,0.3,0.08,-3.2799999999999994,0.31,2.55,False,False,neither,Scenario C fixed
0.9099999999999999,0.3,0.08499999999999999,-3.2799999999999994,0.325,2.625,False,False,neither,Scenario C fixed
0.9099999999999999,0.3,0.09,-3.2799999999999994,0.34,2.7,False,False,neither,Scenario C fixed
0.9099999999999999,0.3,0.095,-3.2799999999999994,0.35500000000000004,2.7750000000000004,False,False,neither,Scenario C fixed
0.9099999999999999,0.3,0.1,-3.2799999999999994,0.37000000000000005,2.8500000000000005,False,False,neither,Scenario C fixed
0.9099999999999999,0.3,0.10500000000000001,-3.2799999999999994,0.38500000000000006,2.9250000000000003,False,False,neither,Scenario C fixed
0.9099999999999999,0.3,0.11000000000000001,-3.2799999999999994,0.4000000000000001,3.0000000000000004,False,False,neither,Scenario C fixed
0.9099999999999999,0.3,0.11499999999999999,-3.2799999999999994,0.415,3.0749999999999997,False,False,neither,Scenario C fixed
0.9099999999999999,0.3,0.12,-3.2799999999999994,0.43,3.15,False,False,neither,Scenario C fixed
0.9099999999999999,0.3,0.125,-3.2799999999999994,0.445,3.225,False,False,neither,Scenario C fixed
0.9099999999999999,0.3,0.13,-3.2799999999999994,0.46,3.3000000000000003,False,False,neither,Scenario C fixed
0.9099999999999999,0.3,0.135,-3.2799999999999994,0.47500000000000003,3.375,False,False,neither,Scenario C fixed
0.9099999999999999,0.3,0.14,-3.2799999999999994,0.49000000000000005,3.45,False,False,neither,Scenario C fixed
0.9099999999999999,0.3,0.145,-3.2799999999999994,0.5049999999999999,3.5249999999999995,False,False,neither,Scenario C fixed
0.9099999999999999,0.3,0.15,-3.2799999999999994,0.52,3.6,False,False,neither,Scenario C fixed
0.9099999999999999,0.3,0.155,-3.2799999999999994,0.5349999999999999,3.675,False,False,neither,Scenario C fixed
0.9099999999999999,0.3,0.16,-3.2799999999999994,0.55,3.75,False,False,neither,Scenario C fixed
0.9099999999999999,0.3,0.165,-3.2799999999999994,0.565,3.8249999999999997,False,False,neither,Scenario C fixed
0.9099999999999999,0.3,0.17,-3.2799999999999994,0.5800000000000001,3.9000000000000004,False,False,neither,Scenario C fixed
0.9099999999999999,0.3,0.17500000000000002,-3.2799999999999994,0.595,3.9749999999999996,False,False,neither,Scenario C fixed
0.9099999999999999,0.3,0.18000000000000002,-3.2799999999999994,0.6100000000000001,4.050000000000001,False,False,neither,Scenario C fixed
0.9099999999999999,0.3,0.185,-3.2799999999999994,0.625,4.125,False,False,neither,Scenario C fixed
0.9099999999999999,0.3,0.19,-3.2799999999999994,0.6400000000000001,4.200000000000001,False,False,neither,Scenario C fixed
0.9099999999999999,0.3,0.195,-3.2799999999999994,0.655,4.275,False,False,neither,Scenario C fixed
0.9099999999999999,0.3,0.2,-3.2799999999999994,0.6700000000000002,4.3500000000000005,False,False,neither,Scenario C fixed
0.9099999999999999,0.3,0.20500000000000002,-3.2799999999999994,0.685,4.425000000000001,False,False,neither,Scenario C fixed
0.9099999999999999,0.3,0.21000000000000002,-3.2799999999999994,0.7000000000000002,4.500000000000001,False,False,neither,Scenario C fixed
0.9099999999999999,0.3,0.21500000000000002,-3.2799999999999994,0.7150000000000001,4.575,False,False,neither,Scenario C fixed
0.9099999999999999,0.3,0.22,-3.2799999999999994,0.73,4.65,False,False,neither,Scenario C fixed
0.9099999999999999,0.3,0.225,-3.2799999999999994,0.7450000000000001,4.7250000000000005,False,False,neither,Scenario C fixed
0.9099999999999999,0.3,0.23,-3.2799999999999994,0.76,4.8,False,False,neither,Scenario C fixed
0.9099999999999999,0.3,0.23500000000000001,-3.2799999999999994,0.7750000000000001,4.875000000000001,False,False,neither,Scenario C fixed
0.9099999999999999,0.3,0.24000000000000002,-3.2799999999999994,0.79,4.95,False,False,neither,Scenario C fixed
0.9099999999999999,0.3,0.24500000000000002,-3.2799999999999994,0.8050000000000002,5.0,False,True,opportunity_only,Scenario C fixed
0.9099999999999999,0.3,0.25,-3.2799999999999994,0.8200000000000001,5.0,False,True,opportunity_only,Scenario C fixed
0.9099999999999999,0.3,0.255,-3.2799999999999994,0.835,5.0,False,True,opportunity_only,Scenario C fixed
0.9099999999999999,0.3,0.26,-3.2799999999999994,0.8500000000000001,5.0,False,True,opportunity_only,Scenario C fixed
0.9099999999999999,0.3,0.265,-3.2799999999999994,0.865,5.0,False,True,opportunity_only,Scenario C fixed
0.9099999999999999,0.3,0.27,-3.2799999999999994,0.8800000000000001,5.0,False,True,opportunity_only,Scenario C fixed
0.9099999999999999,0.3,0.275,-3.2799999999999994,0.895,5.0,False,True,opportunity_only,Scenario C fixed
0.9099999999999999,0.3,0.27999999999999997,-3.2799999999999994,0.9099999999999999,5.0,False,True,opportunity_only,Scenario C fixed
0.9099999999999999,0.3,0.285,-3.2799999999999994,0.925,5.0,False,True,opportunity_only,Scenario C fixed
0.9099999999999999,0.3,0.29,-3.2799999999999994,0.94,5.0,False,True,opportunity_only,Scenario C fixed
0.9099999999999999,0.3,0.295,-3.2799999999999994,0.9550000000000001,5.0,False,True,opportunity_only,Scenario C fixed
0.9099999999999999,0.3,0.3,-3.2799999999999994,0.97,5.0,False,True,opportunity_only,Scenario C fixed
0.9099999999999999,0.3,0.305,-3.2799999999999994,0.9850000000000001,5.0,False,True,opportunity_only,Scenario C fixed
0.9099999999999999,0.3,0.31,-3.2799999999999994,1.0,5.0,False,True,opportunity_only,Scenario C fixed
0.9099999999999999,0.3,0.315,-3.2799999999999994,1.0,5.0,False,True,opportunity_only,Scenario C fixed
0.9099999999999999,0.3,0.32,-3.2799999999999994,1.0,5.0,False,True,opportunity_only,Scenario C fixed
0.9099999999999999,0.3,0.325,-3.2799999999999994,1.0,5.0,False,True,opportunity_only,Scenario C fixed
0.9099999999999999,0.3,0.32999999999999996,-3.2799999999999994,1.0,5.0,False,True,opportunity_only,Scenario C fixed
0.9099999999999999,0.3,0.33499999999999996,-3.2799999999999994,1.0,5.0,False,True,opportunity_only,Scenario C fixed
0.9099999999999999,0.3,0.33999999999999997,-3.2799999999999994,1.0,5.0,False,True,opportunity_only,Scenario C fixed
0.9099999999999999,0.3,0.345,-3.2799999999999994,1.0,5.0,False,True,opportunity_only,Scenario C fixed
0.9099999999999999,0.3,0.35,-3.2799999999999994,1.0,5.0,False,True,opportunity_only,Scenario C fixed
0.9199999999999999,0.3,0.04,-3.3599999999999994,0.19,1.95,False,False,neither,Scenario C fixed
0.9199999999999999,0.3,0.045,-3.3599999999999994,0.20500000000000002,2.0250000000000004,False,False,neither,Scenario C fixed
0.9199999999999999,0.3,0.05,-3.3599999999999994,0.22000000000000003,2.1,False,False,neither,Scenario C fixed
0.9199999999999999,0.3,0.055,-3.3599999999999994,0.23500000000000001,2.175,False,False,neither,Scenario C fixed
0.9199999999999999,0.3,0.06,-3.3599999999999994,0.25,2.25,False,False,neither,Scenario C fixed
0.9199999999999999,0.3,0.065,-3.3599999999999994,0.265,2.325,False,False,neither,Scenario C fixed
0.9199999999999999,0.3,0.07,-3.3599999999999994,0.28,2.4000000000000004,False,False,neither,Scenario C fixed
0.9199999999999999,0.3,0.07500000000000001,-3.3599999999999994,0.29500000000000004,2.475,False,False,neither,Scenario C fixed
0.9199999999999999,0.3,0.08,-3.3599999999999994,0.31,2.55,False,False,neither,Scenario C fixed
0.9199999999999999,0.3,0.08499999999999999,-3.3599999999999994,0.325,2.625,False,False,neither,Scenario C fixed
0.9199999999999999,0.3,0.09,-3.3599999999999994,0.34,2.7,False,False,neither,Scenario C fixed
0.9199999999999999,0.3,0.095,-3.3599999999999994,0.35500000000000004,2.7750000000000004,False,False,neither,Scenario C fixed
0.9199999999999999,0.3,0.1,-3.3599999999999994,0.37000000000000005,2.8500000000000005,False,False,neither,Scenario C fixed
0.9199999999999999,0.3,0.10500000000000001,-3.3599999999999994,0.38500000000000006,2.9250000000000003,False,False,neither,Scenario C fixed
0.9199999999999999,0.3,0.11000000000000001,-3.3599999999999994,0.4000000000000001,3.0000000000000004,False,False,neither,Scenario C fixed
0.9199999999999999,0.3,0.11499999999999999,-3.3599999999999994,0.415,3.0749999999999997,False,False,neither,Scenario C fixed
0.9199999999999999,0.3,0.12,-3.3599999999999994,0.43,3.15,False,False,neither,Scenario C fixed
0.9199999999999999,0.3,0.125,-3.3599999999999994,0.445,3.225,False,False,neither,Scenario C fixed
0.9199999999999999,0.3,0.13,-3.3599999999999994,0.46,3.3000000000000003,False,False,neither,Scenario C fixed
0.9199999999999999,0.3,0.135,-3.3599999999999994,0.47500000000000003,3.375,False,False,neither,Scenario C fixed
0.9199999999999999,0.3,0.14,-3.3599999999999994,0.49000000000000005,3.45,False,False,neither,Scenario C fixed
0.9199999999999999,0.3,0.145,-3.3599999999999994,0.5049999999999999,3.5249999999999995,False,False,neither,Scenario C fixed
0.9199999999999999,0.3,0.15,-3.3599999999999994,0.52,3.6,False,False,neither,Scenario C fixed
0.9199999999999999,0.3,0.155,-3.3599999999999994,0.5349999999999999,3.675,False,False,neither,Scenario C fixed
0.9199999999999999,0.3,0.16,-3.3599999999999994,0.55,3.75,False,False,neither,Scenario C fixed
0.9199999999999999,0.3,0.165,-3.3599999999999994,0.565,3.8249999999999997,False,False,neither,Scenario C fixed
0.9199999999999999,0.3,0.17,-3.3599999999999994,0.5800000000000001,3.9000000000000004,False,False,neither,Scenario C fixed
0.9199999999999999,0.3,0.17500000000000002,-3.3599999999999994,0.595,3.9749999999999996,False,False,neither,Scenario C fixed
0.9199999999999999,0.3,0.18000000000000002,-3.3599999999999994,0.6100000000000001,4.050000000000001,False,False,neither,Scenario C fixed
0.9199999999999999,0.3,0.185,-3.3599999999999994,0.625,4.125,False,False,neither,Scenario C fixed
0.9199999999999999,0.3,0.19,-3.3599999999999994,0.6400000000000001,4.200000000000001,False,False,neither,Scenario C fixed
0.9199999999999999,0.3,0.195,-3.3599999999999994,0.655,4.275,False,False,neither,Scenario C fixed
0.9199999999999999,0.3,0.2,-3.3599999999999994,0.6700000000000002,4.3500000000000005,False,False,neither,Scenario C fixed
0.9199999999999999,0.3,0.20500000000000002,-3.3599999999999994,0.685,4.425000000000001,False,False,neither,Scenario C fixed
0.9199999999999999,0.3,0.21000000000000002,-3.3599999999999994,0.7000000000000002,4.500000000000001,False,False,neither,Scenario C fixed
0.9199999999999999,0.3,0.21500000000000002,-3.3599999999999994,0.7150000000000001,4.575,False,False,neither,Scenario C fixed
0.9199999999999999,0.3,0.22,-3.3599999999999994,0.73,4.65,False,False,neither,Scenario C fixed
0.9199999999999999,0.3,0.225,-3.3599999999999994,0.7450000000000001,4.7250000000000005,False,False,neither,Scenario C fixed
0.9199999999999999,0.3,0.23,-3.3599999999999994,0.76,4.8,False,False,neither,Scenario C fixed
0.9199999999999999,0.3,0.23500000000000001,-3.3599999999999994,0.7750000000000001,4.875000000000001,False,False,neither,Scenario C fixed
0.9199999999999999,0.3,0.24000000000000002,-3.3599999999999994,0.79,4.95,False,False,neither,Scenario C fixed
0.9199999999999999,0.3,0.24500000000000002,-3.3599999999999994,0.8050000000000002,5.0,False,True,opportunity_only,Scenario C fixed
0.9199999999999999,0.3,0.25,-3.3599999999999994,0.8200000000000001,5.0,False,True,opportunity_only,Scenario C fixed
0.9199999999999999,0.3,0.255,-3.3599999999999994,0.835,5.0,False,True,opportunity_only,Scenario C fixed
0.9199999999999999,0.3,0.26,-3.3599999999999994,0.8500000000000001,5.0,False,True,opportunity_only,Scenario C fixed
0.9199999999999999,0.3,0.265,-3.3599999999999994,0.865,5.0,False,True,opportunity_only,Scenario C fixed
0.9199999999999999,0.3,0.27,-3.3599999999999994,0.8800000000000001,5.0,False,True,opportunity_only,Scenario C fixed
0.9199999999999999,0.3,0.275,-3.3599999999999994,0.895,5.0,False,True,opportunity_only,Scenario C fixed
0.9199999999999999,0.3,0.27999999999999997,-3.3599999999999994,0.9099999999999999,5.0,False,True,opportunity_only,Scenario C fixed
0.9199999999999999,0.3,0.285,-3.3599999999999994,0.925,5.0,False,True,opportunity_only,Scenario C fixed
0.9199999999999999,0.3,0.29,-3.3599999999999994,0.94,5.0,False,True,opportunity_only,Scenario C fixed
0.9199999999999999,0.3,0.295,-3.3599999999999994,0.9550000000000001,5.0,False,True,opportunity_only,Scenario C fixed
0.9199999999999999,0.3,0.3,-3.3599999999999994,0.97,5.0,False,True,opportunity_only,Scenario C fixed
0.9199999999999999,0.3,0.305,-3.3599999999999994,0.9850000000000001,5.0,False,True,opportunity_only,Scenario C fixed
0.9199999999999999,0.3,0.31,-3.3599999999999994,1.0,5.0,False,True,opportunity_only,Scenario C fixed
0.9199999999999999,0.3,0.315,-3.3599999999999994,1.0,5.0,False,True,opportunity_only,Scenario C fixed
0.9199999999999999,0.3,0.32,-3.3599999999999994,1.0,5.0,False,True,opportunity_only,Scenario C fixed
0.9199999999999999,0.3,0.325,-3.3599999999999994,1.0,5.0,False,True,opportunity_only,Scenario C fixed
0.9199999999999999,0.3,0.32999999999999996,-3.3599999999999994,1.0,5.0,False,True,opportunity_only,Scenario C fixed
0.9199999999999999,0.3,0.33499999999999996,-3.3599999999999994,1.0,5.0,False,True,opportunity_only,Scenario C fixed
0.9199999999999999,0.3,0.33999999999999997,-3.3599999999999994,1.0,5.0,False,True,opportunity_only,Scenario C fixed
0.9199999999999999,0.3,0.345,-3.3599999999999994,1.0,5.0,False,True,opportunity_only,Scenario C fixed
0.9199999999999999,0.3,0.35,-3.3599999999999994,1.0,5.0,False,True,opportunity_only,Scenario C fixed
0.9299999999999999,0.3,0.04,-3.4399999999999995,0.19,1.95,False,False,neither,Scenario C fixed
0.9299999999999999,0.3,0.045,-3.4399999999999995,0.20500000000000002,2.0250000000000004,False,False,neither,Scenario C fixed
0.9299999999999999,0.3,0.05,-3.4399999999999995,0.22000000000000003,2.1,False,False,neither,Scenario C fixed
0.9299999999999999,0.3,0.055,-3.4399999999999995,0.23500000000000001,2.175,False,False,neither,Scenario C fixed
0.9299999999999999,0.3,0.06,-3.4399999999999995,0.25,2.25,False,False,neither,Scenario C fixed
0.9299999999999999,0.3,0.065,-3.4399999999999995,0.265,2.325,False,False,neither,Scenario C fixed
0.9299999999999999,0.3,0.07,-3.4399999999999995,0.28,2.4000000000000004,False,False,neither,Scenario C fixed
0.9299999999999999,0.3,0.07500000000000001,-3.4399999999999995,0.29500000000000004,2.475,False,False,neither,Scenario C fixed
0.9299999999999999,0.3,0.08,-3.4399999999999995,0.31,2.55,False,False,neither,Scenario C fixed
0.9299999999999999,0.3,0.08499999999999999,-3.4399999999999995,0.325,2.625,False,False,neither,Scenario C fixed
0.9299999999999999,0.3,0.09,-3.4399999999999995,0.34,2.7,False,False,neither,Scenario C fixed
0.9299999999999999,0.3,0.095,-3.4399999999999995,0.35500000000000004,2.7750000000000004,False,False,neither,Scenario C fixed
0.9299999999999999,0.3,0.1,-3.4399999999999995,0.37000000000000005,2.8500000000000005,False,False,neither,Scenario C fixed
0.9299999999999999,0.3,0.10500000000000001,-3.4399999999999995,0.38500000000000006,2.9250000000000003,False,False,neither,Scenario C fixed
0.9299999999999999,0.3,0.11000000000000001,-3.4399999999999995,0.4000000000000001,3.0000000000000004,False,False,neither,Scenario C fixed
0.9299999999999999,0.3,0.11499999999999999,-3.4399999999999995,0.415,3.0749999999999997,False,False,neither,Scenario C fixed
0.9299999999999999,0.3,0.12,-3.4399999999999995,0.43,3.15,False,False,neither,Scenario C fixed
0.9299999999999999,0.3,0.125,-3.4399999999999995,0.445,3.225,False,False,neither,Scenario C fixed
0.9299999999999999,0.3,0.13,-3.4399999999999995,0.46,3.3000000000000003,False,False,neither,Scenario C fixed
0.9299999999999999,0.3,0.135,-3.4399999999999995,0.47500000000000003,3.375,False,False,neither,Scenario C fixed
0.9299999999999999,0.3,0.14,-3.4399999999999995,0.49000000000000005,3.45,False,False,neither,Scenario C fixed
0.9299999999999999,0.3,0.145,-3.4399999999999995,0.5049999999999999,3.5249999999999995,False,False,neither,Scenario C fixed
0.9299999999999999,0.3,0.15,-3.4399999999999995,0.52,3.6,False,False,neither,Scenario C fixed
0.9299999999999999,0.3,0.155,-3.4399999999999995,0.5349999999999999,3.675,False,False,neither,Scenario C fixed
0.9299999999999999,0.3,0.16,-3.4399999999999995,0.55,3.75,False,False,neither,Scenario C fixed
0.9299999999999999,0.3,0.165,-3.4399999999999995,0.565,3.8249999999999997,False,False,neither,Scenario C fixed
0.9299999999999999,0.3,0.17,-3.4399999999999995,0.5800000000000001,3.9000000000000004,False,False,neither,Scenario C fixed
0.9299999999999999,0.3,0.17500000000000002,-3.4399999999999995,0.595,3.9749999999999996,False,False,neither,Scenario C fixed
0.9299999999999999,0.3,0.18000000000000002,-3.4399999999999995,0.6100000000000001,4.050000000000001,False,False,neither,Scenario C fixed
0.9299999999999999,0.3,0.185,-3.4399999999999995,0.625,4.125,False,False,neither,Scenario C fixed
0.9299999999999999,0.3,0.19,-3.4399999999999995,0.6400000000000001,4.200000000000001,False,False,neither,Scenario C fixed
0.9299999999999999,0.3,0.195,-3.4399999999999995,0.655,4.275,False,False,neither,Scenario C fixed
0.9299999999999999,0.3,0.2,-3.4399999999999995,0.6700000000000002,4.3500000000000005,False,False,neither,Scenario C fixed
0.9299999999999999,0.3,0.20500000000000002,-3.4399999999999995,0.685,4.425000000000001,False,False,neither,Scenario C fixed
0.9299999999999999,0.3,0.21000000000000002,-3.4399999999999995,0.7000000000000002,4.500000000000001,False,False,neither,Scenario C fixed
0.9299999999999999,0.3,0.21500000000000002,-3.4399999999999995,0.7150000000000001,4.575,False,False,neither,Scenario C fixed
0.9299999999999999,0.3,0.22,-3.4399999999999995,0.73,4.65,False,False,neither,Scenario C fixed
0.9299999999999999,0.3,0.225,-3.4399999999999995,0.7450000000000001,4.7250000000000005,False,False,neither,Scenario C fixed
0.9299999999999999,0.3,0.23,-3.4399999999999995,0.76,4.8,False,False,neither,Scenario C fixed
0.9299999999999999,0.3,0.23500000000000001,-3.4399999999999995,0.7750000000000001,4.875000000000001,False,False,neither,Scenario C fixed
0.9299999999999999,0.3,0.24000000000000002,-3.4399999999999995,0.79,4.95,False,False,neither,Scenario C fixed
0.9299999999999999,0.3,0.24500000000000002,-3.4399999999999995,0.8050000000000002,5.0,False,True,opportunity_only,Scenario C fixed
0.9299999999999999,0.3,0.25,-3.4399999999999995,0.8200000000000001,5.0,False,True,opportunity_only,Scenario C fixed
0.9299999999999999,0.3,0.255,-3.4399999999999995,0.835,5.0,False,True,opportunity_only,Scenario C fixed
0.9299999999999999,0.3,0.26,-3.4399999999999995,0.8500000000000001,5.0,False,True,opportunity_only,Scenario C fixed
0.9299999999999999,0.3,0.265,-3.4399999999999995,0.865,5.0,False,True,opportunity_only,Scenario C fixed
0.9299999999999999,0.3,0.27,-3.4399999999999995,0.8800000000000001,5.0,False,True,opportunity_only,Scenario C fixed
0.9299999999999999,0.3,0.275,-3.4399999999999995,0.895,5.0,False,True,opportunity_only,Scenario C fixed
0.9299999999999999,0.3,0.27999999999999997,-3.4399999999999995,0.9099999999999999,5.0,False,True,opportunity_only,Scenario C fixed
0.9299999999999999,0.3,0.285,-3.4399999999999995,0.925,5.0,False,True,opportunity_only,Scenario C fixed
0.9299999999999999,0.3,0.29,-3.4399999999999995,0.94,5.0,False,True,opportunity_only,Scenario C fixed
0.9299999999999999,0.3,0.295,-3.4399999999999995,0.9550000000000001,5.0,False,True,opportunity_only,Scenario C fixed
0.9299999999999999,0.3,0.3,-3.4399999999999995,0.97,5.0,False,True,opportunity_only,Scenario C fixed
0.9299999999999999,0.3,0.305,-3.4399999999999995,0.9850000000000001,5.0,False,True,opportunity_only,Scenario C fixed
0.9299999999999999,0.3,0.31,-3.4399999999999995,1.0,5.0,False,True,opportunity_only,Scenario C fixed
0.9299999999999999,0.3,0.315,-3.4399999999999995,1.0,5.0,False,True,opportunity_only,Scenario C fixed
0.9299999999999999,0.3,0.32,-3.4399999999999995,1.0,5.0,False,True,opportunity_only,Scenario C fixed
0.9299999999999999,0.3,0.325,-3.4399999999999995,1.0,5.0,False,True,opportunity_only,Scenario C fixed
0.9299999999999999,0.3,0.32999999999999996,-3.4399999999999995,1.0,5.0,False,True,opportunity_only,Scenario C fixed
0.9299999999999999,0.3,0.33499999999999996,-3.4399999999999995,1.0,5.0,False,True,opportunity_only,Scenario C fixed
0.9299999999999999,0.3,0.33999999999999997,-3.4399999999999995,1.0,5.0,False,True,opportunity_only,Scenario C fixed
0.9299999999999999,0.3,0.345,-3.4399999999999995,1.0,5.0,False,True,opportunity_only,Scenario C fixed
0.9299999999999999,0.3,0.35,-3.4399999999999995,1.0,5.0,False,True,opportunity_only,Scenario C fixed
0.94,0.3,0.04,-3.5199999999999996,0.19,1.95,False,False,neither,Scenario C fixed
0.94,0.3,0.045,-3.5199999999999996,0.20500000000000002,2.0250000000000004,False,False,neither,Scenario C fixed
0.94,0.3,0.05,-3.5199999999999996,0.22000000000000003,2.1,False,False,neither,Scenario C fixed
0.94,0.3,0.055,-3.5199999999999996,0.23500000000000001,2.175,False,False,neither,Scenario C fixed
0.94,0.3,0.06,-3.5199999999999996,0.25,2.25,False,False,neither,Scenario C fixed
0.94,0.3,0.065,-3.5199999999999996,0.265,2.325,False,False,neither,Scenario C fixed
0.94,0.3,0.07,-3.5199999999999996,0.28,2.4000000000000004,False,False,neither,Scenario C fixed
0.94,0.3,0.07500000000000001,-3.5199999999999996,0.29500000000000004,2.475,False,False,neither,Scenario C fixed
0.94,0.3,0.08,-3.5199999999999996,0.31,2.55,False,False,neither,Scenario C fixed
0.94,0.3,0.08499999999999999,-3.5199999999999996,0.325,2.625,False,False,neither,Scenario C fixed
0.94,0.3,0.09,-3.5199999999999996,0.34,2.7,False,False,neither,Scenario C fixed
0.94,0.3,0.095,-3.5199999999999996,0.35500000000000004,2.7750000000000004,False,False,neither,Scenario C fixed
0.94,0.3,0.1,-3.5199999999999996,0.37000000000000005,2.8500000000000005,False,False,neither,Scenario C fixed
0.94,0.3,0.10500000000000001,-3.5199999999999996,0.38500000000000006,2.9250000000000003,False,False,neither,Scenario C fixed
0.94,0.3,0.11000000000000001,-3.5199999999999996,0.4000000000000001,3.0000000000000004,False,False,neither,Scenario C fixed
0.94,0.3,0.11499999999999999,-3.5199999999999996,0.415,3.0749999999999997,False,False,neither,Scenario C fixed
0.94,0.3,0.12,-3.5199999999999996,0.43,3.15,False,False,neither,Scenario C fixed
0.94,0.3,0.125,-3.5199999999999996,0.445,3.225,False,False,neither,Scenario C fixed
0.94,0.3,0.13,-3.5199999999999996,0.46,3.3000000000000003,False,False,neither,Scenario C fixed
0.94,0.3,0.135,-3.5199999999999996,0.47500000000000003,3.375,False,False,neither,Scenario C fixed
0.94,0.3,0.14,-3.5199999999999996,0.49000000000000005,3.45,False,False,neither,Scenario C fixed
0.94,0.3,0.145,-3.5199999999999996,0.5049999999999999,3.5249999999999995,False,False,neither,Scenario C fixed
0.94,0.3,0.15,-3.5199999999999996,0.52,3.6,False,False,neither,Scenario C fixed
0.94,0.3,0.155,-3.5199999999999996,0.5349999999999999,3.675,False,False,neither,Scenario C fixed
0.94,0.3,0.16,-3.5199999999999996,0.55,3.75,False,False,neither,Scenario C fixed
0.94,0.3,0.165,-3.5199999999999996,0.565,3.8249999999999997,False,False,neither,Scenario C fixed
0.94,0.3,0.17,-3.5199999999999996,0.5800000000000001,3.9000000000000004,False,False,neither,Scenario C fixed
0.94,0.3,0.17500000000000002,-3.5199999999999996,0.595,3.9749999999999996,False,False,neither,Scenario C fixed
0.94,0.3,0.18000000000000002,-3.5199999999999996,0.6100000000000001,4.050000000000001,False,False,neither,Scenario C fixed
0.94,0.3,0.185,-3.5199999999999996,0.625,4.125,False,False,neither,Scenario C fixed
0.94,0.3,0.19,-3.5199999999999996,0.6400000000000001,4.200000000000001,False,False,neither,Scenario C fixed
0.94,0.3,0.195,-3.5199999999999996,0.655,4.275,False,False,neither,Scenario C fixed
0.94,0.3,0.2,-3.5199999999999996,0.6700000000000002,4.3500000000000005,False,False,neither,Scenario C fixed
0.94,0.3,0.20500000000000002,-3.5199999999999996,0.685,4.425000000000001,False,False,neither,Scenario C fixed
0.94,0.3,0.21000000000000002,-3.5199999999999996,0.7000000000000002,4.500000000000001,False,False,neither,Scenario C fixed
0.94,0.3,0.21500000000000002,-3.5199999999999996,0.7150000000000001,4.575,False,False,neither,Scenario C fixed
0.94,0.3,0.22,-3.5199999999999996,0.73,4.65,False,False,neither,Scenario C fixed
0.94,0.3,0.225,-3.5199999999999996,0.7450000000000001,4.7250000000000005,False,False,neither,Scenario C fixed
0.94,0.3,0.23,-3.5199999999999996,0.76,4.8,False,False,neither,Scenario C fixed
0.94,0.3,0.23500000000000001,-3.5199999999999996,0.7750000000000001,4.875000000000001,False,False,neither,Scenario C fixed
0.94,0.3,0.24000000000000002,-3.5199999999999996,0.79,4.95,False,False,neither,Scenario C fixed
0.94,0.3,0.24500000000000002,-3.5199999999999996,0.8050000000000002,5.0,False,True,opportunity_only,Scenario C fixed
0.94,0.3,0.25,-3.5199999999999996,0.8200000000000001,5.0,False,True,opportunity_only,Scenario C fixed
0.94,0.3,0.255,-3.5199999999999996,0.835,5.0,False,True,opportunity_only,Scenario C fixed
0.94,0.3,0.26,-3.5199999999999996,0.8500000000000001,5.0,False,True,opportunity_only,Scenario C fixed
0.94,0.3,0.265,-3.5199999999999996,0.865,5.0,False,True,opportunity_only,Scenario C fixed
0.94,0.3,0.27,-3.5199999999999996,0.8800000000000001,5.0,False,True,opportunity_only,Scenario C fixed
0.94,0.3,0.275,-3.5199999999999996,0.895,5.0,False,True,opportunity_only,Scenario C fixed
0.94,0.3,0.27999999999999997,-3.5199999999999996,0.9099999999999999,5.0,False,True,opportunity_only,Scenario C fixed
0.94,0.3,0.285,-3.5199999999999996,0.925,5.0,False,True,opportunity_only,Scenario C fixed
0.94,0.3,0.29,-3.5199999999999996,0.94,5.0,False,True,opportunity_only,Scenario C fixed
0.94,0.3,0.295,-3.5199999999999996,0.9550000000000001,5.0,False,True,opportunity_only,Scenario C fixed
0.94,0.3,0.3,-3.5199999999999996,0.97,5.0,False,True,opportunity_only,Scenario C fixed
0.94,0.3,0.305,-3.5199999999999996,0.9850000000000001,5.0,False,True,opportunity_only,Scenario C fixed
0.94,0.3,0.31,-3.5199999999999996,1.0,5.0,False,True,opportunity_only,Scenario C fixed
0.94,0.3,0.315,-3.5199999999999996,1.0,5.0,False,True,opportunity_only,Scenario C fixed
0.94,0.3,0.32,-3.5199999999999996,1.0,5.0,False,True,opportunity_only,Scenario C fixed
0.94,0.3,0.325,-3.5199999999999996,1.0,5.0,False,True,opportunity_only,Scenario C fixed
0.94,0.3,0.32999999999999996,-3.5199999999999996,1.0,5.0,False,True,opportunity_only,Scenario C fixed
0.94,0.3,0.33499999999999996,-3.5199999999999996,1.0,5.0,False,True,opportunity_only,Scenario C fixed
0.94,0.3,0.33999999999999997,-3.5199999999999996,1.0,5.0,False,True,opportunity_only,Scenario C fixed
0.94,0.3,0.345,-3.5199999999999996,1.0,5.0,False,True,opportunity_only,Scenario C fixed
0.94,0.3,0.35,-3.5199999999999996,1.0,5.0,False,True,opportunity_only,Scenario C fixed
0.95,0.3,0.04,-3.5999999999999996,0.19,1.95,False,False,neither,Scenario C fixed
0.95,0.3,0.045,-3.5999999999999996,0.20500000000000002,2.0250000000000004,False,False,neither,Scenario C fixed
0.95,0.3,0.05,-3.5999999999999996,0.22000000000000003,2.1,False,False,neither,Scenario C fixed
0.95,0.3,0.055,-3.5999999999999996,0.23500000000000001,2.175,False,False,neither,Scenario C fixed
0.95,0.3,0.06,-3.5999999999999996,0.25,2.25,False,False,neither,Scenario C fixed
0.95,0.3,0.065,-3.5999999999999996,0.265,2.325,False,False,neither,Scenario C fixed
0.95,0.3,0.07,-3.5999999999999996,0.28,2.4000000000000004,False,False,neither,Scenario C fixed
0.95,0.3,0.07500000000000001,-3.5999999999999996,0.29500000000000004,2.475,False,False,neither,Scenario C fixed
0.95,0.3,0.08,-3.5999999999999996,0.31,2.55,False,False,neither,Scenario C fixed
0.95,0.3,0.08499999999999999,-3.5999999999999996,0.325,2.625,False,False,neither,Scenario C fixed
0.95,0.3,0.09,-3.5999999999999996,0.34,2.7,False,False,neither,Scenario C fixed
0.95,0.3,0.095,-3.5999999999999996,0.35500000000000004,2.7750000000000004,False,False,neither,Scenario C fixed
0.95,0.3,0.1,-3.5999999999999996,0.37000000000000005,2.8500000000000005,False,False,neither,Scenario C fixed
0.95,0.3,0.10500000000000001,-3.5999999999999996,0.38500000000000006,2.9250000000000003,False,False,neither,Scenario C fixed
0.95,0.3,0.11000000000000001,-3.5999999999999996,0.4000000000000001,3.0000000000000004,False,False,neither,Scenario C fixed
0.95,0.3,0.11499999999999999,-3.5999999999999996,0.415,3.0749999999999997,False,False,neither,Scenario C fixed
0.95,0.3,0.12,-3.5999999999999996,0.43,3.15,False,False,neither,Scenario C fixed
0.95,0.3,0.125,-3.5999999999999996,0.445,3.225,False,False,neither,Scenario C fixed
0.95,0.3,0.13,-3.5999999999999996,0.46,3.3000000000000003,False,False,neither,Scenario C fixed
0.95,0.3,0.135,-3.5999999999999996,0.47500000000000003,3.375,False,False,neither,Scenario C fixed
0.95,0.3,0.14,-3.5999999999999996,0.49000000000000005,3.45,False,False,neither,Scenario C fixed
0.95,0.3,0.145,-3.5999999999999996,0.5049999999999999,3.5249999999999995,False,False,neither,Scenario C fixed
0.95,0.3,0.15,-3.5999999999999996,0.52,3.6,False,False,neither,Scenario C fixed
0.95,0.3,0.155,-3.5999999999999996,0.5349999999999999,3.675,False,False,neither,Scenario C fixed
0.95,0.3,0.16,-3.5999999999999996,0.55,3.75,False,False,neither,Scenario C fixed
0.95,0.3,0.165,-3.5999999999999996,0.565,3.8249999999999997,False,False,neither,Scenario C fixed
0.95,0.3,0.17,-3.5999999999999996,0.5800000000000001,3.9000000000000004,False,False,neither,Scenario C fixed
0.95,0.3,0.17500000000000002,-3.5999999999999996,0.595,3.9749999999999996,False,False,neither,Scenario C fixed
0.95,0.3,0.18000000000000002,-3.5999999999999996,0.6100000000000001,4.050000000000001,False,False,neither,Scenario C fixed
0.95,0.3,0.185,-3.5999999999999996,0.625,4.125,False,False,neither,Scenario C fixed
0.95,0.3,0.19,-3.5999999999999996,0.6400000000000001,4.200000000000001,False,False,neither,Scenario C fixed
0.95,0.3,0.195,-3.5999999999999996,0.655,4.275,False,False,neither,Scenario C fixed
0.95,0.3,0.2,-3.5999999999999996,0.6700000000000002,4.3500000000000005,False,False,neither,Scenario C fixed
0.95,0.3,0.20500000000000002,-3.5999999999999996,0.685,4.425000000000001,False,False,neither,Scenario C fixed
0.95,0.3,0.21000000000000002,-3.5999999999999996,0.7000000000000002,4.500000000000001,False,False,neither,Scenario C fixed
0.95,0.3,0.21500000000000002,-3.5999999999999996,0.7150000000000001,4.575,False,False,neither,Scenario C fixed
0.95,0.3,0.22,-3.5999999999999996,0.73,4.65,False,False,neither,Scenario C fixed
0.95,0.3,0.225,-3.5999999999999996,0.7450000000000001,4.7250000000000005,False,False,neither,Scenario C fixed
0.95,0.3,0.23,-3.5999999999999996,0.76,4.8,False,False,neither,Scenario C fixed
0.95,0.3,0.23500000000000001,-3.5999999999999996,0.7750000000000001,4.875000000000001,False,False,neither,Scenario C fixed
0.95,0.3,0.24000000000000002,-3.5999999999999996,0.79,4.95,False,False,neither,Scenario C fixed
0.95,0.3,0.24500000000000002,-3.5999999999999996,0.8050000000000002,5.0,False,True,opportunity_only,Scenario C fixed
0.95,0.3,0.25,-3.5999999999999996,0.8200000000000001,5.0,False,True,opportunity_only,Scenario C fixed
0.95,0.3,0.255,-3.5999999999999996,0.835,5.0,False,True,opportunity_only,Scenario C fixed
0.95,0.3,0.26,-3.5999999999999996,0.8500000000000001,5.0,False,True,opportunity_only,Scenario C fixed
0.95,0.3,0.265,-3.5999999999999996,0.865,5.0,False,True,opportunity_only,Scenario C fixed
0.95,0.3,0.27,-3.5999999999999996,0.8800000000000001,5.0,False,True,opportunity_only,Scenario C fixed
0.95,0.3,0.275,-3.5999999999999996,0.895,5.0,False,True,opportunity_only,Scenario C fixed
0.95,0.3,0.27999999999999997,-3.5999999999999996,0.9099999999999999,5.0,False,True,opportunity_only,Scenario C fixed
0.95,0.3,0.285,-3.5999999999999996,0.925,5.0,False,True,opportunity_only,Scenario C fixed
0.95,0.3,0.29,-3.5999999999999996,0.94,5.0,False,True,opportunity_only,Scenario C fixed
0.95,0.3,0.295,-3.5999999999999996,0.9550000000000001,5.0,False,True,opportunity_only,Scenario C fixed
0.95,0.3,0.3,-3.5999999999999996,0.97,5.0,False,True,opportunity_only,Scenario C fixed
0.95,0.3,0.305,-3.5999999999999996,0.9850000000000001,5.0,False,True,opportunity_only,Scenario C fixed
0.95,0.3,0.31,-3.5999999999999996,1.0,5.0,False,True,opportunity_only,Scenario C fixed
0.95,0.3,0.315,-3.5999999999999996,1.0,5.0,False,True,opportunity_only,Scenario C fixed
0.95,0.3,0.32,-3.5999999999999996,1.0,5.0,False,True,opportunity_only,Scenario C fixed
0.95,0.3,0.325,-3.5999999999999996,1.0,5.0,False,True,opportunity_only,Scenario C fixed
0.95,0.3,0.32999999999999996,-3.5999999999999996,1.0,5.0,False,True,opportunity_only,Scenario C fixed
0.95,0.3,0.33499999999999996,-3.5999999999999996,1.0,5.0,False,True,opportunity_only,Scenario C fixed
0.95,0.3,0.33999999999999997,-3.5999999999999996,1.0,5.0,False,True,opportunity_only,Scenario C fixed
0.95,0.3,0.345,-3.5999999999999996,1.0,5.0,False,True,opportunity_only,Scenario C fixed
0.95,0.3,0.35,-3.5999999999999996,1.0,5.0,False,True,opportunity_only,Scenario C fixed
