sweep,parameter_1,value_1,unit_1,parameter_2,value_2,unit_2,tax_rate_tau,legal_coverage_lambda,compliance_chi,kappa_gross,fixed_transfer,net_public_resources,delta_demand_0,opportunity_index_1,minimum_resource_cost,technically_attainable,fiscally_feasible,demand_gate,opportunity_gate,joint_gate_pass
collection,tax_rate_tau,0.0,share of legally covered compliant base,admin_share_of_T,0.0,share of gross receipts,0.0,1.0,1.0,0.0,0.0,0.0,-12.0,,,,,False,,
collection,tax_rate_tau,0.02,share of legally covered compliant base,admin_share_of_T,0.0,share of gross receipts,0.02,1.0,1.0,0.02,0.4,0.4,-11.760000000000002,,,,,False,,
collection,tax_rate_tau,0.04,share of legally covered compliant base,admin_share_of_T,0.0,share of gross receipts,0.04,1.0,1.0,0.04,0.8,0.8,-11.52,,,,,False,,
collection,tax_rate_tau,0.06,share of legally covered compliant base,admin_share_of_T,0.0,share of gross receipts,0.06,1.0,1.0,0.06,1.2,1.2,-11.28,,,,,False,,
collection,tax_rate_tau,0.08,share of legally covered compliant base,admin_share_of_T,0.0,share of gross receipts,0.08,1.0,1.0,0.08,1.6,1.6,-11.040000000000001,,,,,False,,
collection,tax_rate_tau,0.1,share of legally covered compliant base,admin_share_of_T,0.0,share of gross receipts,0.1,1.0,1.0,0.1,2.0,2.0,-10.8,,,,,False,,
collection,tax_rate_tau,0.12,share of legally covered compliant base,admin_share_of_T,0.0,share of gross receipts,0.12,1.0,1.0,0.12,2.4,2.4,-10.559999999999999,,,,,False,,
collection,tax_rate_tau,0.14,share of legally covered compliant base,admin_share_of_T,0.0,share of gross receipts,0.14,1.0,1.0,0.14,2.8000000000000003,2.8000000000000003,-10.32,,,,,False,,
collection,tax_rate_tau,0.16,share of legally covered compliant base,admin_share_of_T,0.0,share of gross receipts,0.16,1.0,1.0,0.16,3.2,3.2,-10.08,,,,,False,,
collection,tax_rate_tau,0.18,share of legally covered compliant base,admin_share_of_T,0.0,share of gross receipts,0.18,1.0,1.0,0.18,3.5999999999999996,3.5999999999999996,-9.840000000000002,,,,,False,,
collection,tax_rate_tau,0.2,share of legally covered compliant base,admin_share_of_T,0.0,share of gross receipts,0.2,1.0,1.0,0.2,4.0,4.0,-9.6,,,,,False,,
collection,tax_rate_tau,0.22,share of legally covered compliant base,admin_share_of_T,0.0,share of gross receipts,0.22,1.0,1.0,0.22,4.4,4.4,-9.36,,,,,False,,
collection,tax_rate_tau,0.24,share of legally covered compliant base,admin_share_of_T,0.0,share of gross receipts,0.24,1.0,1.0,0.24,4.8,4.8,-9.120000000000001,,,,,False,,
collection,tax_rate_tau,0.26,share of legally covered compliant base,admin_share_of_T,0.0,share of gross receipts,0.26,1.0,1.0,0.26,5.2,5.2,-8.879999999999999,,,,,False,,
collection,tax_rate_tau,0.28,share of legally covered compliant base,admin_share_of_T,0.0,share of gross receipts,0.28,1.0,1.0,0.28,5.6000000000000005,5.6000000000000005,-8.639999999999999,,,,,False,,
collection,tax_rate_tau,0.3,share of legally covered compliant base,admin_share_of_T,0.0,share of gross receipts,0.3,1.0,1.0,0.3,6.0,6.0,-8.4,,,,,False,,
collection,tax_rate_tau,0.32,share of legally covered compliant base,admin_share_of_T,0.0,share of gross receipts,0.32,1.0,1.0,0.32,6.4,6.4,-8.16,,,,,False,,
collection,tax_rate_tau,0.34,share of legally covered compliant base,admin_share_of_T,0.0,share of gross receipts,0.34,1.0,1.0,0.34,6.800000000000001,6.800000000000001,-7.92,,,,,False,,
collection,tax_rate_tau,0.36,share of legally covered compliant base,admin_share_of_T,0.0,share of gross receipts,0.36,1.0,1.0,0.36,7.199999999999999,7.199999999999999,-7.680000000000001,,,,,False,,
collection,tax_rate_tau,0.38,share of legally covered compliant base,admin_share_of_T,0.0,share of gross receipts,0.38,1.0,1.0,0.38,7.6,7.6,-7.440000000000001,,,,,False,,
collection,tax_rate_tau,0.4,share of legally covered compliant base,admin_share_of_T,0.0,share of gross receipts,0.4,1.0,1.0,0.4,8.0,8.0,-7.2,,,,,False,,
collection,tax_rate_tau,0.42,share of legally covered compliant base,admin_share_of_T,0.0,share of gross receipts,0.42,1.0,1.0,0.42,8.4,8.4,-6.959999999999999,,,,,False,,
collection,tax_rate_tau,0.44,share of legally covered compliant base,admin_share_of_T,0.0,share of gross receipts,0.44,1.0,1.0,0.44,8.8,8.8,-6.72,,,,,False,,
collection,tax_rate_tau,0.46,share of legally covered compliant base,admin_share_of_T,0.0,share of gross receipts,0.46,1.0,1.0,0.46,9.200000000000001,9.200000000000001,-6.479999999999999,,,,,False,,
collection,tax_rate_tau,0.48,share of legally covered compliant base,admin_share_of_T,0.0,share of gross receipts,0.48,1.0,1.0,0.48,9.6,9.6,-6.239999999999998,,,,,False,,
collection,tax_rate_tau,0.5,share of legally covered compliant base,admin_share_of_T,0.0,share of gross receipts,0.5,1.0,1.0,0.5,10.0,10.0,-6.0,,,,,False,,
collection,tax_rate_tau,0.52,share of legally covered compliant base,admin_share_of_T,0.0,share of gross receipts,0.52,1.0,1.0,0.52,10.4,10.4,-5.76,,,,,False,,
collection,tax_rate_tau,0.54,share of legally covered compliant base,admin_share_of_T,0.0,share of gross receipts,0.54,1.0,1.0,0.54,10.8,10.8,-5.52,,,,,False,,
collection,tax_rate_tau,0.56,share of legally covered compliant base,admin_share_of_T,0.0,share of gross receipts,0.56,1.0,1.0,0.56,11.200000000000001,11.200000000000001,-5.279999999999998,,,,,False,,
collection,tax_rate_tau,0.58,share of legally covered compliant base,admin_share_of_T,0.0,share of gross receipts,0.58,1.0,1.0,0.58,11.6,11.6,-5.040000000000001,,,,,False,,
collection,tax_rate_tau,0.6,share of legally covered compliant base,admin_share_of_T,0.0,share of gross receipts,0.6,1.0,1.0,0.6,12.0,12.0,-4.799999999999999,,,,,False,,
collection,tax_rate_tau,0.62,share of legally covered compliant base,admin_share_of_T,0.0,share of gross receipts,0.62,1.0,1.0,0.62,12.4,12.4,-4.5600000000000005,,,,,False,,
collection,tax_rate_tau,0.64,share of legally covered compliant base,admin_share_of_T,0.0,share of gross receipts,0.64,1.0,1.0,0.64,12.8,12.8,-4.3199999999999985,,,,,False,,
collection,tax_rate_tau,0.66,share of legally covered compliant base,admin_share_of_T,0.0,share of gross receipts,0.66,1.0,1.0,0.66,13.200000000000001,13.200000000000001,-4.08,,,,,False,,
collection,tax_rate_tau,0.68,share of legally covered compliant base,admin_share_of_T,0.0,share of gross receipts,0.68,1.0,1.0,0.68,13.600000000000001,13.600000000000001,-3.84,,,,,False,,
collection,tax_rate_tau,0.7000000000000001,share of legally covered compliant base,admin_share_of_T,0.0,share of gross receipts,0.7000000000000001,1.0,1.0,0.7000000000000001,14.000000000000002,14.000000000000002,-3.599999999999998,,,,,False,,
collection,tax_rate_tau,0.72,share of legally covered compliant base,admin_share_of_T,0.0,share of gross receipts,0.72,1.0,1.0,0.72,14.399999999999999,14.399999999999999,-3.360000000000001,,,,,False,,
collection,tax_rate_tau,0.74,share of legally covered compliant base,admin_share_of_T,0.0,share of gross receipts,0.74,1.0,1.0,0.74,14.8,14.8,-3.120000000000001,,,,,False,,
collection,tax_rate_tau,0.76,share of legally covered compliant base,admin_share_of_T,0.0,share of gross receipts,0.76,1.0,1.0,0.76,15.2,15.2,-2.879999999999999,,,,,False,,
collection,tax_rate_tau,0.78,share of legally covered compliant base,admin_share_of_T,0.0,share of gross receipts,0.78,1.0,1.0,0.78,15.600000000000001,15.600000000000001,-2.639999999999999,,,,,False,,
collection,tax_rate_tau,0.8,share of legally covered compliant base,admin_share_of_T,0.0,share of gross receipts,0.8,1.0,1.0,0.8,16.0,16.0,-2.4000000000000004,,,,,False,,
collection,tax_rate_tau,0.8200000000000001,share of legally covered compliant base,admin_share_of_T,0.0,share of gross receipts,0.8200000000000001,1.0,1.0,0.8200000000000001,16.400000000000002,16.400000000000002,-2.16,,,,,False,,
collection,tax_rate_tau,0.84,share of legally covered compliant base,admin_share_of_T,0.0,share of gross receipts,0.84,1.0,1.0,0.84,16.8,16.8,-1.9199999999999982,,,,,False,,
collection,tax_rate_tau,0.86,share of legally covered compliant base,admin_share_of_T,0.0,share of gross receipts,0.86,1.0,1.0,0.86,17.2,17.2,-1.6799999999999997,,,,,False,,
collection,tax_rate_tau,0.88,share of legally covered compliant base,admin_share_of_T,0.0,share of gross receipts,0.88,1.0,1.0,0.88,17.6,17.6,-1.4399999999999995,,,,,False,,
collection,tax_rate_tau,0.9,share of legally covered compliant base,admin_share_of_T,0.0,share of gross receipts,0.9,1.0,1.0,0.9,18.0,18.0,-1.1999999999999993,,,,,False,,
collection,tax_rate_tau,0.92,share of legally covered compliant base,admin_share_of_T,0.0,share of gross receipts,0.92,1.0,1.0,0.92,18.400000000000002,18.400000000000002,-0.9599999999999973,,,,,False,,
collection,tax_rate_tau,0.9400000000000001,share of legally covered compliant base,admin_share_of_T,0.0,share of gross receipts,0.9400000000000001,1.0,1.0,0.9400000000000001,18.8,18.8,-0.7199999999999989,,,,,False,,
collection,tax_rate_tau,0.96,share of legally covered compliant base,admin_share_of_T,0.0,share of gross receipts,0.96,1.0,1.0,0.96,19.2,19.2,-0.4799999999999969,,,,,False,,
collection,tax_rate_tau,0.98,share of legally covered compliant base,admin_share_of_T,0.0,share of gross receipts,0.98,1.0,1.0,0.98,19.6,19.6,-0.23999999999999844,,,,,False,,
collection,tax_rate_tau,1.0,share of legally covered compliant base,admin_share_of_T,0.0,share of gross receipts,1.0,1.0,1.0,1.0,20.0,20.0,0.0,,,,,True,,
collection,tax_rate_tau,0.0,share of legally covered compliant base,admin_share_of_T,0.05,share of gross receipts,0.0,1.0,1.0,0.0,0.0,0.0,-12.0,,,,,False,,
collection,tax_rate_tau,0.02,share of legally covered compliant base,admin_share_of_T,0.05,share of gross receipts,0.02,1.0,1.0,0.02,0.38,0.38,-11.758000000000001,,,,,False,,
collection,tax_rate_tau,0.04,share of legally covered compliant base,admin_share_of_T,0.05,share of gross receipts,0.04,1.0,1.0,0.04,0.76,0.76,-11.516000000000002,,,,,False,,
collection,tax_rate_tau,0.06,share of legally covered compliant base,admin_share_of_T,0.05,share of gross receipts,0.06,1.0,1.0,0.06,1.14,1.14,-11.274,,,,,False,,
collection,tax_rate_tau,0.08,share of legally covered compliant base,admin_share_of_T,0.05,share of gross receipts,0.08,1.0,1.0,0.08,1.52,1.52,-11.032,,,,,False,,
collection,tax_rate_tau,0.1,share of legally covered compliant base,admin_share_of_T,0.05,share of gross receipts,0.1,1.0,1.0,0.1,1.9,1.9,-10.790000000000001,,,,,False,,
collection,tax_rate_tau,0.12,share of legally covered compliant base,admin_share_of_T,0.05,share of gross receipts,0.12,1.0,1.0,0.12,2.28,2.28,-10.548,,,,,False,,
collection,tax_rate_tau,0.14,share of legally covered compliant base,admin_share_of_T,0.05,share of gross receipts,0.14,1.0,1.0,0.14,2.66,2.66,-10.306,,,,,False,,
collection,tax_rate_tau,0.16,share of legally covered compliant base,admin_share_of_T,0.05,share of gross receipts,0.16,1.0,1.0,0.16,3.04,3.04,-10.064,,,,,False,,
collection,tax_rate_tau,0.18,share of legally covered compliant base,admin_share_of_T,0.05,share of gross receipts,0.18,1.0,1.0,0.18,3.4199999999999995,3.4199999999999995,-9.822000000000003,,,,,False,,
collection,tax_rate_tau,0.2,share of legally covered compliant base,admin_share_of_T,0.05,share of gross receipts,0.2,1.0,1.0,0.2,3.8,3.8,-9.58,,,,,False,,
collection,tax_rate_tau,0.22,share of legally covered compliant base,admin_share_of_T,0.05,share of gross receipts,0.22,1.0,1.0,0.22,4.180000000000001,4.180000000000001,-9.338,,,,,False,,
collection,tax_rate_tau,0.24,share of legally covered compliant base,admin_share_of_T,0.05,share of gross receipts,0.24,1.0,1.0,0.24,4.56,4.56,-9.096000000000002,,,,,False,,
collection,tax_rate_tau,0.26,share of legally covered compliant base,admin_share_of_T,0.05,share of gross receipts,0.26,1.0,1.0,0.26,4.94,4.94,-8.853999999999997,,,,,False,,
collection,tax_rate_tau,0.28,share of legally covered compliant base,admin_share_of_T,0.05,share of gross receipts,0.28,1.0,1.0,0.28,5.32,5.32,-8.612,,,,,False,,
collection,tax_rate_tau,0.3,share of legally covered compliant base,admin_share_of_T,0.05,share of gross receipts,0.3,1.0,1.0,0.3,5.7,5.7,-8.370000000000001,,,,,False,,
collection,tax_rate_tau,0.32,share of legally covered compliant base,admin_share_of_T,0.05,share of gross receipts,0.32,1.0,1.0,0.32,6.08,6.08,-8.128,,,,,False,,
collection,tax_rate_tau,0.34,share of legally covered compliant base,admin_share_of_T,0.05,share of gross receipts,0.34,1.0,1.0,0.34,6.460000000000001,6.460000000000001,-7.885999999999999,,,,,False,,
collection,tax_rate_tau,0.36,share of legally covered compliant base,admin_share_of_T,0.05,share of gross receipts,0.36,1.0,1.0,0.36,6.839999999999999,6.839999999999999,-7.644000000000001,,,,,False,,
collection,tax_rate_tau,0.38,share of legally covered compliant base,admin_share_of_T,0.05,share of gross receipts,0.38,1.0,1.0,0.38,7.22,7.22,-7.402000000000001,,,,,False,,
collection,tax_rate_tau,0.4,share of legally covered compliant base,admin_share_of_T,0.05,share of gross receipts,0.4,1.0,1.0,0.4,7.6,7.6,-7.16,,,,,False,,
collection,tax_rate_tau,0.42,share of legally covered compliant base,admin_share_of_T,0.05,share of gross receipts,0.42,1.0,1.0,0.42,7.98,7.98,-6.917999999999999,,,,,False,,
collection,tax_rate_tau,0.44,share of legally covered compliant base,admin_share_of_T,0.05,share of gross receipts,0.44,1.0,1.0,0.44,8.360000000000001,8.360000000000001,-6.675999999999999,,,,,False,,
collection,tax_rate_tau,0.46,share of legally covered compliant base,admin_share_of_T,0.05,share of gross receipts,0.46,1.0,1.0,0.46,8.74,8.74,-6.433999999999999,,,,,False,,
collection,tax_rate_tau,0.48,share of legally covered compliant base,admin_share_of_T,0.05,share of gross receipts,0.48,1.0,1.0,0.48,9.12,9.12,-6.191999999999998,,,,,False,,
collection,tax_rate_tau,0.5,share of legally covered compliant base,admin_share_of_T,0.05,share of gross receipts,0.5,1.0,1.0,0.5,9.5,9.5,-5.949999999999999,,,,,False,,
collection,tax_rate_tau,0.52,share of legally covered compliant base,admin_share_of_T,0.05,share of gross receipts,0.52,1.0,1.0,0.52,9.88,9.88,-5.708,,,,,False,,
collection,tax_rate_tau,0.54,share of legally covered compliant base,admin_share_of_T,0.05,share of gross receipts,0.54,1.0,1.0,0.54,10.260000000000002,10.260000000000002,-5.465999999999998,,,,,False,,
collection,tax_rate_tau,0.56,share of legally covered compliant base,admin_share_of_T,0.05,share of gross receipts,0.56,1.0,1.0,0.56,10.64,10.64,-5.223999999999998,,,,,False,,
collection,tax_rate_tau,0.58,share of legally covered compliant base,admin_share_of_T,0.05,share of gross receipts,0.58,1.0,1.0,0.58,11.02,11.02,-4.982000000000001,,,,,False,,
collection,tax_rate_tau,0.6,share of legally covered compliant base,admin_share_of_T,0.05,share of gross receipts,0.6,1.0,1.0,0.6,11.4,11.4,-4.74,,,,,False,,
collection,tax_rate_tau,0.62,share of legally covered compliant base,admin_share_of_T,0.05,share of gross receipts,0.62,1.0,1.0,0.62,11.780000000000001,11.780000000000001,-4.497999999999998,,,,,False,,
collection,tax_rate_tau,0.64,share of legally covered compliant base,admin_share_of_T,0.05,share of gross receipts,0.64,1.0,1.0,0.64,12.16,12.16,-4.2559999999999985,,,,,False,,
collection,tax_rate_tau,0.66,share of legally covered compliant base,admin_share_of_T,0.05,share of gross receipts,0.66,1.0,1.0,0.66,12.540000000000001,12.540000000000001,-4.013999999999999,,,,,False,,
collection,tax_rate_tau,0.68,share of legally covered compliant base,admin_share_of_T,0.05,share of gross receipts,0.68,1.0,1.0,0.68,12.920000000000002,12.920000000000002,-3.772,,,,,False,,
collection,tax_rate_tau,0.7000000000000001,share of legally covered compliant base,admin_share_of_T,0.05,share of gross receipts,0.7000000000000001,1.0,1.0,0.7000000000000001,13.3,13.3,-3.5299999999999985,,,,,False,,
collection,tax_rate_tau,0.72,share of legally covered compliant base,admin_share_of_T,0.05,share of gross receipts,0.72,1.0,1.0,0.72,13.679999999999998,13.679999999999998,-3.288000000000003,,,,,False,,
collection,tax_rate_tau,0.74,share of legally covered compliant base,admin_share_of_T,0.05,share of gross receipts,0.74,1.0,1.0,0.74,14.06,14.06,-3.046000000000001,,,,,False,,
collection,tax_rate_tau,0.76,share of legally covered compliant base,admin_share_of_T,0.05,share of gross receipts,0.76,1.0,1.0,0.76,14.44,14.44,-2.8039999999999985,,,,,False,,
collection,tax_rate_tau,0.78,share of legally covered compliant base,admin_share_of_T,0.05,share of gross receipts,0.78,1.0,1.0,0.78,14.820000000000002,14.820000000000002,-2.5619999999999967,,,,,False,,
collection,tax_rate_tau,0.8,share of legally covered compliant base,admin_share_of_T,0.05,share of gross receipts,0.8,1.0,1.0,0.8,15.2,15.2,-2.320000000000001,,,,,False,,
collection,tax_rate_tau,0.8200000000000001,share of legally covered compliant base,admin_share_of_T,0.05,share of gross receipts,0.8200000000000001,1.0,1.0,0.8200000000000001,15.580000000000002,15.580000000000002,-2.0779999999999994,,,,,False,,
collection,tax_rate_tau,0.84,share of legally covered compliant base,admin_share_of_T,0.05,share of gross receipts,0.84,1.0,1.0,0.84,15.96,15.96,-1.8359999999999983,,,,,False,,
collection,tax_rate_tau,0.86,share of legally covered compliant base,admin_share_of_T,0.05,share of gross receipts,0.86,1.0,1.0,0.86,16.34,16.34,-1.5940000000000007,,,,,False,,
collection,tax_rate_tau,0.88,share of legally covered compliant base,admin_share_of_T,0.05,share of gross receipts,0.88,1.0,1.0,0.88,16.720000000000002,16.720000000000002,-1.3519999999999992,,,,,False,,
collection,tax_rate_tau,0.9,share of legally covered compliant base,admin_share_of_T,0.05,share of gross receipts,0.9,1.0,1.0,0.9,17.1,17.1,-1.1099999999999963,,,,,False,,
collection,tax_rate_tau,0.92,share of legally covered compliant base,admin_share_of_T,0.05,share of gross receipts,0.92,1.0,1.0,0.92,17.48,17.48,-0.8679999999999983,,,,,False,,
collection,tax_rate_tau,0.9400000000000001,share of legally covered compliant base,admin_share_of_T,0.05,share of gross receipts,0.9400000000000001,1.0,1.0,0.9400000000000001,17.86,17.86,-0.6259999999999989,,,,,False,,
collection,tax_rate_tau,0.96,share of legally covered compliant base,admin_share_of_T,0.05,share of gross receipts,0.96,1.0,1.0,0.96,18.24,18.24,-0.3839999999999977,,,,,False,,
collection,tax_rate_tau,0.98,share of legally covered compliant base,admin_share_of_T,0.05,share of gross receipts,0.98,1.0,1.0,0.98,18.62,18.62,-0.14199999999999624,,,,,False,,
collection,tax_rate_tau,1.0,share of legally covered compliant base,admin_share_of_T,0.05,share of gross receipts,1.0,1.0,1.0,1.0,19.0,19.0,0.10000000000000142,,,,,True,,
collection,tax_rate_tau,0.0,share of legally covered compliant base,admin_share_of_T,0.1,share of gross receipts,0.0,1.0,1.0,0.0,0.0,0.0,-12.0,,,,,False,,
collection,tax_rate_tau,0.02,share of legally covered compliant base,admin_share_of_T,0.1,share of gross receipts,0.02,1.0,1.0,0.02,0.36,0.36,-11.756000000000002,,,,,False,,
collection,tax_rate_tau,0.04,share of legally covered compliant base,admin_share_of_T,0.1,share of gross receipts,0.04,1.0,1.0,0.04,0.72,0.72,-11.512,,,,,False,,
collection,tax_rate_tau,0.06,share of legally covered compliant base,admin_share_of_T,0.1,share of gross receipts,0.06,1.0,1.0,0.06,1.08,1.08,-11.268,,,,,False,,
collection,tax_rate_tau,0.08,share of legally covered compliant base,admin_share_of_T,0.1,share of gross receipts,0.08,1.0,1.0,0.08,1.44,1.44,-11.024000000000001,,,,,False,,
collection,tax_rate_tau,0.1,share of legally covered compliant base,admin_share_of_T,0.1,share of gross receipts,0.1,1.0,1.0,0.1,1.8,1.8,-10.780000000000001,,,,,False,,
collection,tax_rate_tau,0.12,share of legally covered compliant base,admin_share_of_T,0.1,share of gross receipts,0.12,1.0,1.0,0.12,2.16,2.16,-10.535999999999998,,,,,False,,
collection,tax_rate_tau,0.14,share of legally covered compliant base,admin_share_of_T,0.1,share of gross receipts,0.14,1.0,1.0,0.14,2.5200000000000005,2.5200000000000005,-10.292,,,,,False,,
collection,tax_rate_tau,0.16,share of legally covered compliant base,admin_share_of_T,0.1,share of gross receipts,0.16,1.0,1.0,0.16,2.88,2.88,-10.048,,,,,False,,
collection,tax_rate_tau,0.18,share of legally covered compliant base,admin_share_of_T,0.1,share of gross receipts,0.18,1.0,1.0,0.18,3.2399999999999998,3.2399999999999998,-9.804000000000002,,,,,False,,
collection,tax_rate_tau,0.2,share of legally covered compliant base,admin_share_of_T,0.1,share of gross receipts,0.2,1.0,1.0,0.2,3.6,3.6,-9.559999999999999,,,,,False,,
collection,tax_rate_tau,0.22,share of legally covered compliant base,admin_share_of_T,0.1,share of gross receipts,0.22,1.0,1.0,0.22,3.9600000000000004,3.9600000000000004,-9.316,,,,,False,,
collection,tax_rate_tau,0.24,share of legally covered compliant base,admin_share_of_T,0.1,share of gross receipts,0.24,1.0,1.0,0.24,4.32,4.32,-9.072000000000001,,,,,False,,
collection,tax_rate_tau,0.26,share of legally covered compliant base,admin_share_of_T,0.1,share of gross receipts,0.26,1.0,1.0,0.26,4.68,4.68,-8.828,,,,,False,,
collection,tax_rate_tau,0.28,share of legally covered compliant base,admin_share_of_T,0.1,share of gross receipts,0.28,1.0,1.0,0.28,5.040000000000001,5.040000000000001,-8.583999999999998,,,,,False,,
collection,tax_rate_tau,0.3,share of legally covered compliant base,admin_share_of_T,0.1,share of gross receipts,0.3,1.0,1.0,0.3,5.4,5.4,-8.340000000000002,,,,,False,,
collection,tax_rate_tau,0.32,share of legally covered compliant base,admin_share_of_T,0.1,share of gross receipts,0.32,1.0,1.0,0.32,5.76,5.76,-8.096,,,,,False,,
collection,tax_rate_tau,0.34,share of legally covered compliant base,admin_share_of_T,0.1,share of gross receipts,0.34,1.0,1.0,0.34,6.120000000000001,6.120000000000001,-7.852,,,,,False,,
collection,tax_rate_tau,0.36,share of legally covered compliant base,admin_share_of_T,0.1,share of gross receipts,0.36,1.0,1.0,0.36,6.4799999999999995,6.4799999999999995,-7.608,,,,,False,,
collection,tax_rate_tau,0.38,share of legally covered compliant base,admin_share_of_T,0.1,share of gross receipts,0.38,1.0,1.0,0.38,6.84,6.84,-7.3640000000000025,,,,,False,,
collection,tax_rate_tau,0.4,share of legally covered compliant base,admin_share_of_T,0.1,share of gross receipts,0.4,1.0,1.0,0.4,7.2,7.2,-7.12,,,,,False,,
collection,tax_rate_tau,0.42,share of legally covered compliant base,admin_share_of_T,0.1,share of gross receipts,0.42,1.0,1.0,0.42,7.5600000000000005,7.5600000000000005,-6.8759999999999994,,,,,False,,
collection,tax_rate_tau,0.44,share of legally covered compliant base,admin_share_of_T,0.1,share of gross receipts,0.44,1.0,1.0,0.44,7.920000000000001,7.920000000000001,-6.632,,,,,False,,
collection,tax_rate_tau,0.46,share of legally covered compliant base,admin_share_of_T,0.1,share of gross receipts,0.46,1.0,1.0,0.46,8.280000000000001,8.280000000000001,-6.387999999999999,,,,,False,,
collection,tax_rate_tau,0.48,share of legally covered compliant base,admin_share_of_T,0.1,share of gross receipts,0.48,1.0,1.0,0.48,8.64,8.64,-6.143999999999998,,,,,False,,
collection,tax_rate_tau,0.5,share of legally covered compliant base,admin_share_of_T,0.1,share of gross receipts,0.5,1.0,1.0,0.5,9.0,9.0,-5.9,,,,,False,,
collection,tax_rate_tau,0.52,share of legally covered compliant base,admin_share_of_T,0.1,share of gross receipts,0.52,1.0,1.0,0.52,9.36,9.36,-5.6560000000000015,,,,,False,,
collection,tax_rate_tau,0.54,share of legally covered compliant base,admin_share_of_T,0.1,share of gross receipts,0.54,1.0,1.0,0.54,9.72,9.72,-5.411999999999999,,,,,False,,
collection,tax_rate_tau,0.56,share of legally covered compliant base,admin_share_of_T,0.1,share of gross receipts,0.56,1.0,1.0,0.56,10.080000000000002,10.080000000000002,-5.167999999999997,,,,,False,,
collection,tax_rate_tau,0.58,share of legally covered compliant base,admin_share_of_T,0.1,share of gross receipts,0.58,1.0,1.0,0.58,10.44,10.44,-4.924000000000001,,,,,False,,
collection,tax_rate_tau,0.6,share of legally covered compliant base,admin_share_of_T,0.1,share of gross receipts,0.6,1.0,1.0,0.6,10.8,10.8,-4.679999999999999,,,,,False,,
collection,tax_rate_tau,0.62,share of legally covered compliant base,admin_share_of_T,0.1,share of gross receipts,0.62,1.0,1.0,0.62,11.16,11.16,-4.436,,,,,False,,
collection,tax_rate_tau,0.64,share of legally covered compliant base,admin_share_of_T,0.1,share of gross receipts,0.64,1.0,1.0,0.64,11.52,11.52,-4.191999999999999,,,,,False,,
collection,tax_rate_tau,0.66,share of legally covered compliant base,admin_share_of_T,0.1,share of gross receipts,0.66,1.0,1.0,0.66,11.88,11.88,-3.9480000000000004,,,,,False,,
collection,tax_rate_tau,0.68,share of legally covered compliant base,admin_share_of_T,0.1,share of gross receipts,0.68,1.0,1.0,0.68,12.240000000000002,12.240000000000002,-3.7039999999999997,,,,,False,,
collection,tax_rate_tau,0.7000000000000001,share of legally covered compliant base,admin_share_of_T,0.1,share of gross receipts,0.7000000000000001,1.0,1.0,0.7000000000000001,12.600000000000001,12.600000000000001,-3.4599999999999973,,,,,False,,
collection,tax_rate_tau,0.72,share of legally covered compliant base,admin_share_of_T,0.1,share of gross receipts,0.72,1.0,1.0,0.72,12.959999999999999,12.959999999999999,-3.2160000000000006,,,,,False,,
collection,tax_rate_tau,0.74,share of legally covered compliant base,admin_share_of_T,0.1,share of gross receipts,0.74,1.0,1.0,0.74,13.32,13.32,-2.9719999999999995,,,,,False,,
collection,tax_rate_tau,0.76,share of legally covered compliant base,admin_share_of_T,0.1,share of gross receipts,0.76,1.0,1.0,0.76,13.68,13.68,-2.7279999999999993,,,,,False,,
collection,tax_rate_tau,0.78,share of legally covered compliant base,admin_share_of_T,0.1,share of gross receipts,0.78,1.0,1.0,0.78,14.040000000000001,14.040000000000001,-2.483999999999998,,,,,False,,
collection,tax_rate_tau,0.8,share of legally covered compliant base,admin_share_of_T,0.1,share of gross receipts,0.8,1.0,1.0,0.8,14.4,14.4,-2.2399999999999998,,,,,False,,
collection,tax_rate_tau,0.8200000000000001,share of legally covered compliant base,admin_share_of_T,0.1,share of gross receipts,0.8200000000000001,1.0,1.0,0.8200000000000001,14.760000000000002,14.760000000000002,-1.9959999999999989,,,,,False,,
collection,tax_rate_tau,0.84,share of legally covered compliant base,admin_share_of_T,0.1,share of gross receipts,0.84,1.0,1.0,0.84,15.120000000000001,15.120000000000001,-1.7519999999999984,,,,,False,,
collection,tax_rate_tau,0.86,share of legally covered compliant base,admin_share_of_T,0.1,share of gross receipts,0.86,1.0,1.0,0.86,15.479999999999999,15.479999999999999,-1.5080000000000016,,,,,False,,
collection,tax_rate_tau,0.88,share of legally covered compliant base,admin_share_of_T,0.1,share of gross receipts,0.88,1.0,1.0,0.88,15.840000000000002,15.840000000000002,-1.263999999999999,,,,,False,,
collection,tax_rate_tau,0.9,share of legally covered compliant base,admin_share_of_T,0.1,share of gross receipts,0.9,1.0,1.0,0.9,16.2,16.2,-1.0199999999999985,,,,,False,,
collection,tax_rate_tau,0.92,share of legally covered compliant base,admin_share_of_T,0.1,share of gross receipts,0.92,1.0,1.0,0.92,16.560000000000002,16.560000000000002,-0.7759999999999976,,,,,False,,
collection,tax_rate_tau,0.9400000000000001,share of legally covered compliant base,admin_share_of_T,0.1,share of gross receipts,0.9400000000000001,1.0,1.0,0.9400000000000001,16.92,16.92,-0.5319999999999989,,,,,False,,
collection,tax_rate_tau,0.96,share of legally covered compliant base,admin_share_of_T,0.1,share of gross receipts,0.96,1.0,1.0,0.96,17.28,17.28,-0.2879999999999967,,,,,False,,
collection,tax_rate_tau,0.98,share of legally covered compliant base,admin_share_of_T,0.1,share of gross receipts,0.98,1.0,1.0,0.98,17.64,17.64,-0.0439999999999976,,,,,False,,
collection,tax_rate_tau,1.0,share of legally covered compliant base,admin_share_of_T,0.1,share of gross receipts,1.0,1.0,1.0,1.0,18.0,18.0,0.1999999999999993,,,,,True,,
administration,C_adm,0.0,date-0 goods,tax_rate_tau,1.0,share,1.0,1.0,1.0,1.0,20.0,20.0,0.0,,,,,True,,
administration,C_adm,0.1,date-0 goods,tax_rate_tau,1.0,share,1.0,1.0,1.0,1.0,19.9,19.9,0.010000000000000148,,,,,True,,
administration,C_adm,0.2,date-0 goods,tax_rate_tau,1.0,share,1.0,1.0,1.0,1.0,19.8,19.8,0.020000000000000295,,,,,True,,
administration,C_adm,0.30000000000000004,date-0 goods,tax_rate_tau,1.0,share,1.0,1.0,1.0,1.0,19.7,19.7,0.03000000000000047,,,,,True,,
administration,C_adm,0.4,date-0 goods,tax_rate_tau,1.0,share,1.0,1.0,1.0,1.0,19.6,19.6,0.04000000000000059,,,,,True,,
administration,C_adm,0.5,date-0 goods,tax_rate_tau,1.0,share,1.0,1.0,1.0,1.0,19.5,19.5,0.05000000000000071,,,,,True,,
administration,C_adm,0.6000000000000001,date-0 goods,tax_rate_tau,1.0,share,1.0,1.0,1.0,1.0,19.4,19.4,0.06000000000000094,,,,,True,,
administration,C_adm,0.7000000000000001,date-0 goods,tax_rate_tau,1.0,share,1.0,1.0,1.0,1.0,19.3,19.3,0.07000000000000106,,,,,True,,
administration,C_adm,0.8,date-0 goods,tax_rate_tau,1.0,share,1.0,1.0,1.0,1.0,19.2,19.2,0.08000000000000118,,,,,True,,
administration,C_adm,0.9,date-0 goods,tax_rate_tau,1.0,share,1.0,1.0,1.0,1.0,19.1,19.1,0.0900000000000013,,,,,True,,
administration,C_adm,1.0,date-0 goods,tax_rate_tau,1.0,share,1.0,1.0,1.0,1.0,19.0,19.0,0.10000000000000142,,,,,True,,
administration,C_adm,1.1,date-0 goods,tax_rate_tau,1.0,share,1.0,1.0,1.0,1.0,18.9,18.9,0.1099999999999981,,,,,True,,
administration,C_adm,1.2000000000000002,date-0 goods,tax_rate_tau,1.0,share,1.0,1.0,1.0,1.0,18.8,18.8,0.12000000000000188,,,,,True,,
administration,C_adm,1.3,date-0 goods,tax_rate_tau,1.0,share,1.0,1.0,1.0,1.0,18.7,18.7,0.12999999999999834,,,,,True,,
administration,C_adm,1.4000000000000001,date-0 goods,tax_rate_tau,1.0,share,1.0,1.0,1.0,1.0,18.6,18.6,0.14000000000000212,,,,,True,,
administration,C_adm,1.5,date-0 goods,tax_rate_tau,1.0,share,1.0,1.0,1.0,1.0,18.5,18.5,0.15000000000000213,,,,,True,,
administration,C_adm,1.6,date-0 goods,tax_rate_tau,1.0,share,1.0,1.0,1.0,1.0,18.4,18.4,0.1599999999999988,,,,,True,,
administration,C_adm,1.7000000000000002,date-0 goods,tax_rate_tau,1.0,share,1.0,1.0,1.0,1.0,18.3,18.3,0.1700000000000026,,,,,True,,
administration,C_adm,1.8,date-0 goods,tax_rate_tau,1.0,share,1.0,1.0,1.0,1.0,18.2,18.2,0.17999999999999905,,,,,True,,
administration,C_adm,1.9000000000000001,date-0 goods,tax_rate_tau,1.0,share,1.0,1.0,1.0,1.0,18.1,18.1,0.19000000000000283,,,,,True,,
administration,C_adm,2.0,date-0 goods,tax_rate_tau,1.0,share,1.0,1.0,1.0,1.0,18.0,18.0,0.1999999999999993,,,,,True,,
administration,C_adm,2.1,date-0 goods,tax_rate_tau,1.0,share,1.0,1.0,1.0,1.0,17.9,17.9,0.20999999999999952,,,,,True,,
administration,C_adm,2.2,date-0 goods,tax_rate_tau,1.0,share,1.0,1.0,1.0,1.0,17.8,17.8,0.21999999999999975,,,,,True,,
administration,C_adm,2.3000000000000003,date-0 goods,tax_rate_tau,1.0,share,1.0,1.0,1.0,1.0,17.7,17.7,0.22999999999999998,,,,,True,,
administration,C_adm,2.4000000000000004,date-0 goods,tax_rate_tau,1.0,share,1.0,1.0,1.0,1.0,17.6,17.6,0.240000000000002,,,,,True,,
administration,C_adm,2.5,date-0 goods,tax_rate_tau,1.0,share,1.0,1.0,1.0,1.0,17.5,17.5,0.25,,,,,True,,
administration,C_adm,2.6,date-0 goods,tax_rate_tau,1.0,share,1.0,1.0,1.0,1.0,17.4,17.4,0.25999999999999845,,,,,True,,
administration,C_adm,2.7,date-0 goods,tax_rate_tau,1.0,share,1.0,1.0,1.0,1.0,17.3,17.3,0.27000000000000046,,,,,True,,
administration,C_adm,2.8000000000000003,date-0 goods,tax_rate_tau,1.0,share,1.0,1.0,1.0,1.0,17.2,17.2,0.2800000000000007,,,,,True,,
administration,C_adm,2.9000000000000004,date-0 goods,tax_rate_tau,1.0,share,1.0,1.0,1.0,1.0,17.1,17.1,0.2900000000000027,,,,,True,,
administration,C_adm,3.0,date-0 goods,tax_rate_tau,1.0,share,1.0,1.0,1.0,1.0,17.0,17.0,0.3000000000000007,,,,,True,,
administration,C_adm,3.1,date-0 goods,tax_rate_tau,1.0,share,1.0,1.0,1.0,1.0,16.9,16.9,0.30999999999999917,,,,,True,,
administration,C_adm,3.2,date-0 goods,tax_rate_tau,1.0,share,1.0,1.0,1.0,1.0,16.8,16.8,0.3200000000000012,,,,,True,,
administration,C_adm,3.3000000000000003,date-0 goods,tax_rate_tau,1.0,share,1.0,1.0,1.0,1.0,16.7,16.7,0.3299999999999996,,,,,True,,
administration,C_adm,3.4000000000000004,date-0 goods,tax_rate_tau,1.0,share,1.0,1.0,1.0,1.0,16.6,16.6,0.34000000000000163,,,,,True,,
administration,C_adm,3.5,date-0 goods,tax_rate_tau,1.0,share,1.0,1.0,1.0,1.0,16.5,16.5,0.34999999999999964,,,,,True,,
administration,C_adm,3.6,date-0 goods,tax_rate_tau,1.0,share,1.0,1.0,1.0,1.0,16.4,16.4,0.3599999999999999,,,,,True,,
administration,C_adm,3.7,date-0 goods,tax_rate_tau,1.0,share,1.0,1.0,1.0,1.0,16.3,16.3,0.3700000000000019,,,,,True,,
administration,C_adm,3.8000000000000003,date-0 goods,tax_rate_tau,1.0,share,1.0,1.0,1.0,1.0,16.2,16.2,0.38000000000000034,,,,,True,,
administration,C_adm,3.9000000000000004,date-0 goods,tax_rate_tau,1.0,share,1.0,1.0,1.0,1.0,16.1,16.1,0.39000000000000234,,,,,True,,
administration,C_adm,4.0,date-0 goods,tax_rate_tau,1.0,share,1.0,1.0,1.0,1.0,16.0,16.0,0.40000000000000036,,,,,True,,
administration,C_adm,4.1000000000000005,date-0 goods,tax_rate_tau,1.0,share,1.0,1.0,1.0,1.0,15.899999999999999,15.899999999999999,0.40999999999999925,,,,,True,,
administration,C_adm,4.2,date-0 goods,tax_rate_tau,1.0,share,1.0,1.0,1.0,1.0,15.8,15.8,0.4200000000000008,,,,,True,,
administration,C_adm,4.3,date-0 goods,tax_rate_tau,1.0,share,1.0,1.0,1.0,1.0,15.7,15.7,0.4299999999999988,,,,,True,,
administration,C_adm,4.4,date-0 goods,tax_rate_tau,1.0,share,1.0,1.0,1.0,1.0,15.6,15.6,0.4399999999999995,,,,,True,,
administration,C_adm,4.5,date-0 goods,tax_rate_tau,1.0,share,1.0,1.0,1.0,1.0,15.5,15.5,0.45000000000000107,,,,,True,,
administration,C_adm,4.6000000000000005,date-0 goods,tax_rate_tau,1.0,share,1.0,1.0,1.0,1.0,15.399999999999999,15.399999999999999,0.45999999999999996,,,,,True,,
administration,C_adm,4.7,date-0 goods,tax_rate_tau,1.0,share,1.0,1.0,1.0,1.0,15.3,15.3,0.4700000000000015,,,,,True,,
administration,C_adm,4.800000000000001,date-0 goods,tax_rate_tau,1.0,share,1.0,1.0,1.0,1.0,15.2,15.2,0.4800000000000004,,,,,True,,
administration,C_adm,4.9,date-0 goods,tax_rate_tau,1.0,share,1.0,1.0,1.0,1.0,15.1,15.1,0.4900000000000002,,,,,True,,
administration,C_adm,5.0,date-0 goods,tax_rate_tau,1.0,share,1.0,1.0,1.0,1.0,15.0,15.0,0.5,,,,,True,,
mpc_joint_gate,m_H,0.4,goods per income unit,m_S,0.1,goods per income unit,1.0,1.0,1.0,1.0,,19.0,1.2320000000000002,,6.92,True,True,True,,True
mpc_joint_gate,m_H,0.4,goods per income unit,m_S,0.11,goods per income unit,1.0,1.0,1.0,1.0,,19.0,1.2320000000000002,,6.92,True,True,True,,True
mpc_joint_gate,m_H,0.4,goods per income unit,m_S,0.12000000000000001,goods per income unit,1.0,1.0,1.0,1.0,,19.0,1.2320000000000002,,6.92,True,True,True,,True
mpc_joint_gate,m_H,0.4,goods per income unit,m_S,0.13,goods per income unit,1.0,1.0,1.0,1.0,,19.0,1.2320000000000002,,6.92,True,True,True,,True
mpc_joint_gate,m_H,0.4,goods per income unit,m_S,0.14,goods per income unit,1.0,1.0,1.0,1.0,,19.0,1.2320000000000002,,6.92,True,True,True,,True
mpc_joint_gate,m_H,0.4,goods per income unit,m_S,0.15000000000000002,goods per income unit,1.0,1.0,1.0,1.0,,19.0,1.2320000000000002,,6.92,True,True,True,,True
mpc_joint_gate,m_H,0.4,goods per income unit,m_S,0.16,goods per income unit,1.0,1.0,1.0,1.0,,19.0,1.2320000000000002,,6.92,True,True,True,,True
mpc_joint_gate,m_H,0.4,goods per income unit,m_S,0.17,goods per income unit,1.0,1.0,1.0,1.0,,19.0,1.2320000000000002,,6.92,True,True,True,,True
mpc_joint_gate,m_H,0.4,goods per income unit,m_S,0.18,goods per income unit,1.0,1.0,1.0,1.0,,19.0,1.2320000000000002,,6.92,True,True,True,,True
mpc_joint_gate,m_H,0.4,goods per income unit,m_S,0.19,goods per income unit,1.0,1.0,1.0,1.0,,19.0,1.2320000000000002,,6.92,True,True,True,,True
mpc_joint_gate,m_H,0.4,goods per income unit,m_S,0.2,goods per income unit,1.0,1.0,1.0,1.0,,19.0,1.2320000000000002,,6.92,True,True,True,,True
mpc_joint_gate,m_H,0.4,goods per income unit,m_S,0.21000000000000002,goods per income unit,1.0,1.0,1.0,1.0,,19.0,1.2320000000000002,,6.92,True,True,True,,True
mpc_joint_gate,m_H,0.4,goods per income unit,m_S,0.22,goods per income unit,1.0,1.0,1.0,1.0,,19.0,1.2320000000000002,,6.92,True,True,True,,True
mpc_joint_gate,m_H,0.4,goods per income unit,m_S,0.23,goods per income unit,1.0,1.0,1.0,1.0,,19.0,1.2320000000000002,,6.92,True,True,True,,True
mpc_joint_gate,m_H,0.4,goods per income unit,m_S,0.24000000000000002,goods per income unit,1.0,1.0,1.0,1.0,,19.0,1.2320000000000002,,6.92,True,True,True,,True
mpc_joint_gate,m_H,0.4,goods per income unit,m_S,0.25,goods per income unit,1.0,1.0,1.0,1.0,,19.0,1.2320000000000002,,6.92,True,True,True,,True
mpc_joint_gate,m_H,0.4,goods per income unit,m_S,0.26,goods per income unit,1.0,1.0,1.0,1.0,,19.0,1.2320000000000002,,6.92,True,True,True,,True
mpc_joint_gate,m_H,0.4,goods per income unit,m_S,0.27,goods per income unit,1.0,1.0,1.0,1.0,,19.0,1.2320000000000002,,6.92,True,True,True,,True
mpc_joint_gate,m_H,0.4,goods per income unit,m_S,0.28,goods per income unit,1.0,1.0,1.0,1.0,,19.0,1.2320000000000002,,6.92,True,True,True,,True
mpc_joint_gate,m_H,0.4,goods per income unit,m_S,0.29000000000000004,goods per income unit,1.0,1.0,1.0,1.0,,19.0,1.2320000000000002,,6.92,True,True,True,,True
mpc_joint_gate,m_H,0.4,goods per income unit,m_S,0.30000000000000004,goods per income unit,1.0,1.0,1.0,1.0,,19.0,1.2320000000000002,,6.92,True,True,True,,True
mpc_joint_gate,m_H,0.4,goods per income unit,m_S,0.31,goods per income unit,1.0,1.0,1.0,1.0,,19.0,1.2320000000000002,,6.92,True,True,True,,True
mpc_joint_gate,m_H,0.4,goods per income unit,m_S,0.32,goods per income unit,1.0,1.0,1.0,1.0,,19.0,1.2320000000000002,,6.92,True,True,True,,True
mpc_joint_gate,m_H,0.4,goods per income unit,m_S,0.33,goods per income unit,1.0,1.0,1.0,1.0,,19.0,1.2320000000000002,,6.92,True,True,True,,True
mpc_joint_gate,m_H,0.4,goods per income unit,m_S,0.33999999999999997,goods per income unit,1.0,1.0,1.0,1.0,,19.0,1.2320000000000002,,6.92,True,True,True,,True
mpc_joint_gate,m_H,0.4,goods per income unit,m_S,0.35,goods per income unit,1.0,1.0,1.0,1.0,,19.0,1.2320000000000002,,6.92,True,True,True,,True
mpc_joint_gate,m_H,0.4,goods per income unit,m_S,0.36,goods per income unit,1.0,1.0,1.0,1.0,,19.0,1.2320000000000002,,6.92,True,True,True,,True
mpc_joint_gate,m_H,0.4,goods per income unit,m_S,0.37,goods per income unit,1.0,1.0,1.0,1.0,,19.0,1.2320000000000002,,6.92,True,True,True,,True
mpc_joint_gate,m_H,0.4,goods per income unit,m_S,0.38,goods per income unit,1.0,1.0,1.0,1.0,,19.0,1.2320000000000002,,6.92,True,True,True,,True
mpc_joint_gate,m_H,0.4,goods per income unit,m_S,0.39,goods per income unit,1.0,1.0,1.0,1.0,,19.0,1.2320000000000002,,6.92,True,True,True,,True
mpc_joint_gate,m_H,0.41000000000000003,goods per income unit,m_S,0.1,goods per income unit,1.0,1.0,1.0,1.0,,19.0,1.1447999999999992,,6.92,True,True,True,,True
mpc_joint_gate,m_H,0.41000000000000003,goods per income unit,m_S,0.11,goods per income unit,1.0,1.0,1.0,1.0,,19.0,1.1447999999999992,,6.92,True,True,True,,True
mpc_joint_gate,m_H,0.41000000000000003,goods per income unit,m_S,0.12000000000000001,goods per income unit,1.0,1.0,1.0,1.0,,19.0,1.1447999999999992,,6.92,True,True,True,,True
mpc_joint_gate,m_H,0.41000000000000003,goods per income unit,m_S,0.13,goods per income unit,1.0,1.0,1.0,1.0,,19.0,1.1447999999999992,,6.92,True,True,True,,True
mpc_joint_gate,m_H,0.41000000000000003,goods per income unit,m_S,0.14,goods per income unit,1.0,1.0,1.0,1.0,,19.0,1.1447999999999992,,6.92,True,True,True,,True
mpc_joint_gate,m_H,0.41000000000000003,goods per income unit,m_S,0.15000000000000002,goods per income unit,1.0,1.0,1.0,1.0,,19.0,1.1447999999999992,,6.92,True,True,True,,True
mpc_joint_gate,m_H,0.41000000000000003,goods per income unit,m_S,0.16,goods per income unit,1.0,1.0,1.0,1.0,,19.0,1.1447999999999992,,6.92,True,True,True,,True
mpc_joint_gate,m_H,0.41000000000000003,goods per income unit,m_S,0.17,goods per income unit,1.0,1.0,1.0,1.0,,19.0,1.1447999999999992,,6.92,True,True,True,,True
mpc_joint_gate,m_H,0.41000000000000003,goods per income unit,m_S,0.18,goods per income unit,1.0,1.0,1.0,1.0,,19.0,1.1447999999999992,,6.92,True,True,True,,True
mpc_joint_gate,m_H,0.41000000000000003,goods per income unit,m_S,0.19,goods per income unit,1.0,1.0,1.0,1.0,,19.0,1.1447999999999992,,6.92,True,True,True,,True
mpc_joint_gate,m_H,0.41000000000000003,goods per income unit,m_S,0.2,goods per income unit,1.0,1.0,1.0,1.0,,19.0,1.1447999999999992,,6.92,True,True,True,,True
mpc_joint_gate,m_H,0.41000000000000003,goods per income unit,m_S,0.21000000000000002,goods per income unit,1.0,1.0,1.0,1.0,,19.0,1.1447999999999992,,6.92,True,True,True,,True
mpc_joint_gate,m_H,0.41000000000000003,goods per income unit,m_S,0.22,goods per income unit,1.0,1.0,1.0,1.0,,19.0,1.1447999999999992,,6.92,True,True,True,,True
mpc_joint_gate,m_H,0.41000000000000003,goods per income unit,m_S,0.23,goods per income unit,1.0,1.0,1.0,1.0,,19.0,1.1447999999999992,,6.92,True,True,True,,True
mpc_joint_gate,m_H,0.41000000000000003,goods per income unit,m_S,0.24000000000000002,goods per income unit,1.0,1.0,1.0,1.0,,19.0,1.1447999999999992,,6.92,True,True,True,,True
mpc_joint_gate,m_H,0.41000000000000003,goods per income unit,m_S,0.25,goods per income unit,1.0,1.0,1.0,1.0,,19.0,1.1447999999999992,,6.92,True,True,True,,True
mpc_joint_gate,m_H,0.41000000000000003,goods per income unit,m_S,0.26,goods per income unit,1.0,1.0,1.0,1.0,,19.0,1.1447999999999992,,6.92,True,True,True,,True
mpc_joint_gate,m_H,0.41000000000000003,goods per income unit,m_S,0.27,goods per income unit,1.0,1.0,1.0,1.0,,19.0,1.1447999999999992,,6.92,True,True,True,,True
mpc_joint_gate,m_H,0.41000000000000003,goods per income unit,m_S,0.28,goods per income unit,1.0,1.0,1.0,1.0,,19.0,1.1447999999999992,,6.92,True,True,True,,True
mpc_joint_gate,m_H,0.41000000000000003,goods per income unit,m_S,0.29000000000000004,goods per income unit,1.0,1.0,1.0,1.0,,19.0,1.1447999999999992,,6.92,True,True,True,,True
mpc_joint_gate,m_H,0.41000000000000003,goods per income unit,m_S,0.30000000000000004,goods per income unit,1.0,1.0,1.0,1.0,,19.0,1.1447999999999992,,6.92,True,True,True,,True
mpc_joint_gate,m_H,0.41000000000000003,goods per income unit,m_S,0.31,goods per income unit,1.0,1.0,1.0,1.0,,19.0,1.1447999999999992,,6.92,True,True,True,,True
mpc_joint_gate,m_H,0.41000000000000003,goods per income unit,m_S,0.32,goods per income unit,1.0,1.0,1.0,1.0,,19.0,1.1447999999999992,,6.92,True,True,True,,True
mpc_joint_gate,m_H,0.41000000000000003,goods per income unit,m_S,0.33,goods per income unit,1.0,1.0,1.0,1.0,,19.0,1.1447999999999992,,6.92,True,True,True,,True
mpc_joint_gate,m_H,0.41000000000000003,goods per income unit,m_S,0.33999999999999997,goods per income unit,1.0,1.0,1.0,1.0,,19.0,1.1447999999999992,,6.92,True,True,True,,True
mpc_joint_gate,m_H,0.41000000000000003,goods per income unit,m_S,0.35,goods per income unit,1.0,1.0,1.0,1.0,,19.0,1.1447999999999992,,6.92,True,True,True,,True
mpc_joint_gate,m_H,0.41000000000000003,goods per income unit,m_S,0.36,goods per income unit,1.0,1.0,1.0,1.0,,19.0,1.1447999999999992,,6.92,True,True,True,,True
mpc_joint_gate,m_H,0.41000000000000003,goods per income unit,m_S,0.37,goods per income unit,1.0,1.0,1.0,1.0,,19.0,1.1447999999999992,,6.92,True,True,True,,True
mpc_joint_gate,m_H,0.41000000000000003,goods per income unit,m_S,0.38,goods per income unit,1.0,1.0,1.0,1.0,,19.0,1.1447999999999992,,6.92,True,True,True,,True
mpc_joint_gate,m_H,0.41000000000000003,goods per income unit,m_S,0.39,goods per income unit,1.0,1.0,1.0,1.0,,19.0,1.1447999999999992,,6.92,True,True,True,,True
mpc_joint_gate,m_H,0.41000000000000003,goods per income unit,m_S,0.4,goods per income unit,1.0,1.0,1.0,1.0,,19.0,1.1447999999999992,,6.92,True,True,True,,True
mpc_joint_gate,m_H,0.42000000000000004,goods per income unit,m_S,0.1,goods per income unit,1.0,1.0,1.0,1.0,,19.0,1.0576000000000008,,6.92,True,True,True,,True
mpc_joint_gate,m_H,0.42000000000000004,goods per income unit,m_S,0.11,goods per income unit,1.0,1.0,1.0,1.0,,19.0,1.0576000000000008,,6.92,True,True,True,,True
mpc_joint_gate,m_H,0.42000000000000004,goods per income unit,m_S,0.12000000000000001,goods per income unit,1.0,1.0,1.0,1.0,,19.0,1.0576000000000008,,6.92,True,True,True,,True
mpc_joint_gate,m_H,0.42000000000000004,goods per income unit,m_S,0.13,goods per income unit,1.0,1.0,1.0,1.0,,19.0,1.0576000000000008,,6.92,True,True,True,,True
mpc_joint_gate,m_H,0.42000000000000004,goods per income unit,m_S,0.14,goods per income unit,1.0,1.0,1.0,1.0,,19.0,1.0576000000000008,,6.92,True,True,True,,True
mpc_joint_gate,m_H,0.42000000000000004,goods per income unit,m_S,0.15000000000000002,goods per income unit,1.0,1.0,1.0,1.0,,19.0,1.0576000000000008,,6.92,True,True,True,,True
mpc_joint_gate,m_H,0.42000000000000004,goods per income unit,m_S,0.16,goods per income unit,1.0,1.0,1.0,1.0,,19.0,1.0576000000000008,,6.92,True,True,True,,True
mpc_joint_gate,m_H,0.42000000000000004,goods per income unit,m_S,0.17,goods per income unit,1.0,1.0,1.0,1.0,,19.0,1.0576000000000008,,6.92,True,True,True,,True
mpc_joint_gate,m_H,0.42000000000000004,goods per income unit,m_S,0.18,goods per income unit,1.0,1.0,1.0,1.0,,19.0,1.0576000000000008,,6.92,True,True,True,,True
mpc_joint_gate,m_H,0.42000000000000004,goods per income unit,m_S,0.19,goods per income unit,1.0,1.0,1.0,1.0,,19.0,1.0576000000000008,,6.92,True,True,True,,True
mpc_joint_gate,m_H,0.42000000000000004,goods per income unit,m_S,0.2,goods per income unit,1.0,1.0,1.0,1.0,,19.0,1.0576000000000008,,6.92,True,True,True,,True
mpc_joint_gate,m_H,0.42000000000000004,goods per income unit,m_S,0.21000000000000002,goods per income unit,1.0,1.0,1.0,1.0,,19.0,1.0576000000000008,,6.92,True,True,True,,True
mpc_joint_gate,m_H,0.42000000000000004,goods per income unit,m_S,0.22,goods per income unit,1.0,1.0,1.0,1.0,,19.0,1.0576000000000008,,6.92,True,True,True,,True
mpc_joint_gate,m_H,0.42000000000000004,goods per income unit,m_S,0.23,goods per income unit,1.0,1.0,1.0,1.0,,19.0,1.0576000000000008,,6.92,True,True,True,,True
mpc_joint_gate,m_H,0.42000000000000004,goods per income unit,m_S,0.24000000000000002,goods per income unit,1.0,1.0,1.0,1.0,,19.0,1.0576000000000008,,6.92,True,True,True,,True
mpc_joint_gate,m_H,0.42000000000000004,goods per income unit,m_S,0.25,goods per income unit,1.0,1.0,1.0,1.0,,19.0,1.0576000000000008,,6.92,True,True,True,,True
mpc_joint_gate,m_H,0.42000000000000004,goods per income unit,m_S,0.26,goods per income unit,1.0,1.0,1.0,1.0,,19.0,1.0576000000000008,,6.92,True,True,True,,True
mpc_joint_gate,m_H,0.42000000000000004,goods per income unit,m_S,0.27,goods per income unit,1.0,1.0,1.0,1.0,,19.0,1.0576000000000008,,6.92,True,True,True,,True
mpc_joint_gate,m_H,0.42000000000000004,goods per income unit,m_S,0.28,goods per income unit,1.0,1.0,1.0,1.0,,19.0,1.0576000000000008,,6.92,True,True,True,,True
mpc_joint_gate,m_H,0.42000000000000004,goods per income unit,m_S,0.29000000000000004,goods per income unit,1.0,1.0,1.0,1.0,,19.0,1.0576000000000008,,6.92,True,True,True,,True
mpc_joint_gate,m_H,0.42000000000000004,goods per income unit,m_S,0.30000000000000004,goods per income unit,1.0,1.0,1.0,1.0,,19.0,1.0576000000000008,,6.92,True,True,True,,True
mpc_joint_gate,m_H,0.42000000000000004,goods per income unit,m_S,0.31,goods per income unit,1.0,1.0,1.0,1.0,,19.0,1.0576000000000008,,6.92,True,True,True,,True
mpc_joint_gate,m_H,0.42000000000000004,goods per income unit,m_S,0.32,goods per income unit,1.0,1.0,1.0,1.0,,19.0,1.0576000000000008,,6.92,True,True,True,,True
mpc_joint_gate,m_H,0.42000000000000004,goods per income unit,m_S,0.33,goods per income unit,1.0,1.0,1.0,1.0,,19.0,1.0576000000000008,,6.92,True,True,True,,True
mpc_joint_gate,m_H,0.42000000000000004,goods per income unit,m_S,0.33999999999999997,goods per income unit,1.0,1.0,1.0,1.0,,19.0,1.0576000000000008,,6.92,True,True,True,,True
mpc_joint_gate,m_H,0.42000000000000004,goods per income unit,m_S,0.35,goods per income unit,1.0,1.0,1.0,1.0,,19.0,1.0576000000000008,,6.92,True,True,True,,True
mpc_joint_gate,m_H,0.42000000000000004,goods per income unit,m_S,0.36,goods per income unit,1.0,1.0,1.0,1.0,,19.0,1.0576000000000008,,6.92,True,True,True,,True
mpc_joint_gate,m_H,0.42000000000000004,goods per income unit,m_S,0.37,goods per income unit,1.0,1.0,1.0,1.0,,19.0,1.0576000000000008,,6.92,True,True,True,,True
mpc_joint_gate,m_H,0.42000000000000004,goods per income unit,m_S,0.38,goods per income unit,1.0,1.0,1.0,1.0,,19.0,1.0576000000000008,,6.92,True,True,True,,True
mpc_joint_gate,m_H,0.42000000000000004,goods per income unit,m_S,0.39,goods per income unit,1.0,1.0,1.0,1.0,,19.0,1.0576000000000008,,6.92,True,True,True,,True
mpc_joint_gate,m_H,0.42000000000000004,goods per income unit,m_S,0.4,goods per income unit,1.0,1.0,1.0,1.0,,19.0,1.0576000000000008,,6.92,True,True,True,,True
mpc_joint_gate,m_H,0.42000000000000004,goods per income unit,m_S,0.41000000000000003,goods per income unit,1.0,1.0,1.0,1.0,,19.0,1.0576000000000008,,6.92,True,True,True,,True
mpc_joint_gate,m_H,0.43,goods per income unit,m_S,0.1,goods per income unit,1.0,1.0,1.0,1.0,,19.0,0.9704000000000006,,6.92,True,True,True,,True
mpc_joint_gate,m_H,0.43,goods per income unit,m_S,0.11,goods per income unit,1.0,1.0,1.0,1.0,,19.0,0.9704000000000006,,6.92,True,True,True,,True
mpc_joint_gate,m_H,0.43,goods per income unit,m_S,0.12000000000000001,goods per income unit,1.0,1.0,1.0,1.0,,19.0,0.9704000000000006,,6.92,True,True,True,,True
mpc_joint_gate,m_H,0.43,goods per income unit,m_S,0.13,goods per income unit,1.0,1.0,1.0,1.0,,19.0,0.9704000000000006,,6.92,True,True,True,,True
mpc_joint_gate,m_H,0.43,goods per income unit,m_S,0.14,goods per income unit,1.0,1.0,1.0,1.0,,19.0,0.9704000000000006,,6.92,True,True,True,,True
mpc_joint_gate,m_H,0.43,goods per income unit,m_S,0.15000000000000002,goods per income unit,1.0,1.0,1.0,1.0,,19.0,0.9704000000000006,,6.92,True,True,True,,True
mpc_joint_gate,m_H,0.43,goods per income unit,m_S,0.16,goods per income unit,1.0,1.0,1.0,1.0,,19.0,0.9704000000000006,,6.92,True,True,True,,True
mpc_joint_gate,m_H,0.43,goods per income unit,m_S,0.17,goods per income unit,1.0,1.0,1.0,1.0,,19.0,0.9704000000000006,,6.92,True,True,True,,True
mpc_joint_gate,m_H,0.43,goods per income unit,m_S,0.18,goods per income unit,1.0,1.0,1.0,1.0,,19.0,0.9704000000000006,,6.92,True,True,True,,True
mpc_joint_gate,m_H,0.43,goods per income unit,m_S,0.19,goods per income unit,1.0,1.0,1.0,1.0,,19.0,0.9704000000000006,,6.92,True,True,True,,True
mpc_joint_gate,m_H,0.43,goods per income unit,m_S,0.2,goods per income unit,1.0,1.0,1.0,1.0,,19.0,0.9704000000000006,,6.92,True,True,True,,True
mpc_joint_gate,m_H,0.43,goods per income unit,m_S,0.21000000000000002,goods per income unit,1.0,1.0,1.0,1.0,,19.0,0.9704000000000006,,6.92,True,True,True,,True
mpc_joint_gate,m_H,0.43,goods per income unit,m_S,0.22,goods per income unit,1.0,1.0,1.0,1.0,,19.0,0.9704000000000006,,6.92,True,True,True,,True
mpc_joint_gate,m_H,0.43,goods per income unit,m_S,0.23,goods per income unit,1.0,1.0,1.0,1.0,,19.0,0.9704000000000006,,6.92,True,True,True,,True
mpc_joint_gate,m_H,0.43,goods per income unit,m_S,0.24000000000000002,goods per income unit,1.0,1.0,1.0,1.0,,19.0,0.9704000000000006,,6.92,True,True,True,,True
mpc_joint_gate,m_H,0.43,goods per income unit,m_S,0.25,goods per income unit,1.0,1.0,1.0,1.0,,19.0,0.9704000000000006,,6.92,True,True,True,,True
mpc_joint_gate,m_H,0.43,goods per income unit,m_S,0.26,goods per income unit,1.0,1.0,1.0,1.0,,19.0,0.9704000000000006,,6.92,True,True,True,,True
mpc_joint_gate,m_H,0.43,goods per income unit,m_S,0.27,goods per income unit,1.0,1.0,1.0,1.0,,19.0,0.9704000000000006,,6.92,True,True,True,,True
mpc_joint_gate,m_H,0.43,goods per income unit,m_S,0.28,goods per income unit,1.0,1.0,1.0,1.0,,19.0,0.9704000000000006,,6.92,True,True,True,,True
mpc_joint_gate,m_H,0.43,goods per income unit,m_S,0.29000000000000004,goods per income unit,1.0,1.0,1.0,1.0,,19.0,0.9704000000000006,,6.92,True,True,True,,True
mpc_joint_gate,m_H,0.43,goods per income unit,m_S,0.30000000000000004,goods per income unit,1.0,1.0,1.0,1.0,,19.0,0.9704000000000006,,6.92,True,True,True,,True
mpc_joint_gate,m_H,0.43,goods per income unit,m_S,0.31,goods per income unit,1.0,1.0,1.0,1.0,,19.0,0.9704000000000006,,6.92,True,True,True,,True
mpc_joint_gate,m_H,0.43,goods per income unit,m_S,0.32,goods per income unit,1.0,1.0,1.0,1.0,,19.0,0.9704000000000006,,6.92,True,True,True,,True
mpc_joint_gate,m_H,0.43,goods per income unit,m_S,0.33,goods per income unit,1.0,1.0,1.0,1.0,,19.0,0.9704000000000006,,6.92,True,True,True,,True
mpc_joint_gate,m_H,0.43,goods per income unit,m_S,0.33999999999999997,goods per income unit,1.0,1.0,1.0,1.0,,19.0,0.9704000000000006,,6.92,True,True,True,,True
mpc_joint_gate,m_H,0.43,goods per income unit,m_S,0.35,goods per income unit,1.0,1.0,1.0,1.0,,19.0,0.9704000000000006,,6.92,True,True,True,,True
mpc_joint_gate,m_H,0.43,goods per income unit,m_S,0.36,goods per income unit,1.0,1.0,1.0,1.0,,19.0,0.9704000000000006,,6.92,True,True,True,,True
mpc_joint_gate,m_H,0.43,goods per income unit,m_S,0.37,goods per income unit,1.0,1.0,1.0,1.0,,19.0,0.9704000000000006,,6.92,True,True,True,,True
mpc_joint_gate,m_H,0.43,goods per income unit,m_S,0.38,goods per income unit,1.0,1.0,1.0,1.0,,19.0,0.9704000000000006,,6.92,True,True,True,,True
mpc_joint_gate,m_H,0.43,goods per income unit,m_S,0.39,goods per income unit,1.0,1.0,1.0,1.0,,19.0,0.9704000000000006,,6.92,True,True,True,,True
mpc_joint_gate,m_H,0.43,goods per income unit,m_S,0.4,goods per income unit,1.0,1.0,1.0,1.0,,19.0,0.9704000000000006,,6.92,True,True,True,,True
mpc_joint_gate,m_H,0.43,goods per income unit,m_S,0.41000000000000003,goods per income unit,1.0,1.0,1.0,1.0,,19.0,0.9704000000000006,,6.92,True,True,True,,True
mpc_joint_gate,m_H,0.43,goods per income unit,m_S,0.42000000000000004,goods per income unit,1.0,1.0,1.0,1.0,,19.0,0.9704000000000006,,6.92,True,True,True,,True
mpc_joint_gate,m_H,0.44,goods per income unit,m_S,0.1,goods per income unit,1.0,1.0,1.0,1.0,,19.0,0.8831999999999995,,6.92,True,True,True,,True
mpc_joint_gate,m_H,0.44,goods per income unit,m_S,0.11,goods per income unit,1.0,1.0,1.0,1.0,,19.0,0.8831999999999995,,6.92,True,True,True,,True
mpc_joint_gate,m_H,0.44,goods per income unit,m_S,0.12000000000000001,goods per income unit,1.0,1.0,1.0,1.0,,19.0,0.8831999999999995,,6.92,True,True,True,,True
mpc_joint_gate,m_H,0.44,goods per income unit,m_S,0.13,goods per income unit,1.0,1.0,1.0,1.0,,19.0,0.8831999999999995,,6.92,True,True,True,,True
mpc_joint_gate,m_H,0.44,goods per income unit,m_S,0.14,goods per income unit,1.0,1.0,1.0,1.0,,19.0,0.8831999999999995,,6.92,True,True,True,,True
mpc_joint_gate,m_H,0.44,goods per income unit,m_S,0.15000000000000002,goods per income unit,1.0,1.0,1.0,1.0,,19.0,0.8831999999999995,,6.92,True,True,True,,True
mpc_joint_gate,m_H,0.44,goods per income unit,m_S,0.16,goods per income unit,1.0,1.0,1.0,1.0,,19.0,0.8831999999999995,,6.92,True,True,True,,True
mpc_joint_gate,m_H,0.44,goods per income unit,m_S,0.17,goods per income unit,1.0,1.0,1.0,1.0,,19.0,0.8831999999999995,,6.92,True,True,True,,True
mpc_joint_gate,m_H,0.44,goods per income unit,m_S,0.18,goods per income unit,1.0,1.0,1.0,1.0,,19.0,0.8831999999999995,,6.92,True,True,True,,True
mpc_joint_gate,m_H,0.44,goods per income unit,m_S,0.19,goods per income unit,1.0,1.0,1.0,1.0,,19.0,0.8831999999999995,,6.92,True,True,True,,True
mpc_joint_gate,m_H,0.44,goods per income unit,m_S,0.2,goods per income unit,1.0,1.0,1.0,1.0,,19.0,0.8831999999999995,,6.92,True,True,True,,True
mpc_joint_gate,m_H,0.44,goods per income unit,m_S,0.21000000000000002,goods per income unit,1.0,1.0,1.0,1.0,,19.0,0.8831999999999995,,6.92,True,True,True,,True
mpc_joint_gate,m_H,0.44,goods per income unit,m_S,0.22,goods per income unit,1.0,1.0,1.0,1.0,,19.0,0.8831999999999995,,6.92,True,True,True,,True
mpc_joint_gate,m_H,0.44,goods per income unit,m_S,0.23,goods per income unit,1.0,1.0,1.0,1.0,,19.0,0.8831999999999995,,6.92,True,True,True,,True
mpc_joint_gate,m_H,0.44,goods per income unit,m_S,0.24000000000000002,goods per income unit,1.0,1.0,1.0,1.0,,19.0,0.8831999999999995,,6.92,True,True,True,,True
mpc_joint_gate,m_H,0.44,goods per income unit,m_S,0.25,goods per income unit,1.0,1.0,1.0,1.0,,19.0,0.8831999999999995,,6.92,True,True,True,,True
mpc_joint_gate,m_H,0.44,goods per income unit,m_S,0.26,goods per income unit,1.0,1.0,1.0,1.0,,19.0,0.8831999999999995,,6.92,True,True,True,,True
mpc_joint_gate,m_H,0.44,goods per income unit,m_S,0.27,goods per income unit,1.0,1.0,1.0,1.0,,19.0,0.8831999999999995,,6.92,True,True,True,,True
mpc_joint_gate,m_H,0.44,goods per income unit,m_S,0.28,goods per income unit,1.0,1.0,1.0,1.0,,19.0,0.8831999999999995,,6.92,True,True,True,,True
mpc_joint_gate,m_H,0.44,goods per income unit,m_S,0.29000000000000004,goods per income unit,1.0,1.0,1.0,1.0,,19.0,0.8831999999999995,,6.92,True,True,True,,True
mpc_joint_gate,m_H,0.44,goods per income unit,m_S,0.30000000000000004,goods per income unit,1.0,1.0,1.0,1.0,,19.0,0.8831999999999995,,6.92,True,True,True,,True
mpc_joint_gate,m_H,0.44,goods per income unit,m_S,0.31,goods per income unit,1.0,1.0,1.0,1.0,,19.0,0.8831999999999995,,6.92,True,True,True,,True
mpc_joint_gate,m_H,0.44,goods per income unit,m_S,0.32,goods per income unit,1.0,1.0,1.0,1.0,,19.0,0.8831999999999995,,6.92,True,True,True,,True
mpc_joint_gate,m_H,0.44,goods per income unit,m_S,0.33,goods per income unit,1.0,1.0,1.0,1.0,,19.0,0.8831999999999995,,6.92,True,True,True,,True
mpc_joint_gate,m_H,0.44,goods per income unit,m_S,0.33999999999999997,goods per income unit,1.0,1.0,1.0,1.0,,19.0,0.8831999999999995,,6.92,True,True,True,,True
mpc_joint_gate,m_H,0.44,goods per income unit,m_S,0.35,goods per income unit,1.0,1.0,1.0,1.0,,19.0,0.8831999999999995,,6.92,True,True,True,,True
mpc_joint_gate,m_H,0.44,goods per income unit,m_S,0.36,goods per income unit,1.0,1.0,1.0,1.0,,19.0,0.8831999999999995,,6.92,True,True,True,,True
mpc_joint_gate,m_H,0.44,goods per income unit,m_S,0.37,goods per income unit,1.0,1.0,1.0,1.0,,19.0,0.8831999999999995,,6.92,True,True,True,,True
mpc_joint_gate,m_H,0.44,goods per income unit,m_S,0.38,goods per income unit,1.0,1.0,1.0,1.0,,19.0,0.8831999999999995,,6.92,True,True,True,,True
mpc_joint_gate,m_H,0.44,goods per income unit,m_S,0.39,goods per income unit,1.0,1.0,1.0,1.0,,19.0,0.8831999999999995,,6.92,True,True,True,,True
mpc_joint_gate,m_H,0.44,goods per income unit,m_S,0.4,goods per income unit,1.0,1.0,1.0,1.0,,19.0,0.8831999999999995,,6.92,True,True,True,,True
mpc_joint_gate,m_H,0.44,goods per income unit,m_S,0.41000000000000003,goods per income unit,1.0,1.0,1.0,1.0,,19.0,0.8831999999999995,,6.92,True,True,True,,True
mpc_joint_gate,m_H,0.44,goods per income unit,m_S,0.42000000000000004,goods per income unit,1.0,1.0,1.0,1.0,,19.0,0.8831999999999995,,6.92,True,True,True,,True
mpc_joint_gate,m_H,0.44,goods per income unit,m_S,0.43000000000000005,goods per income unit,1.0,1.0,1.0,1.0,,19.0,0.8831999999999995,,6.92,True,True,True,,True
mpc_joint_gate,m_H,0.45,goods per income unit,m_S,0.1,goods per income unit,1.0,1.0,1.0,1.0,,19.0,0.7960000000000003,,6.92,True,True,True,,True
mpc_joint_gate,m_H,0.45,goods per income unit,m_S,0.11,goods per income unit,1.0,1.0,1.0,1.0,,19.0,0.7960000000000003,,6.92,True,True,True,,True
mpc_joint_gate,m_H,0.45,goods per income unit,m_S,0.12000000000000001,goods per income unit,1.0,1.0,1.0,1.0,,19.0,0.7960000000000003,,6.92,True,True,True,,True
mpc_joint_gate,m_H,0.45,goods per income unit,m_S,0.13,goods per income unit,1.0,1.0,1.0,1.0,,19.0,0.7960000000000003,,6.92,True,True,True,,True
mpc_joint_gate,m_H,0.45,goods per income unit,m_S,0.14,goods per income unit,1.0,1.0,1.0,1.0,,19.0,0.7960000000000003,,6.92,True,True,True,,True
mpc_joint_gate,m_H,0.45,goods per income unit,m_S,0.15000000000000002,goods per income unit,1.0,1.0,1.0,1.0,,19.0,0.7960000000000003,,6.92,True,True,True,,True
mpc_joint_gate,m_H,0.45,goods per income unit,m_S,0.16,goods per income unit,1.0,1.0,1.0,1.0,,19.0,0.7960000000000003,,6.92,True,True,True,,True
mpc_joint_gate,m_H,0.45,goods per income unit,m_S,0.17,goods per income unit,1.0,1.0,1.0,1.0,,19.0,0.7960000000000003,,6.92,True,True,True,,True
mpc_joint_gate,m_H,0.45,goods per income unit,m_S,0.18,goods per income unit,1.0,1.0,1.0,1.0,,19.0,0.7960000000000003,,6.92,True,True,True,,True
mpc_joint_gate,m_H,0.45,goods per income unit,m_S,0.19,goods per income unit,1.0,1.0,1.0,1.0,,19.0,0.7960000000000003,,6.92,True,True,True,,True
mpc_joint_gate,m_H,0.45,goods per income unit,m_S,0.2,goods per income unit,1.0,1.0,1.0,1.0,,19.0,0.7960000000000003,,6.92,True,True,True,,True
mpc_joint_gate,m_H,0.45,goods per income unit,m_S,0.21000000000000002,goods per income unit,1.0,1.0,1.0,1.0,,19.0,0.7960000000000003,,6.92,True,True,True,,True
mpc_joint_gate,m_H,0.45,goods per income unit,m_S,0.22,goods per income unit,1.0,1.0,1.0,1.0,,19.0,0.7960000000000003,,6.92,True,True,True,,True
mpc_joint_gate,m_H,0.45,goods per income unit,m_S,0.23,goods per income unit,1.0,1.0,1.0,1.0,,19.0,0.7960000000000003,,6.92,True,True,True,,True
mpc_joint_gate,m_H,0.45,goods per income unit,m_S,0.24000000000000002,goods per income unit,1.0,1.0,1.0,1.0,,19.0,0.7960000000000003,,6.92,True,True,True,,True
mpc_joint_gate,m_H,0.45,goods per income unit,m_S,0.25,goods per income unit,1.0,1.0,1.0,1.0,,19.0,0.7960000000000003,,6.92,True,True,True,,True
mpc_joint_gate,m_H,0.45,goods per income unit,m_S,0.26,goods per income unit,1.0,1.0,1.0,1.0,,19.0,0.7960000000000003,,6.92,True,True,True,,True
mpc_joint_gate,m_H,0.45,goods per income unit,m_S,0.27,goods per income unit,1.0,1.0,1.0,1.0,,19.0,0.7960000000000003,,6.92,True,True,True,,True
mpc_joint_gate,m_H,0.45,goods per income unit,m_S,0.28,goods per income unit,1.0,1.0,1.0,1.0,,19.0,0.7960000000000003,,6.92,True,True,True,,True
mpc_joint_gate,m_H,0.45,goods per income unit,m_S,0.29000000000000004,goods per income unit,1.0,1.0,1.0,1.0,,19.0,0.7960000000000003,,6.92,True,True,True,,True
mpc_joint_gate,m_H,0.45,goods per income unit,m_S,0.30000000000000004,goods per income unit,1.0,1.0,1.0,1.0,,19.0,0.7960000000000003,,6.92,True,True,True,,True
mpc_joint_gate,m_H,0.45,goods per income unit,m_S,0.31,goods per income unit,1.0,1.0,1.0,1.0,,19.0,0.7960000000000003,,6.92,True,True,True,,True
mpc_joint_gate,m_H,0.45,goods per income unit,m_S,0.32,goods per income unit,1.0,1.0,1.0,1.0,,19.0,0.7960000000000003,,6.92,True,True,True,,True
mpc_joint_gate,m_H,0.45,goods per income unit,m_S,0.33,goods per income unit,1.0,1.0,1.0,1.0,,19.0,0.7960000000000003,,6.92,True,True,True,,True
mpc_joint_gate,m_H,0.45,goods per income unit,m_S,0.33999999999999997,goods per income unit,1.0,1.0,1.0,1.0,,19.0,0.7960000000000003,,6.92,True,True,True,,True
mpc_joint_gate,m_H,0.45,goods per income unit,m_S,0.35,goods per income unit,1.0,1.0,1.0,1.0,,19.0,0.7960000000000003,,6.92,True,True,True,,True
mpc_joint_gate,m_H,0.45,goods per income unit,m_S,0.36,goods per income unit,1.0,1.0,1.0,1.0,,19.0,0.7960000000000003,,6.92,True,True,True,,True
mpc_joint_gate,m_H,0.45,goods per income unit,m_S,0.37,goods per income unit,1.0,1.0,1.0,1.0,,19.0,0.7960000000000003,,6.92,True,True,True,,True
mpc_joint_gate,m_H,0.45,goods per income unit,m_S,0.38,goods per income unit,1.0,1.0,1.0,1.0,,19.0,0.7960000000000003,,6.92,True,True,True,,True
mpc_joint_gate,m_H,0.45,goods per income unit,m_S,0.39,goods per income unit,1.0,1.0,1.0,1.0,,19.0,0.7960000000000003,,6.92,True,True,True,,True
mpc_joint_gate,m_H,0.45,goods per income unit,m_S,0.4,goods per income unit,1.0,1.0,1.0,1.0,,19.0,0.7960000000000003,,6.92,True,True,True,,True
mpc_joint_gate,m_H,0.45,goods per income unit,m_S,0.41000000000000003,goods per income unit,1.0,1.0,1.0,1.0,,19.0,0.7960000000000003,,6.92,True,True,True,,True
mpc_joint_gate,m_H,0.45,goods per income unit,m_S,0.42000000000000004,goods per income unit,1.0,1.0,1.0,1.0,,19.0,0.7960000000000003,,6.92,True,True,True,,True
mpc_joint_gate,m_H,0.45,goods per income unit,m_S,0.43000000000000005,goods per income unit,1.0,1.0,1.0,1.0,,19.0,0.7960000000000003,,6.92,True,True,True,,True
mpc_joint_gate,m_H,0.45,goods per income unit,m_S,0.44000000000000006,goods per income unit,1.0,1.0,1.0,1.0,,19.0,0.7960000000000003,,6.92,True,True,True,,True
mpc_joint_gate,m_H,0.46,goods per income unit,m_S,0.1,goods per income unit,1.0,1.0,1.0,1.0,,19.0,0.7087999999999992,,6.92,True,True,True,,True
mpc_joint_gate,m_H,0.46,goods per income unit,m_S,0.11,goods per income unit,1.0,1.0,1.0,1.0,,19.0,0.7087999999999992,,6.92,True,True,True,,True
mpc_joint_gate,m_H,0.46,goods per income unit,m_S,0.12000000000000001,goods per income unit,1.0,1.0,1.0,1.0,,19.0,0.7087999999999992,,6.92,True,True,True,,True
mpc_joint_gate,m_H,0.46,goods per income unit,m_S,0.13,goods per income unit,1.0,1.0,1.0,1.0,,19.0,0.7087999999999992,,6.92,True,True,True,,True
mpc_joint_gate,m_H,0.46,goods per income unit,m_S,0.14,goods per income unit,1.0,1.0,1.0,1.0,,19.0,0.7087999999999992,,6.92,True,True,True,,True
mpc_joint_gate,m_H,0.46,goods per income unit,m_S,0.15000000000000002,goods per income unit,1.0,1.0,1.0,1.0,,19.0,0.7087999999999992,,6.92,True,True,True,,True
mpc_joint_gate,m_H,0.46,goods per income unit,m_S,0.16,goods per income unit,1.0,1.0,1.0,1.0,,19.0,0.7087999999999992,,6.92,True,True,True,,True
mpc_joint_gate,m_H,0.46,goods per income unit,m_S,0.17,goods per income unit,1.0,1.0,1.0,1.0,,19.0,0.7087999999999992,,6.92,True,True,True,,True
mpc_joint_gate,m_H,0.46,goods per income unit,m_S,0.18,goods per income unit,1.0,1.0,1.0,1.0,,19.0,0.7087999999999992,,6.92,True,True,True,,True
mpc_joint_gate,m_H,0.46,goods per income unit,m_S,0.19,goods per income unit,1.0,1.0,1.0,1.0,,19.0,0.7087999999999992,,6.92,True,True,True,,True
mpc_joint_gate,m_H,0.46,goods per income unit,m_S,0.2,goods per income unit,1.0,1.0,1.0,1.0,,19.0,0.7087999999999992,,6.92,True,True,True,,True
mpc_joint_gate,m_H,0.46,goods per income unit,m_S,0.21000000000000002,goods per income unit,1.0,1.0,1.0,1.0,,19.0,0.7087999999999992,,6.92,True,True,True,,True
mpc_joint_gate,m_H,0.46,goods per income unit,m_S,0.22,goods per income unit,1.0,1.0,1.0,1.0,,19.0,0.7087999999999992,,6.92,True,True,True,,True
mpc_joint_gate,m_H,0.46,goods per income unit,m_S,0.23,goods per income unit,1.0,1.0,1.0,1.0,,19.0,0.7087999999999992,,6.92,True,True,True,,True
mpc_joint_gate,m_H,0.46,goods per income unit,m_S,0.24000000000000002,goods per income unit,1.0,1.0,1.0,1.0,,19.0,0.7087999999999992,,6.92,True,True,True,,True
mpc_joint_gate,m_H,0.46,goods per income unit,m_S,0.25,goods per income unit,1.0,1.0,1.0,1.0,,19.0,0.7087999999999992,,6.92,True,True,True,,True
mpc_joint_gate,m_H,0.46,goods per income unit,m_S,0.26,goods per income unit,1.0,1.0,1.0,1.0,,19.0,0.7087999999999992,,6.92,True,True,True,,True
mpc_joint_gate,m_H,0.46,goods per income unit,m_S,0.27,goods per income unit,1.0,1.0,1.0,1.0,,19.0,0.7087999999999992,,6.92,True,True,True,,True
mpc_joint_gate,m_H,0.46,goods per income unit,m_S,0.28,goods per income unit,1.0,1.0,1.0,1.0,,19.0,0.7087999999999992,,6.92,True,True,True,,True
mpc_joint_gate,m_H,0.46,goods per income unit,m_S,0.29000000000000004,goods per income unit,1.0,1.0,1.0,1.0,,19.0,0.7087999999999992,,6.92,True,True,True,,True
mpc_joint_gate,m_H,0.46,goods per income unit,m_S,0.30000000000000004,goods per income unit,1.0,1.0,1.0,1.0,,19.0,0.7087999999999992,,6.92,True,True,True,,True
mpc_joint_gate,m_H,0.46,goods per income unit,m_S,0.31,goods per income unit,1.0,1.0,1.0,1.0,,19.0,0.7087999999999992,,6.92,True,True,True,,True
mpc_joint_gate,m_H,0.46,goods per income unit,m_S,0.32,goods per income unit,1.0,1.0,1.0,1.0,,19.0,0.7087999999999992,,6.92,True,True,True,,True
mpc_joint_gate,m_H,0.46,goods per income unit,m_S,0.33,goods per income unit,1.0,1.0,1.0,1.0,,19.0,0.7087999999999992,,6.92,True,True,True,,True
mpc_joint_gate,m_H,0.46,goods per income unit,m_S,0.33999999999999997,goods per income unit,1.0,1.0,1.0,1.0,,19.0,0.7087999999999992,,6.92,True,True,True,,True
mpc_joint_gate,m_H,0.46,goods per income unit,m_S,0.35,goods per income unit,1.0,1.0,1.0,1.0,,19.0,0.7087999999999992,,6.92,True,True,True,,True
mpc_joint_gate,m_H,0.46,goods per income unit,m_S,0.36,goods per income unit,1.0,1.0,1.0,1.0,,19.0,0.7087999999999992,,6.92,True,True,True,,True
mpc_joint_gate,m_H,0.46,goods per income unit,m_S,0.37,goods per income unit,1.0,1.0,1.0,1.0,,19.0,0.7087999999999992,,6.92,True,True,True,,True
mpc_joint_gate,m_H,0.46,goods per income unit,m_S,0.38,goods per income unit,1.0,1.0,1.0,1.0,,19.0,0.7087999999999992,,6.92,True,True,True,,True
mpc_joint_gate,m_H,0.46,goods per income unit,m_S,0.39,goods per income unit,1.0,1.0,1.0,1.0,,19.0,0.7087999999999992,,6.92,True,True,True,,True
mpc_joint_gate,m_H,0.46,goods per income unit,m_S,0.4,goods per income unit,1.0,1.0,1.0,1.0,,19.0,0.7087999999999992,,6.92,True,True,True,,True
mpc_joint_gate,m_H,0.46,goods per income unit,m_S,0.41000000000000003,goods per income unit,1.0,1.0,1.0,1.0,,19.0,0.7087999999999992,,6.92,True,True,True,,True
mpc_joint_gate,m_H,0.46,goods per income unit,m_S,0.42000000000000004,goods per income unit,1.0,1.0,1.0,1.0,,19.0,0.7087999999999992,,6.92,True,True,True,,True
mpc_joint_gate,m_H,0.46,goods per income unit,m_S,0.43000000000000005,goods per income unit,1.0,1.0,1.0,1.0,,19.0,0.7087999999999992,,6.92,True,True,True,,True
mpc_joint_gate,m_H,0.46,goods per income unit,m_S,0.44000000000000006,goods per income unit,1.0,1.0,1.0,1.0,,19.0,0.7087999999999992,,6.92,True,True,True,,True
mpc_joint_gate,m_H,0.46,goods per income unit,m_S,0.45000000000000007,goods per income unit,1.0,1.0,1.0,1.0,,19.0,0.7087999999999992,,6.92,True,True,True,,True
mpc_joint_gate,m_H,0.46,goods per income unit,m_S,0.45999999999999996,goods per income unit,1.0,1.0,1.0,1.0,,19.0,0.7087999999999992,,6.92,True,True,True,,True
mpc_joint_gate,m_H,0.47000000000000003,goods per income unit,m_S,0.1,goods per income unit,1.0,1.0,1.0,1.0,,19.0,0.6215999999999999,,6.92,True,True,True,,True
mpc_joint_gate,m_H,0.47000000000000003,goods per income unit,m_S,0.11,goods per income unit,1.0,1.0,1.0,1.0,,19.0,0.6215999999999999,,6.92,True,True,True,,True
mpc_joint_gate,m_H,0.47000000000000003,goods per income unit,m_S,0.12000000000000001,goods per income unit,1.0,1.0,1.0,1.0,,19.0,0.6215999999999999,,6.92,True,True,True,,True
mpc_joint_gate,m_H,0.47000000000000003,goods per income unit,m_S,0.13,goods per income unit,1.0,1.0,1.0,1.0,,19.0,0.6215999999999999,,6.92,True,True,True,,True
mpc_joint_gate,m_H,0.47000000000000003,goods per income unit,m_S,0.14,goods per income unit,1.0,1.0,1.0,1.0,,19.0,0.6215999999999999,,6.92,True,True,True,,True
mpc_joint_gate,m_H,0.47000000000000003,goods per income unit,m_S,0.15000000000000002,goods per income unit,1.0,1.0,1.0,1.0,,19.0,0.6215999999999999,,6.92,True,True,True,,True
mpc_joint_gate,m_H,0.47000000000000003,goods per income unit,m_S,0.16,goods per income unit,1.0,1.0,1.0,1.0,,19.0,0.6215999999999999,,6.92,True,True,True,,True
mpc_joint_gate,m_H,0.47000000000000003,goods per income unit,m_S,0.17,goods per income unit,1.0,1.0,1.0,1.0,,19.0,0.6215999999999999,,6.92,True,True,True,,True
mpc_joint_gate,m_H,0.47000000000000003,goods per income unit,m_S,0.18,goods per income unit,1.0,1.0,1.0,1.0,,19.0,0.6215999999999999,,6.92,True,True,True,,True
mpc_joint_gate,m_H,0.47000000000000003,goods per income unit,m_S,0.19,goods per income unit,1.0,1.0,1.0,1.0,,19.0,0.6215999999999999,,6.92,True,True,True,,True
mpc_joint_gate,m_H,0.47000000000000003,goods per income unit,m_S,0.2,goods per income unit,1.0,1.0,1.0,1.0,,19.0,0.6215999999999999,,6.92,True,True,True,,True
mpc_joint_gate,m_H,0.47000000000000003,goods per income unit,m_S,0.21000000000000002,goods per income unit,1.0,1.0,1.0,1.0,,19.0,0.6215999999999999,,6.92,True,True,True,,True
mpc_joint_gate,m_H,0.47000000000000003,goods per income unit,m_S,0.22,goods per income unit,1.0,1.0,1.0,1.0,,19.0,0.6215999999999999,,6.92,True,True,True,,True
mpc_joint_gate,m_H,0.47000000000000003,goods per income unit,m_S,0.23,goods per income unit,1.0,1.0,1.0,1.0,,19.0,0.6215999999999999,,6.92,True,True,True,,True
mpc_joint_gate,m_H,0.47000000000000003,goods per income unit,m_S,0.24000000000000002,goods per income unit,1.0,1.0,1.0,1.0,,19.0,0.6215999999999999,,6.92,True,True,True,,True
mpc_joint_gate,m_H,0.47000000000000003,goods per income unit,m_S,0.25,goods per income unit,1.0,1.0,1.0,1.0,,19.0,0.6215999999999999,,6.92,True,True,True,,True
mpc_joint_gate,m_H,0.47000000000000003,goods per income unit,m_S,0.26,goods per income unit,1.0,1.0,1.0,1.0,,19.0,0.6215999999999999,,6.92,True,True,True,,True
mpc_joint_gate,m_H,0.47000000000000003,goods per income unit,m_S,0.27,goods per income unit,1.0,1.0,1.0,1.0,,19.0,0.6215999999999999,,6.92,True,True,True,,True
mpc_joint_gate,m_H,0.47000000000000003,goods per income unit,m_S,0.28,goods per income unit,1.0,1.0,1.0,1.0,,19.0,0.6215999999999999,,6.92,True,True,True,,True
mpc_joint_gate,m_H,0.47000000000000003,goods per income unit,m_S,0.29000000000000004,goods per income unit,1.0,1.0,1.0,1.0,,19.0,0.6215999999999999,,6.92,True,True,True,,True
mpc_joint_gate,m_H,0.47000000000000003,goods per income unit,m_S,0.30000000000000004,goods per income unit,1.0,1.0,1.0,1.0,,19.0,0.6215999999999999,,6.92,True,True,True,,True
mpc_joint_gate,m_H,0.47000000000000003,goods per income unit,m_S,0.31,goods per income unit,1.0,1.0,1.0,1.0,,19.0,0.6215999999999999,,6.92,True,True,True,,True
mpc_joint_gate,m_H,0.47000000000000003,goods per income unit,m_S,0.32,goods per income unit,1.0,1.0,1.0,1.0,,19.0,0.6215999999999999,,6.92,True,True,True,,True
mpc_joint_gate,m_H,0.47000000000000003,goods per income unit,m_S,0.33,goods per income unit,1.0,1.0,1.0,1.0,,19.0,0.6215999999999999,,6.92,True,True,True,,True
mpc_joint_gate,m_H,0.47000000000000003,goods per income unit,m_S,0.33999999999999997,goods per income unit,1.0,1.0,1.0,1.0,,19.0,0.6215999999999999,,6.92,True,True,True,,True
mpc_joint_gate,m_H,0.47000000000000003,goods per income unit,m_S,0.35,goods per income unit,1.0,1.0,1.0,1.0,,19.0,0.6215999999999999,,6.92,True,True,True,,True
mpc_joint_gate,m_H,0.47000000000000003,goods per income unit,m_S,0.36,goods per income unit,1.0,1.0,1.0,1.0,,19.0,0.6215999999999999,,6.92,True,True,True,,True
mpc_joint_gate,m_H,0.47000000000000003,goods per income unit,m_S,0.37,goods per income unit,1.0,1.0,1.0,1.0,,19.0,0.6215999999999999,,6.92,True,True,True,,True
mpc_joint_gate,m_H,0.47000000000000003,goods per income unit,m_S,0.38,goods per income unit,1.0,1.0,1.0,1.0,,19.0,0.6215999999999999,,6.92,True,True,True,,True
mpc_joint_gate,m_H,0.47000000000000003,goods per income unit,m_S,0.39,goods per income unit,1.0,1.0,1.0,1.0,,19.0,0.6215999999999999,,6.92,True,True,True,,True
mpc_joint_gate,m_H,0.47000000000000003,goods per income unit,m_S,0.4,goods per income unit,1.0,1.0,1.0,1.0,,19.0,0.6215999999999999,,6.92,True,True,True,,True
mpc_joint_gate,m_H,0.47000000000000003,goods per income unit,m_S,0.41000000000000003,goods per income unit,1.0,1.0,1.0,1.0,,19.0,0.6215999999999999,,6.92,True,True,True,,True
mpc_joint_gate,m_H,0.47000000000000003,goods per income unit,m_S,0.42000000000000004,goods per income unit,1.0,1.0,1.0,1.0,,19.0,0.6215999999999999,,6.92,True,True,True,,True
mpc_joint_gate,m_H,0.47000000000000003,goods per income unit,m_S,0.43000000000000005,goods per income unit,1.0,1.0,1.0,1.0,,19.0,0.6215999999999999,,6.92,True,True,True,,True
mpc_joint_gate,m_H,0.47000000000000003,goods per income unit,m_S,0.44000000000000006,goods per income unit,1.0,1.0,1.0,1.0,,19.0,0.6215999999999999,,6.92,True,True,True,,True
mpc_joint_gate,m_H,0.47000000000000003,goods per income unit,m_S,0.45000000000000007,goods per income unit,1.0,1.0,1.0,1.0,,19.0,0.6215999999999999,,6.92,True,True,True,,True
mpc_joint_gate,m_H,0.47000000000000003,goods per income unit,m_S,0.45999999999999996,goods per income unit,1.0,1.0,1.0,1.0,,19.0,0.6215999999999999,,6.92,True,True,True,,True
mpc_joint_gate,m_H,0.47000000000000003,goods per income unit,m_S,0.47,goods per income unit,1.0,1.0,1.0,1.0,,19.0,0.6215999999999999,,6.92,True,True,True,,True
mpc_joint_gate,m_H,0.48,goods per income unit,m_S,0.1,goods per income unit,1.0,1.0,1.0,1.0,,19.0,0.5344000000000007,,6.92,True,True,True,,True
mpc_joint_gate,m_H,0.48,goods per income unit,m_S,0.11,goods per income unit,1.0,1.0,1.0,1.0,,19.0,0.5344000000000007,,6.92,True,True,True,,True
mpc_joint_gate,m_H,0.48,goods per income unit,m_S,0.12000000000000001,goods per income unit,1.0,1.0,1.0,1.0,,19.0,0.5344000000000007,,6.92,True,True,True,,True
mpc_joint_gate,m_H,0.48,goods per income unit,m_S,0.13,goods per income unit,1.0,1.0,1.0,1.0,,19.0,0.5344000000000007,,6.92,True,True,True,,True
mpc_joint_gate,m_H,0.48,goods per income unit,m_S,0.14,goods per income unit,1.0,1.0,1.0,1.0,,19.0,0.5344000000000007,,6.92,True,True,True,,True
mpc_joint_gate,m_H,0.48,goods per income unit,m_S,0.15000000000000002,goods per income unit,1.0,1.0,1.0,1.0,,19.0,0.5344000000000007,,6.92,True,True,True,,True
mpc_joint_gate,m_H,0.48,goods per income unit,m_S,0.16,goods per income unit,1.0,1.0,1.0,1.0,,19.0,0.5344000000000007,,6.92,True,True,True,,True
mpc_joint_gate,m_H,0.48,goods per income unit,m_S,0.17,goods per income unit,1.0,1.0,1.0,1.0,,19.0,0.5344000000000007,,6.92,True,True,True,,True
mpc_joint_gate,m_H,0.48,goods per income unit,m_S,0.18,goods per income unit,1.0,1.0,1.0,1.0,,19.0,0.5344000000000007,,6.92,True,True,True,,True
mpc_joint_gate,m_H,0.48,goods per income unit,m_S,0.19,goods per income unit,1.0,1.0,1.0,1.0,,19.0,0.5344000000000007,,6.92,True,True,True,,True
mpc_joint_gate,m_H,0.48,goods per income unit,m_S,0.2,goods per income unit,1.0,1.0,1.0,1.0,,19.0,0.5344000000000007,,6.92,True,True,True,,True
mpc_joint_gate,m_H,0.48,goods per income unit,m_S,0.21000000000000002,goods per income unit,1.0,1.0,1.0,1.0,,19.0,0.5344000000000007,,6.92,True,True,True,,True
mpc_joint_gate,m_H,0.48,goods per income unit,m_S,0.22,goods per income unit,1.0,1.0,1.0,1.0,,19.0,0.5344000000000007,,6.92,True,True,True,,True
mpc_joint_gate,m_H,0.48,goods per income unit,m_S,0.23,goods per income unit,1.0,1.0,1.0,1.0,,19.0,0.5344000000000007,,6.92,True,True,True,,True
mpc_joint_gate,m_H,0.48,goods per income unit,m_S,0.24000000000000002,goods per income unit,1.0,1.0,1.0,1.0,,19.0,0.5344000000000007,,6.92,True,True,True,,True
mpc_joint_gate,m_H,0.48,goods per income unit,m_S,0.25,goods per income unit,1.0,1.0,1.0,1.0,,19.0,0.5344000000000007,,6.92,True,True,True,,True
mpc_joint_gate,m_H,0.48,goods per income unit,m_S,0.26,goods per income unit,1.0,1.0,1.0,1.0,,19.0,0.5344000000000007,,6.92,True,True,True,,True
mpc_joint_gate,m_H,0.48,goods per income unit,m_S,0.27,goods per income unit,1.0,1.0,1.0,1.0,,19.0,0.5344000000000007,,6.92,True,True,True,,True
mpc_joint_gate,m_H,0.48,goods per income unit,m_S,0.28,goods per income unit,1.0,1.0,1.0,1.0,,19.0,0.5344000000000007,,6.92,True,True,True,,True
mpc_joint_gate,m_H,0.48,goods per income unit,m_S,0.29000000000000004,goods per income unit,1.0,1.0,1.0,1.0,,19.0,0.5344000000000007,,6.92,True,True,True,,True
mpc_joint_gate,m_H,0.48,goods per income unit,m_S,0.30000000000000004,goods per income unit,1.0,1.0,1.0,1.0,,19.0,0.5344000000000007,,6.92,True,True,True,,True
mpc_joint_gate,m_H,0.48,goods per income unit,m_S,0.31,goods per income unit,1.0,1.0,1.0,1.0,,19.0,0.5344000000000007,,6.92,True,True,True,,True
mpc_joint_gate,m_H,0.48,goods per income unit,m_S,0.32,goods per income unit,1.0,1.0,1.0,1.0,,19.0,0.5344000000000007,,6.92,True,True,True,,True
mpc_joint_gate,m_H,0.48,goods per income unit,m_S,0.33,goods per income unit,1.0,1.0,1.0,1.0,,19.0,0.5344000000000007,,6.92,True,True,True,,True
mpc_joint_gate,m_H,0.48,goods per income unit,m_S,0.33999999999999997,goods per income unit,1.0,1.0,1.0,1.0,,19.0,0.5344000000000007,,6.92,True,True,True,,True
mpc_joint_gate,m_H,0.48,goods per income unit,m_S,0.35,goods per income unit,1.0,1.0,1.0,1.0,,19.0,0.5344000000000007,,6.92,True,True,True,,True
mpc_joint_gate,m_H,0.48,goods per income unit,m_S,0.36,goods per income unit,1.0,1.0,1.0,1.0,,19.0,0.5344000000000007,,6.92,True,True,True,,True
mpc_joint_gate,m_H,0.48,goods per income unit,m_S,0.37,goods per income unit,1.0,1.0,1.0,1.0,,19.0,0.5344000000000007,,6.92,True,True,True,,True
mpc_joint_gate,m_H,0.48,goods per income unit,m_S,0.38,goods per income unit,1.0,1.0,1.0,1.0,,19.0,0.5344000000000007,,6.92,True,True,True,,True
mpc_joint_gate,m_H,0.48,goods per income unit,m_S,0.39,goods per income unit,1.0,1.0,1.0,1.0,,19.0,0.5344000000000007,,6.92,True,True,True,,True
mpc_joint_gate,m_H,0.48,goods per income unit,m_S,0.4,goods per income unit,1.0,1.0,1.0,1.0,,19.0,0.5344000000000007,,6.92,True,True,True,,True
mpc_joint_gate,m_H,0.48,goods per income unit,m_S,0.41000000000000003,goods per income unit,1.0,1.0,1.0,1.0,,19.0,0.5344000000000007,,6.92,True,True,True,,True
mpc_joint_gate,m_H,0.48,goods per income unit,m_S,0.42000000000000004,goods per income unit,1.0,1.0,1.0,1.0,,19.0,0.5344000000000007,,6.92,True,True,True,,True
mpc_joint_gate,m_H,0.48,goods per income unit,m_S,0.43000000000000005,goods per income unit,1.0,1.0,1.0,1.0,,19.0,0.5344000000000007,,6.92,True,True,True,,True
mpc_joint_gate,m_H,0.48,goods per income unit,m_S,0.44000000000000006,goods per income unit,1.0,1.0,1.0,1.0,,19.0,0.5344000000000007,,6.92,True,True,True,,True
mpc_joint_gate,m_H,0.48,goods per income unit,m_S,0.45000000000000007,goods per income unit,1.0,1.0,1.0,1.0,,19.0,0.5344000000000007,,6.92,True,True,True,,True
mpc_joint_gate,m_H,0.48,goods per income unit,m_S,0.45999999999999996,goods per income unit,1.0,1.0,1.0,1.0,,19.0,0.5344000000000007,,6.92,True,True,True,,True
mpc_joint_gate,m_H,0.48,goods per income unit,m_S,0.47,goods per income unit,1.0,1.0,1.0,1.0,,19.0,0.5344000000000007,,6.92,True,True,True,,True
mpc_joint_gate,m_H,0.49,goods per income unit,m_S,0.1,goods per income unit,1.0,1.0,1.0,1.0,,19.0,0.4471999999999996,,6.92,True,True,True,,True
mpc_joint_gate,m_H,0.49,goods per income unit,m_S,0.11,goods per income unit,1.0,1.0,1.0,1.0,,19.0,0.4471999999999996,,6.92,True,True,True,,True
mpc_joint_gate,m_H,0.49,goods per income unit,m_S,0.12000000000000001,goods per income unit,1.0,1.0,1.0,1.0,,19.0,0.4471999999999996,,6.92,True,True,True,,True
mpc_joint_gate,m_H,0.49,goods per income unit,m_S,0.13,goods per income unit,1.0,1.0,1.0,1.0,,19.0,0.4471999999999996,,6.92,True,True,True,,True
mpc_joint_gate,m_H,0.49,goods per income unit,m_S,0.14,goods per income unit,1.0,1.0,1.0,1.0,,19.0,0.4471999999999996,,6.92,True,True,True,,True
mpc_joint_gate,m_H,0.49,goods per income unit,m_S,0.15000000000000002,goods per income unit,1.0,1.0,1.0,1.0,,19.0,0.4471999999999996,,6.92,True,True,True,,True
mpc_joint_gate,m_H,0.49,goods per income unit,m_S,0.16,goods per income unit,1.0,1.0,1.0,1.0,,19.0,0.4471999999999996,,6.92,True,True,True,,True
mpc_joint_gate,m_H,0.49,goods per income unit,m_S,0.17,goods per income unit,1.0,1.0,1.0,1.0,,19.0,0.4471999999999996,,6.92,True,True,True,,True
mpc_joint_gate,m_H,0.49,goods per income unit,m_S,0.18,goods per income unit,1.0,1.0,1.0,1.0,,19.0,0.4471999999999996,,6.92,True,True,True,,True
mpc_joint_gate,m_H,0.49,goods per income unit,m_S,0.19,goods per income unit,1.0,1.0,1.0,1.0,,19.0,0.4471999999999996,,6.92,True,True,True,,True
mpc_joint_gate,m_H,0.49,goods per income unit,m_S,0.2,goods per income unit,1.0,1.0,1.0,1.0,,19.0,0.4471999999999996,,6.92,True,True,True,,True
mpc_joint_gate,m_H,0.49,goods per income unit,m_S,0.21000000000000002,goods per income unit,1.0,1.0,1.0,1.0,,19.0,0.4471999999999996,,6.92,True,True,True,,True
mpc_joint_gate,m_H,0.49,goods per income unit,m_S,0.22,goods per income unit,1.0,1.0,1.0,1.0,,19.0,0.4471999999999996,,6.92,True,True,True,,True
mpc_joint_gate,m_H,0.49,goods per income unit,m_S,0.23,goods per income unit,1.0,1.0,1.0,1.0,,19.0,0.4471999999999996,,6.92,True,True,True,,True
mpc_joint_gate,m_H,0.49,goods per income unit,m_S,0.24000000000000002,goods per income unit,1.0,1.0,1.0,1.0,,19.0,0.4471999999999996,,6.92,True,True,True,,True
mpc_joint_gate,m_H,0.49,goods per income unit,m_S,0.25,goods per income unit,1.0,1.0,1.0,1.0,,19.0,0.4471999999999996,,6.92,True,True,True,,True
mpc_joint_gate,m_H,0.49,goods per income unit,m_S,0.26,goods per income unit,1.0,1.0,1.0,1.0,,19.0,0.4471999999999996,,6.92,True,True,True,,True
mpc_joint_gate,m_H,0.49,goods per income unit,m_S,0.27,goods per income unit,1.0,1.0,1.0,1.0,,19.0,0.4471999999999996,,6.92,True,True,True,,True
mpc_joint_gate,m_H,0.49,goods per income unit,m_S,0.28,goods per income unit,1.0,1.0,1.0,1.0,,19.0,0.4471999999999996,,6.92,True,True,True,,True
mpc_joint_gate,m_H,0.49,goods per income unit,m_S,0.29000000000000004,goods per income unit,1.0,1.0,1.0,1.0,,19.0,0.4471999999999996,,6.92,True,True,True,,True
mpc_joint_gate,m_H,0.49,goods per income unit,m_S,0.30000000000000004,goods per income unit,1.0,1.0,1.0,1.0,,19.0,0.4471999999999996,,6.92,True,True,True,,True
mpc_joint_gate,m_H,0.49,goods per income unit,m_S,0.31,goods per income unit,1.0,1.0,1.0,1.0,,19.0,0.4471999999999996,,6.92,True,True,True,,True
mpc_joint_gate,m_H,0.49,goods per income unit,m_S,0.32,goods per income unit,1.0,1.0,1.0,1.0,,19.0,0.4471999999999996,,6.92,True,True,True,,True
mpc_joint_gate,m_H,0.49,goods per income unit,m_S,0.33,goods per income unit,1.0,1.0,1.0,1.0,,19.0,0.4471999999999996,,6.92,True,True,True,,True
mpc_joint_gate,m_H,0.49,goods per income unit,m_S,0.33999999999999997,goods per income unit,1.0,1.0,1.0,1.0,,19.0,0.4471999999999996,,6.92,True,True,True,,True
mpc_joint_gate,m_H,0.49,goods per income unit,m_S,0.35,goods per income unit,1.0,1.0,1.0,1.0,,19.0,0.4471999999999996,,6.92,True,True,True,,True
mpc_joint_gate,m_H,0.49,goods per income unit,m_S,0.36,goods per income unit,1.0,1.0,1.0,1.0,,19.0,0.4471999999999996,,6.92,True,True,True,,True
mpc_joint_gate,m_H,0.49,goods per income unit,m_S,0.37,goods per income unit,1.0,1.0,1.0,1.0,,19.0,0.4471999999999996,,6.92,True,True,True,,True
mpc_joint_gate,m_H,0.49,goods per income unit,m_S,0.38,goods per income unit,1.0,1.0,1.0,1.0,,19.0,0.4471999999999996,,6.92,True,True,True,,True
mpc_joint_gate,m_H,0.49,goods per income unit,m_S,0.39,goods per income unit,1.0,1.0,1.0,1.0,,19.0,0.4471999999999996,,6.92,True,True,True,,True
mpc_joint_gate,m_H,0.49,goods per income unit,m_S,0.4,goods per income unit,1.0,1.0,1.0,1.0,,19.0,0.4471999999999996,,6.92,True,True,True,,True
mpc_joint_gate,m_H,0.49,goods per income unit,m_S,0.41000000000000003,goods per income unit,1.0,1.0,1.0,1.0,,19.0,0.4471999999999996,,6.92,True,True,True,,True
mpc_joint_gate,m_H,0.49,goods per income unit,m_S,0.42000000000000004,goods per income unit,1.0,1.0,1.0,1.0,,19.0,0.4471999999999996,,6.92,True,True,True,,True
mpc_joint_gate,m_H,0.49,goods per income unit,m_S,0.43000000000000005,goods per income unit,1.0,1.0,1.0,1.0,,19.0,0.4471999999999996,,6.92,True,True,True,,True
mpc_joint_gate,m_H,0.49,goods per income unit,m_S,0.44000000000000006,goods per income unit,1.0,1.0,1.0,1.0,,19.0,0.4471999999999996,,6.92,True,True,True,,True
mpc_joint_gate,m_H,0.49,goods per income unit,m_S,0.45000000000000007,goods per income unit,1.0,1.0,1.0,1.0,,19.0,0.4471999999999996,,6.92,True,True,True,,True
mpc_joint_gate,m_H,0.49,goods per income unit,m_S,0.45999999999999996,goods per income unit,1.0,1.0,1.0,1.0,,19.0,0.4471999999999996,,6.92,True,True,True,,True
mpc_joint_gate,m_H,0.49,goods per income unit,m_S,0.47,goods per income unit,1.0,1.0,1.0,1.0,,19.0,0.4471999999999996,,6.92,True,True,True,,True
mpc_joint_gate,m_H,0.49,goods per income unit,m_S,0.48,goods per income unit,1.0,1.0,1.0,1.0,,19.0,0.4471999999999996,,6.92,True,True,True,,True
mpc_joint_gate,m_H,0.5,goods per income unit,m_S,0.1,goods per income unit,1.0,1.0,1.0,1.0,,19.0,0.3600000000000003,,6.92,True,True,True,,True
mpc_joint_gate,m_H,0.5,goods per income unit,m_S,0.11,goods per income unit,1.0,1.0,1.0,1.0,,19.0,0.3600000000000003,,6.92,True,True,True,,True
mpc_joint_gate,m_H,0.5,goods per income unit,m_S,0.12000000000000001,goods per income unit,1.0,1.0,1.0,1.0,,19.0,0.3600000000000003,,6.92,True,True,True,,True
mpc_joint_gate,m_H,0.5,goods per income unit,m_S,0.13,goods per income unit,1.0,1.0,1.0,1.0,,19.0,0.3600000000000003,,6.92,True,True,True,,True
mpc_joint_gate,m_H,0.5,goods per income unit,m_S,0.14,goods per income unit,1.0,1.0,1.0,1.0,,19.0,0.3600000000000003,,6.92,True,True,True,,True
mpc_joint_gate,m_H,0.5,goods per income unit,m_S,0.15000000000000002,goods per income unit,1.0,1.0,1.0,1.0,,19.0,0.3600000000000003,,6.92,True,True,True,,True
mpc_joint_gate,m_H,0.5,goods per income unit,m_S,0.16,goods per income unit,1.0,1.0,1.0,1.0,,19.0,0.3600000000000003,,6.92,True,True,True,,True
mpc_joint_gate,m_H,0.5,goods per income unit,m_S,0.17,goods per income unit,1.0,1.0,1.0,1.0,,19.0,0.3600000000000003,,6.92,True,True,True,,True
mpc_joint_gate,m_H,0.5,goods per income unit,m_S,0.18,goods per income unit,1.0,1.0,1.0,1.0,,19.0,0.3600000000000003,,6.92,True,True,True,,True
mpc_joint_gate,m_H,0.5,goods per income unit,m_S,0.19,goods per income unit,1.0,1.0,1.0,1.0,,19.0,0.3600000000000003,,6.92,True,True,True,,True
mpc_joint_gate,m_H,0.5,goods per income unit,m_S,0.2,goods per income unit,1.0,1.0,1.0,1.0,,19.0,0.3600000000000003,,6.92,True,True,True,,True
mpc_joint_gate,m_H,0.5,goods per income unit,m_S,0.21000000000000002,goods per income unit,1.0,1.0,1.0,1.0,,19.0,0.3600000000000003,,6.92,True,True,True,,True
mpc_joint_gate,m_H,0.5,goods per income unit,m_S,0.22,goods per income unit,1.0,1.0,1.0,1.0,,19.0,0.3600000000000003,,6.92,True,True,True,,True
mpc_joint_gate,m_H,0.5,goods per income unit,m_S,0.23,goods per income unit,1.0,1.0,1.0,1.0,,19.0,0.3600000000000003,,6.92,True,True,True,,True
mpc_joint_gate,m_H,0.5,goods per income unit,m_S,0.24000000000000002,goods per income unit,1.0,1.0,1.0,1.0,,19.0,0.3600000000000003,,6.92,True,True,True,,True
mpc_joint_gate,m_H,0.5,goods per income unit,m_S,0.25,goods per income unit,1.0,1.0,1.0,1.0,,19.0,0.3600000000000003,,6.92,True,True,True,,True
mpc_joint_gate,m_H,0.5,goods per income unit,m_S,0.26,goods per income unit,1.0,1.0,1.0,1.0,,19.0,0.3600000000000003,,6.92,True,True,True,,True
mpc_joint_gate,m_H,0.5,goods per income unit,m_S,0.27,goods per income unit,1.0,1.0,1.0,1.0,,19.0,0.3600000000000003,,6.92,True,True,True,,True
mpc_joint_gate,m_H,0.5,goods per income unit,m_S,0.28,goods per income unit,1.0,1.0,1.0,1.0,,19.0,0.3600000000000003,,6.92,True,True,True,,True
mpc_joint_gate,m_H,0.5,goods per income unit,m_S,0.29000000000000004,goods per income unit,1.0,1.0,1.0,1.0,,19.0,0.3600000000000003,,6.92,True,True,True,,True
mpc_joint_gate,m_H,0.5,goods per income unit,m_S,0.30000000000000004,goods per income unit,1.0,1.0,1.0,1.0,,19.0,0.3600000000000003,,6.92,True,True,True,,True
mpc_joint_gate,m_H,0.5,goods per income unit,m_S,0.31,goods per income unit,1.0,1.0,1.0,1.0,,19.0,0.3600000000000003,,6.92,True,True,True,,True
mpc_joint_gate,m_H,0.5,goods per income unit,m_S,0.32,goods per income unit,1.0,1.0,1.0,1.0,,19.0,0.3600000000000003,,6.92,True,True,True,,True
mpc_joint_gate,m_H,0.5,goods per income unit,m_S,0.33,goods per income unit,1.0,1.0,1.0,1.0,,19.0,0.3600000000000003,,6.92,True,True,True,,True
mpc_joint_gate,m_H,0.5,goods per income unit,m_S,0.33999999999999997,goods per income unit,1.0,1.0,1.0,1.0,,19.0,0.3600000000000003,,6.92,True,True,True,,True
mpc_joint_gate,m_H,0.5,goods per income unit,m_S,0.35,goods per income unit,1.0,1.0,1.0,1.0,,19.0,0.3600000000000003,,6.92,True,True,True,,True
mpc_joint_gate,m_H,0.5,goods per income unit,m_S,0.36,goods per income unit,1.0,1.0,1.0,1.0,,19.0,0.3600000000000003,,6.92,True,True,True,,True
mpc_joint_gate,m_H,0.5,goods per income unit,m_S,0.37,goods per income unit,1.0,1.0,1.0,1.0,,19.0,0.3600000000000003,,6.92,True,True,True,,True
mpc_joint_gate,m_H,0.5,goods per income unit,m_S,0.38,goods per income unit,1.0,1.0,1.0,1.0,,19.0,0.3600000000000003,,6.92,True,True,True,,True
mpc_joint_gate,m_H,0.5,goods per income unit,m_S,0.39,goods per income unit,1.0,1.0,1.0,1.0,,19.0,0.3600000000000003,,6.92,True,True,True,,True
mpc_joint_gate,m_H,0.5,goods per income unit,m_S,0.4,goods per income unit,1.0,1.0,1.0,1.0,,19.0,0.3600000000000003,,6.92,True,True,True,,True
mpc_joint_gate,m_H,0.5,goods per income unit,m_S,0.41000000000000003,goods per income unit,1.0,1.0,1.0,1.0,,19.0,0.3600000000000003,,6.92,True,True,True,,True
mpc_joint_gate,m_H,0.5,goods per income unit,m_S,0.42000000000000004,goods per income unit,1.0,1.0,1.0,1.0,,19.0,0.3600000000000003,,6.92,True,True,True,,True
mpc_joint_gate,m_H,0.5,goods per income unit,m_S,0.43000000000000005,goods per income unit,1.0,1.0,1.0,1.0,,19.0,0.3600000000000003,,6.92,True,True,True,,True
mpc_joint_gate,m_H,0.5,goods per income unit,m_S,0.44000000000000006,goods per income unit,1.0,1.0,1.0,1.0,,19.0,0.3600000000000003,,6.92,True,True,True,,True
mpc_joint_gate,m_H,0.5,goods per income unit,m_S,0.45000000000000007,goods per income unit,1.0,1.0,1.0,1.0,,19.0,0.3600000000000003,,6.92,True,True,True,,True
mpc_joint_gate,m_H,0.5,goods per income unit,m_S,0.45999999999999996,goods per income unit,1.0,1.0,1.0,1.0,,19.0,0.3600000000000003,,6.92,True,True,True,,True
mpc_joint_gate,m_H,0.5,goods per income unit,m_S,0.47,goods per income unit,1.0,1.0,1.0,1.0,,19.0,0.3600000000000003,,6.92,True,True,True,,True
mpc_joint_gate,m_H,0.5,goods per income unit,m_S,0.48,goods per income unit,1.0,1.0,1.0,1.0,,19.0,0.3600000000000003,,6.92,True,True,True,,True
mpc_joint_gate,m_H,0.5,goods per income unit,m_S,0.49,goods per income unit,1.0,1.0,1.0,1.0,,19.0,0.3600000000000003,,6.92,True,True,True,,True
mpc_joint_gate,m_H,0.51,goods per income unit,m_S,0.1,goods per income unit,1.0,1.0,1.0,1.0,,19.0,0.27280000000000104,,6.92,True,True,True,,True
mpc_joint_gate,m_H,0.51,goods per income unit,m_S,0.11,goods per income unit,1.0,1.0,1.0,1.0,,19.0,0.27280000000000104,,6.92,True,True,True,,True
mpc_joint_gate,m_H,0.51,goods per income unit,m_S,0.12000000000000001,goods per income unit,1.0,1.0,1.0,1.0,,19.0,0.27280000000000104,,6.92,True,True,True,,True
mpc_joint_gate,m_H,0.51,goods per income unit,m_S,0.13,goods per income unit,1.0,1.0,1.0,1.0,,19.0,0.27280000000000104,,6.92,True,True,True,,True
mpc_joint_gate,m_H,0.51,goods per income unit,m_S,0.14,goods per income unit,1.0,1.0,1.0,1.0,,19.0,0.27280000000000104,,6.92,True,True,True,,True
mpc_joint_gate,m_H,0.51,goods per income unit,m_S,0.15000000000000002,goods per income unit,1.0,1.0,1.0,1.0,,19.0,0.27280000000000104,,6.92,True,True,True,,True
mpc_joint_gate,m_H,0.51,goods per income unit,m_S,0.16,goods per income unit,1.0,1.0,1.0,1.0,,19.0,0.27280000000000104,,6.92,True,True,True,,True
mpc_joint_gate,m_H,0.51,goods per income unit,m_S,0.17,goods per income unit,1.0,1.0,1.0,1.0,,19.0,0.27280000000000104,,6.92,True,True,True,,True
mpc_joint_gate,m_H,0.51,goods per income unit,m_S,0.18,goods per income unit,1.0,1.0,1.0,1.0,,19.0,0.27280000000000104,,6.92,True,True,True,,True
mpc_joint_gate,m_H,0.51,goods per income unit,m_S,0.19,goods per income unit,1.0,1.0,1.0,1.0,,19.0,0.27280000000000104,,6.92,True,True,True,,True
mpc_joint_gate,m_H,0.51,goods per income unit,m_S,0.2,goods per income unit,1.0,1.0,1.0,1.0,,19.0,0.27280000000000104,,6.92,True,True,True,,True
mpc_joint_gate,m_H,0.51,goods per income unit,m_S,0.21000000000000002,goods per income unit,1.0,1.0,1.0,1.0,,19.0,0.27280000000000104,,6.92,True,True,True,,True
mpc_joint_gate,m_H,0.51,goods per income unit,m_S,0.22,goods per income unit,1.0,1.0,1.0,1.0,,19.0,0.27280000000000104,,6.92,True,True,True,,True
mpc_joint_gate,m_H,0.51,goods per income unit,m_S,0.23,goods per income unit,1.0,1.0,1.0,1.0,,19.0,0.27280000000000104,,6.92,True,True,True,,True
mpc_joint_gate,m_H,0.51,goods per income unit,m_S,0.24000000000000002,goods per income unit,1.0,1.0,1.0,1.0,,19.0,0.27280000000000104,,6.92,True,True,True,,True
mpc_joint_gate,m_H,0.51,goods per income unit,m_S,0.25,goods per income unit,1.0,1.0,1.0,1.0,,19.0,0.27280000000000104,,6.92,True,True,True,,True
mpc_joint_gate,m_H,0.51,goods per income unit,m_S,0.26,goods per income unit,1.0,1.0,1.0,1.0,,19.0,0.27280000000000104,,6.92,True,True,True,,True
mpc_joint_gate,m_H,0.51,goods per income unit,m_S,0.27,goods per income unit,1.0,1.0,1.0,1.0,,19.0,0.27280000000000104,,6.92,True,True,True,,True
mpc_joint_gate,m_H,0.51,goods per income unit,m_S,0.28,goods per income unit,1.0,1.0,1.0,1.0,,19.0,0.27280000000000104,,6.92,True,True,True,,True
mpc_joint_gate,m_H,0.51,goods per income unit,m_S,0.29000000000000004,goods per income unit,1.0,1.0,1.0,1.0,,19.0,0.27280000000000104,,6.92,True,True,True,,True
mpc_joint_gate,m_H,0.51,goods per income unit,m_S,0.30000000000000004,goods per income unit,1.0,1.0,1.0,1.0,,19.0,0.27280000000000104,,6.92,True,True,True,,True
mpc_joint_gate,m_H,0.51,goods per income unit,m_S,0.31,goods per income unit,1.0,1.0,1.0,1.0,,19.0,0.27280000000000104,,6.92,True,True,True,,True
mpc_joint_gate,m_H,0.51,goods per income unit,m_S,0.32,goods per income unit,1.0,1.0,1.0,1.0,,19.0,0.27280000000000104,,6.92,True,True,True,,True
mpc_joint_gate,m_H,0.51,goods per income unit,m_S,0.33,goods per income unit,1.0,1.0,1.0,1.0,,19.0,0.27280000000000104,,6.92,True,True,True,,True
mpc_joint_gate,m_H,0.51,goods per income unit,m_S,0.33999999999999997,goods per income unit,1.0,1.0,1.0,1.0,,19.0,0.27280000000000104,,6.92,True,True,True,,True
mpc_joint_gate,m_H,0.51,goods per income unit,m_S,0.35,goods per income unit,1.0,1.0,1.0,1.0,,19.0,0.27280000000000104,,6.92,True,True,True,,True
mpc_joint_gate,m_H,0.51,goods per income unit,m_S,0.36,goods per income unit,1.0,1.0,1.0,1.0,,19.0,0.27280000000000104,,6.92,True,True,True,,True
mpc_joint_gate,m_H,0.51,goods per income unit,m_S,0.37,goods per income unit,1.0,1.0,1.0,1.0,,19.0,0.27280000000000104,,6.92,True,True,True,,True
mpc_joint_gate,m_H,0.51,goods per income unit,m_S,0.38,goods per income unit,1.0,1.0,1.0,1.0,,19.0,0.27280000000000104,,6.92,True,True,True,,True
mpc_joint_gate,m_H,0.51,goods per income unit,m_S,0.39,goods per income unit,1.0,1.0,1.0,1.0,,19.0,0.27280000000000104,,6.92,True,True,True,,True
mpc_joint_gate,m_H,0.51,goods per income unit,m_S,0.4,goods per income unit,1.0,1.0,1.0,1.0,,19.0,0.27280000000000104,,6.92,True,True,True,,True
mpc_joint_gate,m_H,0.51,goods per income unit,m_S,0.41000000000000003,goods per income unit,1.0,1.0,1.0,1.0,,19.0,0.27280000000000104,,6.92,True,True,True,,True
mpc_joint_gate,m_H,0.51,goods per income unit,m_S,0.42000000000000004,goods per income unit,1.0,1.0,1.0,1.0,,19.0,0.27280000000000104,,6.92,True,True,True,,True
mpc_joint_gate,m_H,0.51,goods per income unit,m_S,0.43000000000000005,goods per income unit,1.0,1.0,1.0,1.0,,19.0,0.27280000000000104,,6.92,True,True,True,,True
mpc_joint_gate,m_H,0.51,goods per income unit,m_S,0.44000000000000006,goods per income unit,1.0,1.0,1.0,1.0,,19.0,0.27280000000000104,,6.92,True,True,True,,True
mpc_joint_gate,m_H,0.51,goods per income unit,m_S,0.45000000000000007,goods per income unit,1.0,1.0,1.0,1.0,,19.0,0.27280000000000104,,6.92,True,True,True,,True
mpc_joint_gate,m_H,0.51,goods per income unit,m_S,0.45999999999999996,goods per income unit,1.0,1.0,1.0,1.0,,19.0,0.27280000000000104,,6.92,True,True,True,,True
mpc_joint_gate,m_H,0.51,goods per income unit,m_S,0.47,goods per income unit,1.0,1.0,1.0,1.0,,19.0,0.27280000000000104,,6.92,True,True,True,,True
mpc_joint_gate,m_H,0.51,goods per income unit,m_S,0.48,goods per income unit,1.0,1.0,1.0,1.0,,19.0,0.27280000000000104,,6.92,True,True,True,,True
mpc_joint_gate,m_H,0.51,goods per income unit,m_S,0.49,goods per income unit,1.0,1.0,1.0,1.0,,19.0,0.27280000000000104,,6.92,True,True,True,,True
mpc_joint_gate,m_H,0.51,goods per income unit,m_S,0.5,goods per income unit,1.0,1.0,1.0,1.0,,19.0,0.27280000000000104,,6.92,True,True,True,,True
mpc_joint_gate,m_H,0.52,goods per income unit,m_S,0.1,goods per income unit,1.0,1.0,1.0,1.0,,19.0,0.1856,,6.92,True,True,True,,True
mpc_joint_gate,m_H,0.52,goods per income unit,m_S,0.11,goods per income unit,1.0,1.0,1.0,1.0,,19.0,0.1856,,6.92,True,True,True,,True
mpc_joint_gate,m_H,0.52,goods per income unit,m_S,0.12000000000000001,goods per income unit,1.0,1.0,1.0,1.0,,19.0,0.1856,,6.92,True,True,True,,True
mpc_joint_gate,m_H,0.52,goods per income unit,m_S,0.13,goods per income unit,1.0,1.0,1.0,1.0,,19.0,0.1856,,6.92,True,True,True,,True
mpc_joint_gate,m_H,0.52,goods per income unit,m_S,0.14,goods per income unit,1.0,1.0,1.0,1.0,,19.0,0.1856,,6.92,True,True,True,,True
mpc_joint_gate,m_H,0.52,goods per income unit,m_S,0.15000000000000002,goods per income unit,1.0,1.0,1.0,1.0,,19.0,0.1856,,6.92,True,True,True,,True
mpc_joint_gate,m_H,0.52,goods per income unit,m_S,0.16,goods per income unit,1.0,1.0,1.0,1.0,,19.0,0.1856,,6.92,True,True,True,,True
mpc_joint_gate,m_H,0.52,goods per income unit,m_S,0.17,goods per income unit,1.0,1.0,1.0,1.0,,19.0,0.1856,,6.92,True,True,True,,True
mpc_joint_gate,m_H,0.52,goods per income unit,m_S,0.18,goods per income unit,1.0,1.0,1.0,1.0,,19.0,0.1856,,6.92,True,True,True,,True
mpc_joint_gate,m_H,0.52,goods per income unit,m_S,0.19,goods per income unit,1.0,1.0,1.0,1.0,,19.0,0.1856,,6.92,True,True,True,,True
mpc_joint_gate,m_H,0.52,goods per income unit,m_S,0.2,goods per income unit,1.0,1.0,1.0,1.0,,19.0,0.1856,,6.92,True,True,True,,True
mpc_joint_gate,m_H,0.52,goods per income unit,m_S,0.21000000000000002,goods per income unit,1.0,1.0,1.0,1.0,,19.0,0.1856,,6.92,True,True,True,,True
mpc_joint_gate,m_H,0.52,goods per income unit,m_S,0.22,goods per income unit,1.0,1.0,1.0,1.0,,19.0,0.1856,,6.92,True,True,True,,True
mpc_joint_gate,m_H,0.52,goods per income unit,m_S,0.23,goods per income unit,1.0,1.0,1.0,1.0,,19.0,0.1856,,6.92,True,True,True,,True
mpc_joint_gate,m_H,0.52,goods per income unit,m_S,0.24000000000000002,goods per income unit,1.0,1.0,1.0,1.0,,19.0,0.1856,,6.92,True,True,True,,True
mpc_joint_gate,m_H,0.52,goods per income unit,m_S,0.25,goods per income unit,1.0,1.0,1.0,1.0,,19.0,0.1856,,6.92,True,True,True,,True
mpc_joint_gate,m_H,0.52,goods per income unit,m_S,0.26,goods per income unit,1.0,1.0,1.0,1.0,,19.0,0.1856,,6.92,True,True,True,,True
mpc_joint_gate,m_H,0.52,goods per income unit,m_S,0.27,goods per income unit,1.0,1.0,1.0,1.0,,19.0,0.1856,,6.92,True,True,True,,True
mpc_joint_gate,m_H,0.52,goods per income unit,m_S,0.28,goods per income unit,1.0,1.0,1.0,1.0,,19.0,0.1856,,6.92,True,True,True,,True
mpc_joint_gate,m_H,0.52,goods per income unit,m_S,0.29000000000000004,goods per income unit,1.0,1.0,1.0,1.0,,19.0,0.1856,,6.92,True,True,True,,True
mpc_joint_gate,m_H,0.52,goods per income unit,m_S,0.30000000000000004,goods per income unit,1.0,1.0,1.0,1.0,,19.0,0.1856,,6.92,True,True,True,,True
mpc_joint_gate,m_H,0.52,goods per income unit,m_S,0.31,goods per income unit,1.0,1.0,1.0,1.0,,19.0,0.1856,,6.92,True,True,True,,True
mpc_joint_gate,m_H,0.52,goods per income unit,m_S,0.32,goods per income unit,1.0,1.0,1.0,1.0,,19.0,0.1856,,6.92,True,True,True,,True
mpc_joint_gate,m_H,0.52,goods per income unit,m_S,0.33,goods per income unit,1.0,1.0,1.0,1.0,,19.0,0.1856,,6.92,True,True,True,,True
mpc_joint_gate,m_H,0.52,goods per income unit,m_S,0.33999999999999997,goods per income unit,1.0,1.0,1.0,1.0,,19.0,0.1856,,6.92,True,True,True,,True
mpc_joint_gate,m_H,0.52,goods per income unit,m_S,0.35,goods per income unit,1.0,1.0,1.0,1.0,,19.0,0.1856,,6.92,True,True,True,,True
mpc_joint_gate,m_H,0.52,goods per income unit,m_S,0.36,goods per income unit,1.0,1.0,1.0,1.0,,19.0,0.1856,,6.92,True,True,True,,True
mpc_joint_gate,m_H,0.52,goods per income unit,m_S,0.37,goods per income unit,1.0,1.0,1.0,1.0,,19.0,0.1856,,6.92,True,True,True,,True
mpc_joint_gate,m_H,0.52,goods per income unit,m_S,0.38,goods per income unit,1.0,1.0,1.0,1.0,,19.0,0.1856,,6.92,True,True,True,,True
mpc_joint_gate,m_H,0.52,goods per income unit,m_S,0.39,goods per income unit,1.0,1.0,1.0,1.0,,19.0,0.1856,,6.92,True,True,True,,True
mpc_joint_gate,m_H,0.52,goods per income unit,m_S,0.4,goods per income unit,1.0,1.0,1.0,1.0,,19.0,0.1856,,6.92,True,True,True,,True
mpc_joint_gate,m_H,0.52,goods per income unit,m_S,0.41000000000000003,goods per income unit,1.0,1.0,1.0,1.0,,19.0,0.1856,,6.92,True,True,True,,True
mpc_joint_gate,m_H,0.52,goods per income unit,m_S,0.42000000000000004,goods per income unit,1.0,1.0,1.0,1.0,,19.0,0.1856,,6.92,True,True,True,,True
mpc_joint_gate,m_H,0.52,goods per income unit,m_S,0.43000000000000005,goods per income unit,1.0,1.0,1.0,1.0,,19.0,0.1856,,6.92,True,True,True,,True
mpc_joint_gate,m_H,0.52,goods per income unit,m_S,0.44000000000000006,goods per income unit,1.0,1.0,1.0,1.0,,19.0,0.1856,,6.92,True,True,True,,True
mpc_joint_gate,m_H,0.52,goods per income unit,m_S,0.45000000000000007,goods per income unit,1.0,1.0,1.0,1.0,,19.0,0.1856,,6.92,True,True,True,,True
mpc_joint_gate,m_H,0.52,goods per income unit,m_S,0.45999999999999996,goods per income unit,1.0,1.0,1.0,1.0,,19.0,0.1856,,6.92,True,True,True,,True
mpc_joint_gate,m_H,0.52,goods per income unit,m_S,0.47,goods per income unit,1.0,1.0,1.0,1.0,,19.0,0.1856,,6.92,True,True,True,,True
mpc_joint_gate,m_H,0.52,goods per income unit,m_S,0.48,goods per income unit,1.0,1.0,1.0,1.0,,19.0,0.1856,,6.92,True,True,True,,True
mpc_joint_gate,m_H,0.52,goods per income unit,m_S,0.49,goods per income unit,1.0,1.0,1.0,1.0,,19.0,0.1856,,6.92,True,True,True,,True
mpc_joint_gate,m_H,0.52,goods per income unit,m_S,0.5,goods per income unit,1.0,1.0,1.0,1.0,,19.0,0.1856,,6.92,True,True,True,,True
mpc_joint_gate,m_H,0.53,goods per income unit,m_S,0.1,goods per income unit,1.0,1.0,1.0,1.0,,19.0,0.09839999999999893,,6.92,True,True,True,,True
mpc_joint_gate,m_H,0.53,goods per income unit,m_S,0.11,goods per income unit,1.0,1.0,1.0,1.0,,19.0,0.09839999999999893,,6.92,True,True,True,,True
mpc_joint_gate,m_H,0.53,goods per income unit,m_S,0.12000000000000001,goods per income unit,1.0,1.0,1.0,1.0,,19.0,0.09839999999999893,,6.92,True,True,True,,True
mpc_joint_gate,m_H,0.53,goods per income unit,m_S,0.13,goods per income unit,1.0,1.0,1.0,1.0,,19.0,0.09839999999999893,,6.92,True,True,True,,True
mpc_joint_gate,m_H,0.53,goods per income unit,m_S,0.14,goods per income unit,1.0,1.0,1.0,1.0,,19.0,0.09839999999999893,,6.92,True,True,True,,True
mpc_joint_gate,m_H,0.53,goods per income unit,m_S,0.15000000000000002,goods per income unit,1.0,1.0,1.0,1.0,,19.0,0.09839999999999893,,6.92,True,True,True,,True
mpc_joint_gate,m_H,0.53,goods per income unit,m_S,0.16,goods per income unit,1.0,1.0,1.0,1.0,,19.0,0.09839999999999893,,6.92,True,True,True,,True
mpc_joint_gate,m_H,0.53,goods per income unit,m_S,0.17,goods per income unit,1.0,1.0,1.0,1.0,,19.0,0.09839999999999893,,6.92,True,True,True,,True
mpc_joint_gate,m_H,0.53,goods per income unit,m_S,0.18,goods per income unit,1.0,1.0,1.0,1.0,,19.0,0.09839999999999893,,6.92,True,True,True,,True
mpc_joint_gate,m_H,0.53,goods per income unit,m_S,0.19,goods per income unit,1.0,1.0,1.0,1.0,,19.0,0.09839999999999893,,6.92,True,True,True,,True
mpc_joint_gate,m_H,0.53,goods per income unit,m_S,0.2,goods per income unit,1.0,1.0,1.0,1.0,,19.0,0.09839999999999893,,6.92,True,True,True,,True
mpc_joint_gate,m_H,0.53,goods per income unit,m_S,0.21000000000000002,goods per income unit,1.0,1.0,1.0,1.0,,19.0,0.09839999999999893,,6.92,True,True,True,,True
mpc_joint_gate,m_H,0.53,goods per income unit,m_S,0.22,goods per income unit,1.0,1.0,1.0,1.0,,19.0,0.09839999999999893,,6.92,True,True,True,,True
mpc_joint_gate,m_H,0.53,goods per income unit,m_S,0.23,goods per income unit,1.0,1.0,1.0,1.0,,19.0,0.09839999999999893,,6.92,True,True,True,,True
mpc_joint_gate,m_H,0.53,goods per income unit,m_S,0.24000000000000002,goods per income unit,1.0,1.0,1.0,1.0,,19.0,0.09839999999999893,,6.92,True,True,True,,True
mpc_joint_gate,m_H,0.53,goods per income unit,m_S,0.25,goods per income unit,1.0,1.0,1.0,1.0,,19.0,0.09839999999999893,,6.92,True,True,True,,True
mpc_joint_gate,m_H,0.53,goods per income unit,m_S,0.26,goods per income unit,1.0,1.0,1.0,1.0,,19.0,0.09839999999999893,,6.92,True,True,True,,True
mpc_joint_gate,m_H,0.53,goods per income unit,m_S,0.27,goods per income unit,1.0,1.0,1.0,1.0,,19.0,0.09839999999999893,,6.92,True,True,True,,True
mpc_joint_gate,m_H,0.53,goods per income unit,m_S,0.28,goods per income unit,1.0,1.0,1.0,1.0,,19.0,0.09839999999999893,,6.92,True,True,True,,True
mpc_joint_gate,m_H,0.53,goods per income unit,m_S,0.29000000000000004,goods per income unit,1.0,1.0,1.0,1.0,,19.0,0.09839999999999893,,6.92,True,True,True,,True
mpc_joint_gate,m_H,0.53,goods per income unit,m_S,0.30000000000000004,goods per income unit,1.0,1.0,1.0,1.0,,19.0,0.09839999999999893,,6.92,True,True,True,,True
mpc_joint_gate,m_H,0.53,goods per income unit,m_S,0.31,goods per income unit,1.0,1.0,1.0,1.0,,19.0,0.09839999999999893,,6.92,True,True,True,,True
mpc_joint_gate,m_H,0.53,goods per income unit,m_S,0.32,goods per income unit,1.0,1.0,1.0,1.0,,19.0,0.09839999999999893,,6.92,True,True,True,,True
mpc_joint_gate,m_H,0.53,goods per income unit,m_S,0.33,goods per income unit,1.0,1.0,1.0,1.0,,19.0,0.09839999999999893,,6.92,True,True,True,,True
mpc_joint_gate,m_H,0.53,goods per income unit,m_S,0.33999999999999997,goods per income unit,1.0,1.0,1.0,1.0,,19.0,0.09839999999999893,,6.92,True,True,True,,True
mpc_joint_gate,m_H,0.53,goods per income unit,m_S,0.35,goods per income unit,1.0,1.0,1.0,1.0,,19.0,0.09839999999999893,,6.92,True,True,True,,True
mpc_joint_gate,m_H,0.53,goods per income unit,m_S,0.36,goods per income unit,1.0,1.0,1.0,1.0,,19.0,0.09839999999999893,,6.92,True,True,True,,True
mpc_joint_gate,m_H,0.53,goods per income unit,m_S,0.37,goods per income unit,1.0,1.0,1.0,1.0,,19.0,0.09839999999999893,,6.92,True,True,True,,True
mpc_joint_gate,m_H,0.53,goods per income unit,m_S,0.38,goods per income unit,1.0,1.0,1.0,1.0,,19.0,0.09839999999999893,,6.92,True,True,True,,True
mpc_joint_gate,m_H,0.53,goods per income unit,m_S,0.39,goods per income unit,1.0,1.0,1.0,1.0,,19.0,0.09839999999999893,,6.92,True,True,True,,True
mpc_joint_gate,m_H,0.53,goods per income unit,m_S,0.4,goods per income unit,1.0,1.0,1.0,1.0,,19.0,0.09839999999999893,,6.92,True,True,True,,True
mpc_joint_gate,m_H,0.53,goods per income unit,m_S,0.41000000000000003,goods per income unit,1.0,1.0,1.0,1.0,,19.0,0.09839999999999893,,6.92,True,True,True,,True
mpc_joint_gate,m_H,0.53,goods per income unit,m_S,0.42000000000000004,goods per income unit,1.0,1.0,1.0,1.0,,19.0,0.09839999999999893,,6.92,True,True,True,,True
mpc_joint_gate,m_H,0.53,goods per income unit,m_S,0.43000000000000005,goods per income unit,1.0,1.0,1.0,1.0,,19.0,0.09839999999999893,,6.92,True,True,True,,True
mpc_joint_gate,m_H,0.53,goods per income unit,m_S,0.44000000000000006,goods per income unit,1.0,1.0,1.0,1.0,,19.0,0.09839999999999893,,6.92,True,True,True,,True
mpc_joint_gate,m_H,0.53,goods per income unit,m_S,0.45000000000000007,goods per income unit,1.0,1.0,1.0,1.0,,19.0,0.09839999999999893,,6.92,True,True,True,,True
mpc_joint_gate,m_H,0.53,goods per income unit,m_S,0.45999999999999996,goods per income unit,1.0,1.0,1.0,1.0,,19.0,0.09839999999999893,,6.92,True,True,True,,True
mpc_joint_gate,m_H,0.53,goods per income unit,m_S,0.47,goods per income unit,1.0,1.0,1.0,1.0,,19.0,0.09839999999999893,,6.92,True,True,True,,True
mpc_joint_gate,m_H,0.53,goods per income unit,m_S,0.48,goods per income unit,1.0,1.0,1.0,1.0,,19.0,0.09839999999999893,,6.92,True,True,True,,True
mpc_joint_gate,m_H,0.53,goods per income unit,m_S,0.49,goods per income unit,1.0,1.0,1.0,1.0,,19.0,0.09839999999999893,,6.92,True,True,True,,True
mpc_joint_gate,m_H,0.53,goods per income unit,m_S,0.5,goods per income unit,1.0,1.0,1.0,1.0,,19.0,0.09839999999999893,,6.92,True,True,True,,True
mpc_joint_gate,m_H,0.54,goods per income unit,m_S,0.1,goods per income unit,1.0,1.0,1.0,1.0,,19.0,0.011199999999999655,,6.92,True,True,True,,True
mpc_joint_gate,m_H,0.54,goods per income unit,m_S,0.11,goods per income unit,1.0,1.0,1.0,1.0,,19.0,0.011199999999999655,,6.92,True,True,True,,True
mpc_joint_gate,m_H,0.54,goods per income unit,m_S,0.12000000000000001,goods per income unit,1.0,1.0,1.0,1.0,,19.0,0.011199999999999655,,6.92,True,True,True,,True
mpc_joint_gate,m_H,0.54,goods per income unit,m_S,0.13,goods per income unit,1.0,1.0,1.0,1.0,,19.0,0.011199999999999655,,6.92,True,True,True,,True
mpc_joint_gate,m_H,0.54,goods per income unit,m_S,0.14,goods per income unit,1.0,1.0,1.0,1.0,,19.0,0.011199999999999655,,6.92,True,True,True,,True
mpc_joint_gate,m_H,0.54,goods per income unit,m_S,0.15000000000000002,goods per income unit,1.0,1.0,1.0,1.0,,19.0,0.011199999999999655,,6.92,True,True,True,,True
mpc_joint_gate,m_H,0.54,goods per income unit,m_S,0.16,goods per income unit,1.0,1.0,1.0,1.0,,19.0,0.011199999999999655,,6.92,True,True,True,,True
mpc_joint_gate,m_H,0.54,goods per income unit,m_S,0.17,goods per income unit,1.0,1.0,1.0,1.0,,19.0,0.011199999999999655,,6.92,True,True,True,,True
mpc_joint_gate,m_H,0.54,goods per income unit,m_S,0.18,goods per income unit,1.0,1.0,1.0,1.0,,19.0,0.011199999999999655,,6.92,True,True,True,,True
mpc_joint_gate,m_H,0.54,goods per income unit,m_S,0.19,goods per income unit,1.0,1.0,1.0,1.0,,19.0,0.011199999999999655,,6.92,True,True,True,,True
mpc_joint_gate,m_H,0.54,goods per income unit,m_S,0.2,goods per income unit,1.0,1.0,1.0,1.0,,19.0,0.011199999999999655,,6.92,True,True,True,,True
mpc_joint_gate,m_H,0.54,goods per income unit,m_S,0.21000000000000002,goods per income unit,1.0,1.0,1.0,1.0,,19.0,0.011199999999999655,,6.92,True,True,True,,True
mpc_joint_gate,m_H,0.54,goods per income unit,m_S,0.22,goods per income unit,1.0,1.0,1.0,1.0,,19.0,0.011199999999999655,,6.92,True,True,True,,True
mpc_joint_gate,m_H,0.54,goods per income unit,m_S,0.23,goods per income unit,1.0,1.0,1.0,1.0,,19.0,0.011199999999999655,,6.92,True,True,True,,True
mpc_joint_gate,m_H,0.54,goods per income unit,m_S,0.24000000000000002,goods per income unit,1.0,1.0,1.0,1.0,,19.0,0.011199999999999655,,6.92,True,True,True,,True
mpc_joint_gate,m_H,0.54,goods per income unit,m_S,0.25,goods per income unit,1.0,1.0,1.0,1.0,,19.0,0.011199999999999655,,6.92,True,True,True,,True
mpc_joint_gate,m_H,0.54,goods per income unit,m_S,0.26,goods per income unit,1.0,1.0,1.0,1.0,,19.0,0.011199999999999655,,6.92,True,True,True,,True
mpc_joint_gate,m_H,0.54,goods per income unit,m_S,0.27,goods per income unit,1.0,1.0,1.0,1.0,,19.0,0.011199999999999655,,6.92,True,True,True,,True
mpc_joint_gate,m_H,0.54,goods per income unit,m_S,0.28,goods per income unit,1.0,1.0,1.0,1.0,,19.0,0.011199999999999655,,6.92,True,True,True,,True
mpc_joint_gate,m_H,0.54,goods per income unit,m_S,0.29000000000000004,goods per income unit,1.0,1.0,1.0,1.0,,19.0,0.011199999999999655,,6.92,True,True,True,,True
mpc_joint_gate,m_H,0.54,goods per income unit,m_S,0.30000000000000004,goods per income unit,1.0,1.0,1.0,1.0,,19.0,0.011199999999999655,,6.92,True,True,True,,True
mpc_joint_gate,m_H,0.54,goods per income unit,m_S,0.31,goods per income unit,1.0,1.0,1.0,1.0,,19.0,0.011199999999999655,,6.92,True,True,True,,True
mpc_joint_gate,m_H,0.54,goods per income unit,m_S,0.32,goods per income unit,1.0,1.0,1.0,1.0,,19.0,0.011199999999999655,,6.92,True,True,True,,True
mpc_joint_gate,m_H,0.54,goods per income unit,m_S,0.33,goods per income unit,1.0,1.0,1.0,1.0,,19.0,0.011199999999999655,,6.92,True,True,True,,True
mpc_joint_gate,m_H,0.54,goods per income unit,m_S,0.33999999999999997,goods per income unit,1.0,1.0,1.0,1.0,,19.0,0.011199999999999655,,6.92,True,True,True,,True
mpc_joint_gate,m_H,0.54,goods per income unit,m_S,0.35,goods per income unit,1.0,1.0,1.0,1.0,,19.0,0.011199999999999655,,6.92,True,True,True,,True
mpc_joint_gate,m_H,0.54,goods per income unit,m_S,0.36,goods per income unit,1.0,1.0,1.0,1.0,,19.0,0.011199999999999655,,6.92,True,True,True,,True
mpc_joint_gate,m_H,0.54,goods per income unit,m_S,0.37,goods per income unit,1.0,1.0,1.0,1.0,,19.0,0.011199999999999655,,6.92,True,True,True,,True
mpc_joint_gate,m_H,0.54,goods per income unit,m_S,0.38,goods per income unit,1.0,1.0,1.0,1.0,,19.0,0.011199999999999655,,6.92,True,True,True,,True
mpc_joint_gate,m_H,0.54,goods per income unit,m_S,0.39,goods per income unit,1.0,1.0,1.0,1.0,,19.0,0.011199999999999655,,6.92,True,True,True,,True
mpc_joint_gate,m_H,0.54,goods per income unit,m_S,0.4,goods per income unit,1.0,1.0,1.0,1.0,,19.0,0.011199999999999655,,6.92,True,True,True,,True
mpc_joint_gate,m_H,0.54,goods per income unit,m_S,0.41000000000000003,goods per income unit,1.0,1.0,1.0,1.0,,19.0,0.011199999999999655,,6.92,True,True,True,,True
mpc_joint_gate,m_H,0.54,goods per income unit,m_S,0.42000000000000004,goods per income unit,1.0,1.0,1.0,1.0,,19.0,0.011199999999999655,,6.92,True,True,True,,True
mpc_joint_gate,m_H,0.54,goods per income unit,m_S,0.43000000000000005,goods per income unit,1.0,1.0,1.0,1.0,,19.0,0.011199999999999655,,6.92,True,True,True,,True
mpc_joint_gate,m_H,0.54,goods per income unit,m_S,0.44000000000000006,goods per income unit,1.0,1.0,1.0,1.0,,19.0,0.011199999999999655,,6.92,True,True,True,,True
mpc_joint_gate,m_H,0.54,goods per income unit,m_S,0.45000000000000007,goods per income unit,1.0,1.0,1.0,1.0,,19.0,0.011199999999999655,,6.92,True,True,True,,True
mpc_joint_gate,m_H,0.54,goods per income unit,m_S,0.45999999999999996,goods per income unit,1.0,1.0,1.0,1.0,,19.0,0.011199999999999655,,6.92,True,True,True,,True
mpc_joint_gate,m_H,0.54,goods per income unit,m_S,0.47,goods per income unit,1.0,1.0,1.0,1.0,,19.0,0.011199999999999655,,6.92,True,True,True,,True
mpc_joint_gate,m_H,0.54,goods per income unit,m_S,0.48,goods per income unit,1.0,1.0,1.0,1.0,,19.0,0.011199999999999655,,6.92,True,True,True,,True
mpc_joint_gate,m_H,0.54,goods per income unit,m_S,0.49,goods per income unit,1.0,1.0,1.0,1.0,,19.0,0.011199999999999655,,6.92,True,True,True,,True
mpc_joint_gate,m_H,0.54,goods per income unit,m_S,0.5,goods per income unit,1.0,1.0,1.0,1.0,,19.0,0.011199999999999655,,6.92,True,True,True,,True
mpc_joint_gate,m_H,0.55,goods per income unit,m_S,0.1,goods per income unit,1.0,1.0,1.0,1.0,,19.0,-0.07599999999999874,,6.92,True,True,False,,False
mpc_joint_gate,m_H,0.55,goods per income unit,m_S,0.11,goods per income unit,1.0,1.0,1.0,1.0,,19.0,-0.07599999999999874,,6.92,True,True,False,,False
mpc_joint_gate,m_H,0.55,goods per income unit,m_S,0.12000000000000001,goods per income unit,1.0,1.0,1.0,1.0,,19.0,-0.07599999999999874,,6.92,True,True,False,,False
mpc_joint_gate,m_H,0.55,goods per income unit,m_S,0.13,goods per income unit,1.0,1.0,1.0,1.0,,19.0,-0.07599999999999874,,6.92,True,True,False,,False
mpc_joint_gate,m_H,0.55,goods per income unit,m_S,0.14,goods per income unit,1.0,1.0,1.0,1.0,,19.0,-0.07599999999999874,,6.92,True,True,False,,False
mpc_joint_gate,m_H,0.55,goods per income unit,m_S,0.15000000000000002,goods per income unit,1.0,1.0,1.0,1.0,,19.0,-0.07599999999999874,,6.92,True,True,False,,False
mpc_joint_gate,m_H,0.55,goods per income unit,m_S,0.16,goods per income unit,1.0,1.0,1.0,1.0,,19.0,-0.07599999999999874,,6.92,True,True,False,,False
mpc_joint_gate,m_H,0.55,goods per income unit,m_S,0.17,goods per income unit,1.0,1.0,1.0,1.0,,19.0,-0.07599999999999874,,6.92,True,True,False,,False
mpc_joint_gate,m_H,0.55,goods per income unit,m_S,0.18,goods per income unit,1.0,1.0,1.0,1.0,,19.0,-0.07599999999999874,,6.92,True,True,False,,False
mpc_joint_gate,m_H,0.55,goods per income unit,m_S,0.19,goods per income unit,1.0,1.0,1.0,1.0,,19.0,-0.07599999999999874,,6.92,True,True,False,,False
mpc_joint_gate,m_H,0.55,goods per income unit,m_S,0.2,goods per income unit,1.0,1.0,1.0,1.0,,19.0,-0.07599999999999874,,6.92,True,True,False,,False
mpc_joint_gate,m_H,0.55,goods per income unit,m_S,0.21000000000000002,goods per income unit,1.0,1.0,1.0,1.0,,19.0,-0.07599999999999874,,6.92,True,True,False,,False
mpc_joint_gate,m_H,0.55,goods per income unit,m_S,0.22,goods per income unit,1.0,1.0,1.0,1.0,,19.0,-0.07599999999999874,,6.92,True,True,False,,False
mpc_joint_gate,m_H,0.55,goods per income unit,m_S,0.23,goods per income unit,1.0,1.0,1.0,1.0,,19.0,-0.07599999999999874,,6.92,True,True,False,,False
mpc_joint_gate,m_H,0.55,goods per income unit,m_S,0.24000000000000002,goods per income unit,1.0,1.0,1.0,1.0,,19.0,-0.07599999999999874,,6.92,True,True,False,,False
mpc_joint_gate,m_H,0.55,goods per income unit,m_S,0.25,goods per income unit,1.0,1.0,1.0,1.0,,19.0,-0.07599999999999874,,6.92,True,True,False,,False
mpc_joint_gate,m_H,0.55,goods per income unit,m_S,0.26,goods per income unit,1.0,1.0,1.0,1.0,,19.0,-0.07599999999999874,,6.92,True,True,False,,False
mpc_joint_gate,m_H,0.55,goods per income unit,m_S,0.27,goods per income unit,1.0,1.0,1.0,1.0,,19.0,-0.07599999999999874,,6.92,True,True,False,,False
mpc_joint_gate,m_H,0.55,goods per income unit,m_S,0.28,goods per income unit,1.0,1.0,1.0,1.0,,19.0,-0.07599999999999874,,6.92,True,True,False,,False
mpc_joint_gate,m_H,0.55,goods per income unit,m_S,0.29000000000000004,goods per income unit,1.0,1.0,1.0,1.0,,19.0,-0.07599999999999874,,6.92,True,True,False,,False
mpc_joint_gate,m_H,0.55,goods per income unit,m_S,0.30000000000000004,goods per income unit,1.0,1.0,1.0,1.0,,19.0,-0.07599999999999874,,6.92,True,True,False,,False
mpc_joint_gate,m_H,0.55,goods per income unit,m_S,0.31,goods per income unit,1.0,1.0,1.0,1.0,,19.0,-0.07599999999999874,,6.92,True,True,False,,False
mpc_joint_gate,m_H,0.55,goods per income unit,m_S,0.32,goods per income unit,1.0,1.0,1.0,1.0,,19.0,-0.07599999999999874,,6.92,True,True,False,,False
mpc_joint_gate,m_H,0.55,goods per income unit,m_S,0.33,goods per income unit,1.0,1.0,1.0,1.0,,19.0,-0.07599999999999874,,6.92,True,True,False,,False
mpc_joint_gate,m_H,0.55,goods per income unit,m_S,0.33999999999999997,goods per income unit,1.0,1.0,1.0,1.0,,19.0,-0.07599999999999874,,6.92,True,True,False,,False
mpc_joint_gate,m_H,0.55,goods per income unit,m_S,0.35,goods per income unit,1.0,1.0,1.0,1.0,,19.0,-0.07599999999999874,,6.92,True,True,False,,False
mpc_joint_gate,m_H,0.55,goods per income unit,m_S,0.36,goods per income unit,1.0,1.0,1.0,1.0,,19.0,-0.07599999999999874,,6.92,True,True,False,,False
mpc_joint_gate,m_H,0.55,goods per income unit,m_S,0.37,goods per income unit,1.0,1.0,1.0,1.0,,19.0,-0.07599999999999874,,6.92,True,True,False,,False
mpc_joint_gate,m_H,0.55,goods per income unit,m_S,0.38,goods per income unit,1.0,1.0,1.0,1.0,,19.0,-0.07599999999999874,,6.92,True,True,False,,False
mpc_joint_gate,m_H,0.55,goods per income unit,m_S,0.39,goods per income unit,1.0,1.0,1.0,1.0,,19.0,-0.07599999999999874,,6.92,True,True,False,,False
mpc_joint_gate,m_H,0.55,goods per income unit,m_S,0.4,goods per income unit,1.0,1.0,1.0,1.0,,19.0,-0.07599999999999874,,6.92,True,True,False,,False
mpc_joint_gate,m_H,0.55,goods per income unit,m_S,0.41000000000000003,goods per income unit,1.0,1.0,1.0,1.0,,19.0,-0.07599999999999874,,6.92,True,True,False,,False
mpc_joint_gate,m_H,0.55,goods per income unit,m_S,0.42000000000000004,goods per income unit,1.0,1.0,1.0,1.0,,19.0,-0.07599999999999874,,6.92,True,True,False,,False
mpc_joint_gate,m_H,0.55,goods per income unit,m_S,0.43000000000000005,goods per income unit,1.0,1.0,1.0,1.0,,19.0,-0.07599999999999874,,6.92,True,True,False,,False
mpc_joint_gate,m_H,0.55,goods per income unit,m_S,0.44000000000000006,goods per income unit,1.0,1.0,1.0,1.0,,19.0,-0.07599999999999874,,6.92,True,True,False,,False
mpc_joint_gate,m_H,0.55,goods per income unit,m_S,0.45000000000000007,goods per income unit,1.0,1.0,1.0,1.0,,19.0,-0.07599999999999874,,6.92,True,True,False,,False
mpc_joint_gate,m_H,0.55,goods per income unit,m_S,0.45999999999999996,goods per income unit,1.0,1.0,1.0,1.0,,19.0,-0.07599999999999874,,6.92,True,True,False,,False
mpc_joint_gate,m_H,0.55,goods per income unit,m_S,0.47,goods per income unit,1.0,1.0,1.0,1.0,,19.0,-0.07599999999999874,,6.92,True,True,False,,False
mpc_joint_gate,m_H,0.55,goods per income unit,m_S,0.48,goods per income unit,1.0,1.0,1.0,1.0,,19.0,-0.07599999999999874,,6.92,True,True,False,,False
mpc_joint_gate,m_H,0.55,goods per income unit,m_S,0.49,goods per income unit,1.0,1.0,1.0,1.0,,19.0,-0.07599999999999874,,6.92,True,True,False,,False
mpc_joint_gate,m_H,0.55,goods per income unit,m_S,0.5,goods per income unit,1.0,1.0,1.0,1.0,,19.0,-0.07599999999999874,,6.92,True,True,False,,False
mpc_joint_gate,m_H,0.56,goods per income unit,m_S,0.1,goods per income unit,1.0,1.0,1.0,1.0,,19.0,-0.1631999999999998,,6.92,True,True,False,,False
mpc_joint_gate,m_H,0.56,goods per income unit,m_S,0.11,goods per income unit,1.0,1.0,1.0,1.0,,19.0,-0.1631999999999998,,6.92,True,True,False,,False
mpc_joint_gate,m_H,0.56,goods per income unit,m_S,0.12000000000000001,goods per income unit,1.0,1.0,1.0,1.0,,19.0,-0.1631999999999998,,6.92,True,True,False,,False
mpc_joint_gate,m_H,0.56,goods per income unit,m_S,0.13,goods per income unit,1.0,1.0,1.0,1.0,,19.0,-0.1631999999999998,,6.92,True,True,False,,False
mpc_joint_gate,m_H,0.56,goods per income unit,m_S,0.14,goods per income unit,1.0,1.0,1.0,1.0,,19.0,-0.1631999999999998,,6.92,True,True,False,,False
mpc_joint_gate,m_H,0.56,goods per income unit,m_S,0.15000000000000002,goods per income unit,1.0,1.0,1.0,1.0,,19.0,-0.1631999999999998,,6.92,True,True,False,,False
mpc_joint_gate,m_H,0.56,goods per income unit,m_S,0.16,goods per income unit,1.0,1.0,1.0,1.0,,19.0,-0.1631999999999998,,6.92,True,True,False,,False
mpc_joint_gate,m_H,0.56,goods per income unit,m_S,0.17,goods per income unit,1.0,1.0,1.0,1.0,,19.0,-0.1631999999999998,,6.92,True,True,False,,False
mpc_joint_gate,m_H,0.56,goods per income unit,m_S,0.18,goods per income unit,1.0,1.0,1.0,1.0,,19.0,-0.1631999999999998,,6.92,True,True,False,,False
mpc_joint_gate,m_H,0.56,goods per income unit,m_S,0.19,goods per income unit,1.0,1.0,1.0,1.0,,19.0,-0.1631999999999998,,6.92,True,True,False,,False
mpc_joint_gate,m_H,0.56,goods per income unit,m_S,0.2,goods per income unit,1.0,1.0,1.0,1.0,,19.0,-0.1631999999999998,,6.92,True,True,False,,False
mpc_joint_gate,m_H,0.56,goods per income unit,m_S,0.21000000000000002,goods per income unit,1.0,1.0,1.0,1.0,,19.0,-0.1631999999999998,,6.92,True,True,False,,False
mpc_joint_gate,m_H,0.56,goods per income unit,m_S,0.22,goods per income unit,1.0,1.0,1.0,1.0,,19.0,-0.1631999999999998,,6.92,True,True,False,,False
mpc_joint_gate,m_H,0.56,goods per income unit,m_S,0.23,goods per income unit,1.0,1.0,1.0,1.0,,19.0,-0.1631999999999998,,6.92,True,True,False,,False
mpc_joint_gate,m_H,0.56,goods per income unit,m_S,0.24000000000000002,goods per income unit,1.0,1.0,1.0,1.0,,19.0,-0.1631999999999998,,6.92,True,True,False,,False
mpc_joint_gate,m_H,0.56,goods per income unit,m_S,0.25,goods per income unit,1.0,1.0,1.0,1.0,,19.0,-0.1631999999999998,,6.92,True,True,False,,False
mpc_joint_gate,m_H,0.56,goods per income unit,m_S,0.26,goods per income unit,1.0,1.0,1.0,1.0,,19.0,-0.1631999999999998,,6.92,True,True,False,,False
mpc_joint_gate,m_H,0.56,goods per income unit,m_S,0.27,goods per income unit,1.0,1.0,1.0,1.0,,19.0,-0.1631999999999998,,6.92,True,True,False,,False
mpc_joint_gate,m_H,0.56,goods per income unit,m_S,0.28,goods per income unit,1.0,1.0,1.0,1.0,,19.0,-0.1631999999999998,,6.92,True,True,False,,False
mpc_joint_gate,m_H,0.56,goods per income unit,m_S,0.29000000000000004,goods per income unit,1.0,1.0,1.0,1.0,,19.0,-0.1631999999999998,,6.92,True,True,False,,False
mpc_joint_gate,m_H,0.56,goods per income unit,m_S,0.30000000000000004,goods per income unit,1.0,1.0,1.0,1.0,,19.0,-0.1631999999999998,,6.92,True,True,False,,False
mpc_joint_gate,m_H,0.56,goods per income unit,m_S,0.31,goods per income unit,1.0,1.0,1.0,1.0,,19.0,-0.1631999999999998,,6.92,True,True,False,,False
mpc_joint_gate,m_H,0.56,goods per income unit,m_S,0.32,goods per income unit,1.0,1.0,1.0,1.0,,19.0,-0.1631999999999998,,6.92,True,True,False,,False
mpc_joint_gate,m_H,0.56,goods per income unit,m_S,0.33,goods per income unit,1.0,1.0,1.0,1.0,,19.0,-0.1631999999999998,,6.92,True,True,False,,False
mpc_joint_gate,m_H,0.56,goods per income unit,m_S,0.33999999999999997,goods per income unit,1.0,1.0,1.0,1.0,,19.0,-0.1631999999999998,,6.92,True,True,False,,False
mpc_joint_gate,m_H,0.56,goods per income unit,m_S,0.35,goods per income unit,1.0,1.0,1.0,1.0,,19.0,-0.1631999999999998,,6.92,True,True,False,,False
mpc_joint_gate,m_H,0.56,goods per income unit,m_S,0.36,goods per income unit,1.0,1.0,1.0,1.0,,19.0,-0.1631999999999998,,6.92,True,True,False,,False
mpc_joint_gate,m_H,0.56,goods per income unit,m_S,0.37,goods per income unit,1.0,1.0,1.0,1.0,,19.0,-0.1631999999999998,,6.92,True,True,False,,False
mpc_joint_gate,m_H,0.56,goods per income unit,m_S,0.38,goods per income unit,1.0,1.0,1.0,1.0,,19.0,-0.1631999999999998,,6.92,True,True,False,,False
mpc_joint_gate,m_H,0.56,goods per income unit,m_S,0.39,goods per income unit,1.0,1.0,1.0,1.0,,19.0,-0.1631999999999998,,6.92,True,True,False,,False
mpc_joint_gate,m_H,0.56,goods per income unit,m_S,0.4,goods per income unit,1.0,1.0,1.0,1.0,,19.0,-0.1631999999999998,,6.92,True,True,False,,False
mpc_joint_gate,m_H,0.56,goods per income unit,m_S,0.41000000000000003,goods per income unit,1.0,1.0,1.0,1.0,,19.0,-0.1631999999999998,,6.92,True,True,False,,False
mpc_joint_gate,m_H,0.56,goods per income unit,m_S,0.42000000000000004,goods per income unit,1.0,1.0,1.0,1.0,,19.0,-0.1631999999999998,,6.92,True,True,False,,False
mpc_joint_gate,m_H,0.56,goods per income unit,m_S,0.43000000000000005,goods per income unit,1.0,1.0,1.0,1.0,,19.0,-0.1631999999999998,,6.92,True,True,False,,False
mpc_joint_gate,m_H,0.56,goods per income unit,m_S,0.44000000000000006,goods per income unit,1.0,1.0,1.0,1.0,,19.0,-0.1631999999999998,,6.92,True,True,False,,False
mpc_joint_gate,m_H,0.56,goods per income unit,m_S,0.45000000000000007,goods per income unit,1.0,1.0,1.0,1.0,,19.0,-0.1631999999999998,,6.92,True,True,False,,False
mpc_joint_gate,m_H,0.56,goods per income unit,m_S,0.45999999999999996,goods per income unit,1.0,1.0,1.0,1.0,,19.0,-0.1631999999999998,,6.92,True,True,False,,False
mpc_joint_gate,m_H,0.56,goods per income unit,m_S,0.47,goods per income unit,1.0,1.0,1.0,1.0,,19.0,-0.1631999999999998,,6.92,True,True,False,,False
mpc_joint_gate,m_H,0.56,goods per income unit,m_S,0.48,goods per income unit,1.0,1.0,1.0,1.0,,19.0,-0.1631999999999998,,6.92,True,True,False,,False
mpc_joint_gate,m_H,0.56,goods per income unit,m_S,0.49,goods per income unit,1.0,1.0,1.0,1.0,,19.0,-0.1631999999999998,,6.92,True,True,False,,False
mpc_joint_gate,m_H,0.56,goods per income unit,m_S,0.5,goods per income unit,1.0,1.0,1.0,1.0,,19.0,-0.1631999999999998,,6.92,True,True,False,,False
mpc_joint_gate,m_H,0.5700000000000001,goods per income unit,m_S,0.1,goods per income unit,1.0,1.0,1.0,1.0,,19.0,-0.25040000000000084,,6.92,True,True,False,,False
mpc_joint_gate,m_H,0.5700000000000001,goods per income unit,m_S,0.11,goods per income unit,1.0,1.0,1.0,1.0,,19.0,-0.25040000000000084,,6.92,True,True,False,,False
mpc_joint_gate,m_H,0.5700000000000001,goods per income unit,m_S,0.12000000000000001,goods per income unit,1.0,1.0,1.0,1.0,,19.0,-0.25040000000000084,,6.92,True,True,False,,False
mpc_joint_gate,m_H,0.5700000000000001,goods per income unit,m_S,0.13,goods per income unit,1.0,1.0,1.0,1.0,,19.0,-0.25040000000000084,,6.92,True,True,False,,False
mpc_joint_gate,m_H,0.5700000000000001,goods per income unit,m_S,0.14,goods per income unit,1.0,1.0,1.0,1.0,,19.0,-0.25040000000000084,,6.92,True,True,False,,False
mpc_joint_gate,m_H,0.5700000000000001,goods per income unit,m_S,0.15000000000000002,goods per income unit,1.0,1.0,1.0,1.0,,19.0,-0.25040000000000084,,6.92,True,True,False,,False
mpc_joint_gate,m_H,0.5700000000000001,goods per income unit,m_S,0.16,goods per income unit,1.0,1.0,1.0,1.0,,19.0,-0.25040000000000084,,6.92,True,True,False,,False
mpc_joint_gate,m_H,0.5700000000000001,goods per income unit,m_S,0.17,goods per income unit,1.0,1.0,1.0,1.0,,19.0,-0.25040000000000084,,6.92,True,True,False,,False
mpc_joint_gate,m_H,0.5700000000000001,goods per income unit,m_S,0.18,goods per income unit,1.0,1.0,1.0,1.0,,19.0,-0.25040000000000084,,6.92,True,True,False,,False
mpc_joint_gate,m_H,0.5700000000000001,goods per income unit,m_S,0.19,goods per income unit,1.0,1.0,1.0,1.0,,19.0,-0.25040000000000084,,6.92,True,True,False,,False
mpc_joint_gate,m_H,0.5700000000000001,goods per income unit,m_S,0.2,goods per income unit,1.0,1.0,1.0,1.0,,19.0,-0.25040000000000084,,6.92,True,True,False,,False
mpc_joint_gate,m_H,0.5700000000000001,goods per income unit,m_S,0.21000000000000002,goods per income unit,1.0,1.0,1.0,1.0,,19.0,-0.25040000000000084,,6.92,True,True,False,,False
mpc_joint_gate,m_H,0.5700000000000001,goods per income unit,m_S,0.22,goods per income unit,1.0,1.0,1.0,1.0,,19.0,-0.25040000000000084,,6.92,True,True,False,,False
mpc_joint_gate,m_H,0.5700000000000001,goods per income unit,m_S,0.23,goods per income unit,1.0,1.0,1.0,1.0,,19.0,-0.25040000000000084,,6.92,True,True,False,,False
mpc_joint_gate,m_H,0.5700000000000001,goods per income unit,m_S,0.24000000000000002,goods per income unit,1.0,1.0,1.0,1.0,,19.0,-0.25040000000000084,,6.92,True,True,False,,False
mpc_joint_gate,m_H,0.5700000000000001,goods per income unit,m_S,0.25,goods per income unit,1.0,1.0,1.0,1.0,,19.0,-0.25040000000000084,,6.92,True,True,False,,False
mpc_joint_gate,m_H,0.5700000000000001,goods per income unit,m_S,0.26,goods per income unit,1.0,1.0,1.0,1.0,,19.0,-0.25040000000000084,,6.92,True,True,False,,False
mpc_joint_gate,m_H,0.5700000000000001,goods per income unit,m_S,0.27,goods per income unit,1.0,1.0,1.0,1.0,,19.0,-0.25040000000000084,,6.92,True,True,False,,False
mpc_joint_gate,m_H,0.5700000000000001,goods per income unit,m_S,0.28,goods per income unit,1.0,1.0,1.0,1.0,,19.0,-0.25040000000000084,,6.92,True,True,False,,False
mpc_joint_gate,m_H,0.5700000000000001,goods per income unit,m_S,0.29000000000000004,goods per income unit,1.0,1.0,1.0,1.0,,19.0,-0.25040000000000084,,6.92,True,True,False,,False
mpc_joint_gate,m_H,0.5700000000000001,goods per income unit,m_S,0.30000000000000004,goods per income unit,1.0,1.0,1.0,1.0,,19.0,-0.25040000000000084,,6.92,True,True,False,,False
mpc_joint_gate,m_H,0.5700000000000001,goods per income unit,m_S,0.31,goods per income unit,1.0,1.0,1.0,1.0,,19.0,-0.25040000000000084,,6.92,True,True,False,,False
mpc_joint_gate,m_H,0.5700000000000001,goods per income unit,m_S,0.32,goods per income unit,1.0,1.0,1.0,1.0,,19.0,-0.25040000000000084,,6.92,True,True,False,,False
mpc_joint_gate,m_H,0.5700000000000001,goods per income unit,m_S,0.33,goods per income unit,1.0,1.0,1.0,1.0,,19.0,-0.25040000000000084,,6.92,True,True,False,,False
mpc_joint_gate,m_H,0.5700000000000001,goods per income unit,m_S,0.33999999999999997,goods per income unit,1.0,1.0,1.0,1.0,,19.0,-0.25040000000000084,,6.92,True,True,False,,False
mpc_joint_gate,m_H,0.5700000000000001,goods per income unit,m_S,0.35,goods per income unit,1.0,1.0,1.0,1.0,,19.0,-0.25040000000000084,,6.92,True,True,False,,False
mpc_joint_gate,m_H,0.5700000000000001,goods per income unit,m_S,0.36,goods per income unit,1.0,1.0,1.0,1.0,,19.0,-0.25040000000000084,,6.92,True,True,False,,False
mpc_joint_gate,m_H,0.5700000000000001,goods per income unit,m_S,0.37,goods per income unit,1.0,1.0,1.0,1.0,,19.0,-0.25040000000000084,,6.92,True,True,False,,False
mpc_joint_gate,m_H,0.5700000000000001,goods per income unit,m_S,0.38,goods per income unit,1.0,1.0,1.0,1.0,,19.0,-0.25040000000000084,,6.92,True,True,False,,False
mpc_joint_gate,m_H,0.5700000000000001,goods per income unit,m_S,0.39,goods per income unit,1.0,1.0,1.0,1.0,,19.0,-0.25040000000000084,,6.92,True,True,False,,False
mpc_joint_gate,m_H,0.5700000000000001,goods per income unit,m_S,0.4,goods per income unit,1.0,1.0,1.0,1.0,,19.0,-0.25040000000000084,,6.92,True,True,False,,False
mpc_joint_gate,m_H,0.5700000000000001,goods per income unit,m_S,0.41000000000000003,goods per income unit,1.0,1.0,1.0,1.0,,19.0,-0.25040000000000084,,6.92,True,True,False,,False
mpc_joint_gate,m_H,0.5700000000000001,goods per income unit,m_S,0.42000000000000004,goods per income unit,1.0,1.0,1.0,1.0,,19.0,-0.25040000000000084,,6.92,True,True,False,,False
mpc_joint_gate,m_H,0.5700000000000001,goods per income unit,m_S,0.43000000000000005,goods per income unit,1.0,1.0,1.0,1.0,,19.0,-0.25040000000000084,,6.92,True,True,False,,False
mpc_joint_gate,m_H,0.5700000000000001,goods per income unit,m_S,0.44000000000000006,goods per income unit,1.0,1.0,1.0,1.0,,19.0,-0.25040000000000084,,6.92,True,True,False,,False
mpc_joint_gate,m_H,0.5700000000000001,goods per income unit,m_S,0.45000000000000007,goods per income unit,1.0,1.0,1.0,1.0,,19.0,-0.25040000000000084,,6.92,True,True,False,,False
mpc_joint_gate,m_H,0.5700000000000001,goods per income unit,m_S,0.45999999999999996,goods per income unit,1.0,1.0,1.0,1.0,,19.0,-0.25040000000000084,,6.92,True,True,False,,False
mpc_joint_gate,m_H,0.5700000000000001,goods per income unit,m_S,0.47,goods per income unit,1.0,1.0,1.0,1.0,,19.0,-0.25040000000000084,,6.92,True,True,False,,False
mpc_joint_gate,m_H,0.5700000000000001,goods per income unit,m_S,0.48,goods per income unit,1.0,1.0,1.0,1.0,,19.0,-0.25040000000000084,,6.92,True,True,False,,False
mpc_joint_gate,m_H,0.5700000000000001,goods per income unit,m_S,0.49,goods per income unit,1.0,1.0,1.0,1.0,,19.0,-0.25040000000000084,,6.92,True,True,False,,False
mpc_joint_gate,m_H,0.5700000000000001,goods per income unit,m_S,0.5,goods per income unit,1.0,1.0,1.0,1.0,,19.0,-0.25040000000000084,,6.92,True,True,False,,False
mpc_joint_gate,m_H,0.58,goods per income unit,m_S,0.1,goods per income unit,1.0,1.0,1.0,1.0,,19.0,-0.3376000000000001,,6.92,True,True,False,,False
mpc_joint_gate,m_H,0.58,goods per income unit,m_S,0.11,goods per income unit,1.0,1.0,1.0,1.0,,19.0,-0.3376000000000001,,6.92,True,True,False,,False
mpc_joint_gate,m_H,0.58,goods per income unit,m_S,0.12000000000000001,goods per income unit,1.0,1.0,1.0,1.0,,19.0,-0.3376000000000001,,6.92,True,True,False,,False
mpc_joint_gate,m_H,0.58,goods per income unit,m_S,0.13,goods per income unit,1.0,1.0,1.0,1.0,,19.0,-0.3376000000000001,,6.92,True,True,False,,False
mpc_joint_gate,m_H,0.58,goods per income unit,m_S,0.14,goods per income unit,1.0,1.0,1.0,1.0,,19.0,-0.3376000000000001,,6.92,True,True,False,,False
mpc_joint_gate,m_H,0.58,goods per income unit,m_S,0.15000000000000002,goods per income unit,1.0,1.0,1.0,1.0,,19.0,-0.3376000000000001,,6.92,True,True,False,,False
mpc_joint_gate,m_H,0.58,goods per income unit,m_S,0.16,goods per income unit,1.0,1.0,1.0,1.0,,19.0,-0.3376000000000001,,6.92,True,True,False,,False
mpc_joint_gate,m_H,0.58,goods per income unit,m_S,0.17,goods per income unit,1.0,1.0,1.0,1.0,,19.0,-0.3376000000000001,,6.92,True,True,False,,False
mpc_joint_gate,m_H,0.58,goods per income unit,m_S,0.18,goods per income unit,1.0,1.0,1.0,1.0,,19.0,-0.3376000000000001,,6.92,True,True,False,,False
mpc_joint_gate,m_H,0.58,goods per income unit,m_S,0.19,goods per income unit,1.0,1.0,1.0,1.0,,19.0,-0.3376000000000001,,6.92,True,True,False,,False
mpc_joint_gate,m_H,0.58,goods per income unit,m_S,0.2,goods per income unit,1.0,1.0,1.0,1.0,,19.0,-0.3376000000000001,,6.92,True,True,False,,False
mpc_joint_gate,m_H,0.58,goods per income unit,m_S,0.21000000000000002,goods per income unit,1.0,1.0,1.0,1.0,,19.0,-0.3376000000000001,,6.92,True,True,False,,False
mpc_joint_gate,m_H,0.58,goods per income unit,m_S,0.22,goods per income unit,1.0,1.0,1.0,1.0,,19.0,-0.3376000000000001,,6.92,True,True,False,,False
mpc_joint_gate,m_H,0.58,goods per income unit,m_S,0.23,goods per income unit,1.0,1.0,1.0,1.0,,19.0,-0.3376000000000001,,6.92,True,True,False,,False
mpc_joint_gate,m_H,0.58,goods per income unit,m_S,0.24000000000000002,goods per income unit,1.0,1.0,1.0,1.0,,19.0,-0.3376000000000001,,6.92,True,True,False,,False
mpc_joint_gate,m_H,0.58,goods per income unit,m_S,0.25,goods per income unit,1.0,1.0,1.0,1.0,,19.0,-0.3376000000000001,,6.92,True,True,False,,False
mpc_joint_gate,m_H,0.58,goods per income unit,m_S,0.26,goods per income unit,1.0,1.0,1.0,1.0,,19.0,-0.3376000000000001,,6.92,True,True,False,,False
mpc_joint_gate,m_H,0.58,goods per income unit,m_S,0.27,goods per income unit,1.0,1.0,1.0,1.0,,19.0,-0.3376000000000001,,6.92,True,True,False,,False
mpc_joint_gate,m_H,0.58,goods per income unit,m_S,0.28,goods per income unit,1.0,1.0,1.0,1.0,,19.0,-0.3376000000000001,,6.92,True,True,False,,False
mpc_joint_gate,m_H,0.58,goods per income unit,m_S,0.29000000000000004,goods per income unit,1.0,1.0,1.0,1.0,,19.0,-0.3376000000000001,,6.92,True,True,False,,False
mpc_joint_gate,m_H,0.58,goods per income unit,m_S,0.30000000000000004,goods per income unit,1.0,1.0,1.0,1.0,,19.0,-0.3376000000000001,,6.92,True,True,False,,False
mpc_joint_gate,m_H,0.58,goods per income unit,m_S,0.31,goods per income unit,1.0,1.0,1.0,1.0,,19.0,-0.3376000000000001,,6.92,True,True,False,,False
mpc_joint_gate,m_H,0.58,goods per income unit,m_S,0.32,goods per income unit,1.0,1.0,1.0,1.0,,19.0,-0.3376000000000001,,6.92,True,True,False,,False
mpc_joint_gate,m_H,0.58,goods per income unit,m_S,0.33,goods per income unit,1.0,1.0,1.0,1.0,,19.0,-0.3376000000000001,,6.92,True,True,False,,False
mpc_joint_gate,m_H,0.58,goods per income unit,m_S,0.33999999999999997,goods per income unit,1.0,1.0,1.0,1.0,,19.0,-0.3376000000000001,,6.92,True,True,False,,False
mpc_joint_gate,m_H,0.58,goods per income unit,m_S,0.35,goods per income unit,1.0,1.0,1.0,1.0,,19.0,-0.3376000000000001,,6.92,True,True,False,,False
mpc_joint_gate,m_H,0.58,goods per income unit,m_S,0.36,goods per income unit,1.0,1.0,1.0,1.0,,19.0,-0.3376000000000001,,6.92,True,True,False,,False
mpc_joint_gate,m_H,0.58,goods per income unit,m_S,0.37,goods per income unit,1.0,1.0,1.0,1.0,,19.0,-0.3376000000000001,,6.92,True,True,False,,False
mpc_joint_gate,m_H,0.58,goods per income unit,m_S,0.38,goods per income unit,1.0,1.0,1.0,1.0,,19.0,-0.3376000000000001,,6.92,True,True,False,,False
mpc_joint_gate,m_H,0.58,goods per income unit,m_S,0.39,goods per income unit,1.0,1.0,1.0,1.0,,19.0,-0.3376000000000001,,6.92,True,True,False,,False
mpc_joint_gate,m_H,0.58,goods per income unit,m_S,0.4,goods per income unit,1.0,1.0,1.0,1.0,,19.0,-0.3376000000000001,,6.92,True,True,False,,False
mpc_joint_gate,m_H,0.58,goods per income unit,m_S,0.41000000000000003,goods per income unit,1.0,1.0,1.0,1.0,,19.0,-0.3376000000000001,,6.92,True,True,False,,False
mpc_joint_gate,m_H,0.58,goods per income unit,m_S,0.42000000000000004,goods per income unit,1.0,1.0,1.0,1.0,,19.0,-0.3376000000000001,,6.92,True,True,False,,False
mpc_joint_gate,m_H,0.58,goods per income unit,m_S,0.43000000000000005,goods per income unit,1.0,1.0,1.0,1.0,,19.0,-0.3376000000000001,,6.92,True,True,False,,False
mpc_joint_gate,m_H,0.58,goods per income unit,m_S,0.44000000000000006,goods per income unit,1.0,1.0,1.0,1.0,,19.0,-0.3376000000000001,,6.92,True,True,False,,False
mpc_joint_gate,m_H,0.58,goods per income unit,m_S,0.45000000000000007,goods per income unit,1.0,1.0,1.0,1.0,,19.0,-0.3376000000000001,,6.92,True,True,False,,False
mpc_joint_gate,m_H,0.58,goods per income unit,m_S,0.45999999999999996,goods per income unit,1.0,1.0,1.0,1.0,,19.0,-0.3376000000000001,,6.92,True,True,False,,False
mpc_joint_gate,m_H,0.58,goods per income unit,m_S,0.47,goods per income unit,1.0,1.0,1.0,1.0,,19.0,-0.3376000000000001,,6.92,True,True,False,,False
mpc_joint_gate,m_H,0.58,goods per income unit,m_S,0.48,goods per income unit,1.0,1.0,1.0,1.0,,19.0,-0.3376000000000001,,6.92,True,True,False,,False
mpc_joint_gate,m_H,0.58,goods per income unit,m_S,0.49,goods per income unit,1.0,1.0,1.0,1.0,,19.0,-0.3376000000000001,,6.92,True,True,False,,False
mpc_joint_gate,m_H,0.58,goods per income unit,m_S,0.5,goods per income unit,1.0,1.0,1.0,1.0,,19.0,-0.3376000000000001,,6.92,True,True,False,,False
mpc_joint_gate,m_H,0.59,goods per income unit,m_S,0.1,goods per income unit,1.0,1.0,1.0,1.0,,19.0,-0.4247999999999985,,6.92,True,True,False,,False
mpc_joint_gate,m_H,0.59,goods per income unit,m_S,0.11,goods per income unit,1.0,1.0,1.0,1.0,,19.0,-0.4247999999999985,,6.92,True,True,False,,False
mpc_joint_gate,m_H,0.59,goods per income unit,m_S,0.12000000000000001,goods per income unit,1.0,1.0,1.0,1.0,,19.0,-0.4247999999999985,,6.92,True,True,False,,False
mpc_joint_gate,m_H,0.59,goods per income unit,m_S,0.13,goods per income unit,1.0,1.0,1.0,1.0,,19.0,-0.4247999999999985,,6.92,True,True,False,,False
mpc_joint_gate,m_H,0.59,goods per income unit,m_S,0.14,goods per income unit,1.0,1.0,1.0,1.0,,19.0,-0.4247999999999985,,6.92,True,True,False,,False
mpc_joint_gate,m_H,0.59,goods per income unit,m_S,0.15000000000000002,goods per income unit,1.0,1.0,1.0,1.0,,19.0,-0.4247999999999985,,6.92,True,True,False,,False
mpc_joint_gate,m_H,0.59,goods per income unit,m_S,0.16,goods per income unit,1.0,1.0,1.0,1.0,,19.0,-0.4247999999999985,,6.92,True,True,False,,False
mpc_joint_gate,m_H,0.59,goods per income unit,m_S,0.17,goods per income unit,1.0,1.0,1.0,1.0,,19.0,-0.4247999999999985,,6.92,True,True,False,,False
mpc_joint_gate,m_H,0.59,goods per income unit,m_S,0.18,goods per income unit,1.0,1.0,1.0,1.0,,19.0,-0.4247999999999985,,6.92,True,True,False,,False
mpc_joint_gate,m_H,0.59,goods per income unit,m_S,0.19,goods per income unit,1.0,1.0,1.0,1.0,,19.0,-0.4247999999999985,,6.92,True,True,False,,False
mpc_joint_gate,m_H,0.59,goods per income unit,m_S,0.2,goods per income unit,1.0,1.0,1.0,1.0,,19.0,-0.4247999999999985,,6.92,True,True,False,,False
mpc_joint_gate,m_H,0.59,goods per income unit,m_S,0.21000000000000002,goods per income unit,1.0,1.0,1.0,1.0,,19.0,-0.4247999999999985,,6.92,True,True,False,,False
mpc_joint_gate,m_H,0.59,goods per income unit,m_S,0.22,goods per income unit,1.0,1.0,1.0,1.0,,19.0,-0.4247999999999985,,6.92,True,True,False,,False
mpc_joint_gate,m_H,0.59,goods per income unit,m_S,0.23,goods per income unit,1.0,1.0,1.0,1.0,,19.0,-0.4247999999999985,,6.92,True,True,False,,False
mpc_joint_gate,m_H,0.59,goods per income unit,m_S,0.24000000000000002,goods per income unit,1.0,1.0,1.0,1.0,,19.0,-0.4247999999999985,,6.92,True,True,False,,False
mpc_joint_gate,m_H,0.59,goods per income unit,m_S,0.25,goods per income unit,1.0,1.0,1.0,1.0,,19.0,-0.4247999999999985,,6.92,True,True,False,,False
mpc_joint_gate,m_H,0.59,goods per income unit,m_S,0.26,goods per income unit,1.0,1.0,1.0,1.0,,19.0,-0.4247999999999985,,6.92,True,True,False,,False
mpc_joint_gate,m_H,0.59,goods per income unit,m_S,0.27,goods per income unit,1.0,1.0,1.0,1.0,,19.0,-0.4247999999999985,,6.92,True,True,False,,False
mpc_joint_gate,m_H,0.59,goods per income unit,m_S,0.28,goods per income unit,1.0,1.0,1.0,1.0,,19.0,-0.4247999999999985,,6.92,True,True,False,,False
mpc_joint_gate,m_H,0.59,goods per income unit,m_S,0.29000000000000004,goods per income unit,1.0,1.0,1.0,1.0,,19.0,-0.4247999999999985,,6.92,True,True,False,,False
mpc_joint_gate,m_H,0.59,goods per income unit,m_S,0.30000000000000004,goods per income unit,1.0,1.0,1.0,1.0,,19.0,-0.4247999999999985,,6.92,True,True,False,,False
mpc_joint_gate,m_H,0.59,goods per income unit,m_S,0.31,goods per income unit,1.0,1.0,1.0,1.0,,19.0,-0.4247999999999985,,6.92,True,True,False,,False
mpc_joint_gate,m_H,0.59,goods per income unit,m_S,0.32,goods per income unit,1.0,1.0,1.0,1.0,,19.0,-0.4247999999999985,,6.92,True,True,False,,False
mpc_joint_gate,m_H,0.59,goods per income unit,m_S,0.33,goods per income unit,1.0,1.0,1.0,1.0,,19.0,-0.4247999999999985,,6.92,True,True,False,,False
mpc_joint_gate,m_H,0.59,goods per income unit,m_S,0.33999999999999997,goods per income unit,1.0,1.0,1.0,1.0,,19.0,-0.4247999999999985,,6.92,True,True,False,,False
mpc_joint_gate,m_H,0.59,goods per income unit,m_S,0.35,goods per income unit,1.0,1.0,1.0,1.0,,19.0,-0.4247999999999985,,6.92,True,True,False,,False
mpc_joint_gate,m_H,0.59,goods per income unit,m_S,0.36,goods per income unit,1.0,1.0,1.0,1.0,,19.0,-0.4247999999999985,,6.92,True,True,False,,False
mpc_joint_gate,m_H,0.59,goods per income unit,m_S,0.37,goods per income unit,1.0,1.0,1.0,1.0,,19.0,-0.4247999999999985,,6.92,True,True,False,,False
mpc_joint_gate,m_H,0.59,goods per income unit,m_S,0.38,goods per income unit,1.0,1.0,1.0,1.0,,19.0,-0.4247999999999985,,6.92,True,True,False,,False
mpc_joint_gate,m_H,0.59,goods per income unit,m_S,0.39,goods per income unit,1.0,1.0,1.0,1.0,,19.0,-0.4247999999999985,,6.92,True,True,False,,False
mpc_joint_gate,m_H,0.59,goods per income unit,m_S,0.4,goods per income unit,1.0,1.0,1.0,1.0,,19.0,-0.4247999999999985,,6.92,True,True,False,,False
mpc_joint_gate,m_H,0.59,goods per income unit,m_S,0.41000000000000003,goods per income unit,1.0,1.0,1.0,1.0,,19.0,-0.4247999999999985,,6.92,True,True,False,,False
mpc_joint_gate,m_H,0.59,goods per income unit,m_S,0.42000000000000004,goods per income unit,1.0,1.0,1.0,1.0,,19.0,-0.4247999999999985,,6.92,True,True,False,,False
mpc_joint_gate,m_H,0.59,goods per income unit,m_S,0.43000000000000005,goods per income unit,1.0,1.0,1.0,1.0,,19.0,-0.4247999999999985,,6.92,True,True,False,,False
mpc_joint_gate,m_H,0.59,goods per income unit,m_S,0.44000000000000006,goods per income unit,1.0,1.0,1.0,1.0,,19.0,-0.4247999999999985,,6.92,True,True,False,,False
mpc_joint_gate,m_H,0.59,goods per income unit,m_S,0.45000000000000007,goods per income unit,1.0,1.0,1.0,1.0,,19.0,-0.4247999999999985,,6.92,True,True,False,,False
mpc_joint_gate,m_H,0.59,goods per income unit,m_S,0.45999999999999996,goods per income unit,1.0,1.0,1.0,1.0,,19.0,-0.4247999999999985,,6.92,True,True,False,,False
mpc_joint_gate,m_H,0.59,goods per income unit,m_S,0.47,goods per income unit,1.0,1.0,1.0,1.0,,19.0,-0.4247999999999985,,6.92,True,True,False,,False
mpc_joint_gate,m_H,0.59,goods per income unit,m_S,0.48,goods per income unit,1.0,1.0,1.0,1.0,,19.0,-0.4247999999999985,,6.92,True,True,False,,False
mpc_joint_gate,m_H,0.59,goods per income unit,m_S,0.49,goods per income unit,1.0,1.0,1.0,1.0,,19.0,-0.4247999999999985,,6.92,True,True,False,,False
mpc_joint_gate,m_H,0.59,goods per income unit,m_S,0.5,goods per income unit,1.0,1.0,1.0,1.0,,19.0,-0.4247999999999985,,6.92,True,True,False,,False
mpc_joint_gate,m_H,0.6,goods per income unit,m_S,0.1,goods per income unit,1.0,1.0,1.0,1.0,,19.0,-0.5119999999999996,,6.92,True,True,False,,False
mpc_joint_gate,m_H,0.6,goods per income unit,m_S,0.11,goods per income unit,1.0,1.0,1.0,1.0,,19.0,-0.5119999999999996,,6.92,True,True,False,,False
mpc_joint_gate,m_H,0.6,goods per income unit,m_S,0.12000000000000001,goods per income unit,1.0,1.0,1.0,1.0,,19.0,-0.5119999999999996,,6.92,True,True,False,,False
mpc_joint_gate,m_H,0.6,goods per income unit,m_S,0.13,goods per income unit,1.0,1.0,1.0,1.0,,19.0,-0.5119999999999996,,6.92,True,True,False,,False
mpc_joint_gate,m_H,0.6,goods per income unit,m_S,0.14,goods per income unit,1.0,1.0,1.0,1.0,,19.0,-0.5119999999999996,,6.92,True,True,False,,False
mpc_joint_gate,m_H,0.6,goods per income unit,m_S,0.15000000000000002,goods per income unit,1.0,1.0,1.0,1.0,,19.0,-0.5119999999999996,,6.92,True,True,False,,False
mpc_joint_gate,m_H,0.6,goods per income unit,m_S,0.16,goods per income unit,1.0,1.0,1.0,1.0,,19.0,-0.5119999999999996,,6.92,True,True,False,,False
mpc_joint_gate,m_H,0.6,goods per income unit,m_S,0.17,goods per income unit,1.0,1.0,1.0,1.0,,19.0,-0.5119999999999996,,6.92,True,True,False,,False
mpc_joint_gate,m_H,0.6,goods per income unit,m_S,0.18,goods per income unit,1.0,1.0,1.0,1.0,,19.0,-0.5119999999999996,,6.92,True,True,False,,False
mpc_joint_gate,m_H,0.6,goods per income unit,m_S,0.19,goods per income unit,1.0,1.0,1.0,1.0,,19.0,-0.5119999999999996,,6.92,True,True,False,,False
mpc_joint_gate,m_H,0.6,goods per income unit,m_S,0.2,goods per income unit,1.0,1.0,1.0,1.0,,19.0,-0.5119999999999996,,6.92,True,True,False,,False
mpc_joint_gate,m_H,0.6,goods per income unit,m_S,0.21000000000000002,goods per income unit,1.0,1.0,1.0,1.0,,19.0,-0.5119999999999996,,6.92,True,True,False,,False
mpc_joint_gate,m_H,0.6,goods per income unit,m_S,0.22,goods per income unit,1.0,1.0,1.0,1.0,,19.0,-0.5119999999999996,,6.92,True,True,False,,False
mpc_joint_gate,m_H,0.6,goods per income unit,m_S,0.23,goods per income unit,1.0,1.0,1.0,1.0,,19.0,-0.5119999999999996,,6.92,True,True,False,,False
mpc_joint_gate,m_H,0.6,goods per income unit,m_S,0.24000000000000002,goods per income unit,1.0,1.0,1.0,1.0,,19.0,-0.5119999999999996,,6.92,True,True,False,,False
mpc_joint_gate,m_H,0.6,goods per income unit,m_S,0.25,goods per income unit,1.0,1.0,1.0,1.0,,19.0,-0.5119999999999996,,6.92,True,True,False,,False
mpc_joint_gate,m_H,0.6,goods per income unit,m_S,0.26,goods per income unit,1.0,1.0,1.0,1.0,,19.0,-0.5119999999999996,,6.92,True,True,False,,False
mpc_joint_gate,m_H,0.6,goods per income unit,m_S,0.27,goods per income unit,1.0,1.0,1.0,1.0,,19.0,-0.5119999999999996,,6.92,True,True,False,,False
mpc_joint_gate,m_H,0.6,goods per income unit,m_S,0.28,goods per income unit,1.0,1.0,1.0,1.0,,19.0,-0.5119999999999996,,6.92,True,True,False,,False
mpc_joint_gate,m_H,0.6,goods per income unit,m_S,0.29000000000000004,goods per income unit,1.0,1.0,1.0,1.0,,19.0,-0.5119999999999996,,6.92,True,True,False,,False
mpc_joint_gate,m_H,0.6,goods per income unit,m_S,0.30000000000000004,goods per income unit,1.0,1.0,1.0,1.0,,19.0,-0.5119999999999996,,6.92,True,True,False,,False
mpc_joint_gate,m_H,0.6,goods per income unit,m_S,0.31,goods per income unit,1.0,1.0,1.0,1.0,,19.0,-0.5119999999999996,,6.92,True,True,False,,False
mpc_joint_gate,m_H,0.6,goods per income unit,m_S,0.32,goods per income unit,1.0,1.0,1.0,1.0,,19.0,-0.5119999999999996,,6.92,True,True,False,,False
mpc_joint_gate,m_H,0.6,goods per income unit,m_S,0.33,goods per income unit,1.0,1.0,1.0,1.0,,19.0,-0.5119999999999996,,6.92,True,True,False,,False
mpc_joint_gate,m_H,0.6,goods per income unit,m_S,0.33999999999999997,goods per income unit,1.0,1.0,1.0,1.0,,19.0,-0.5119999999999996,,6.92,True,True,False,,False
mpc_joint_gate,m_H,0.6,goods per income unit,m_S,0.35,goods per income unit,1.0,1.0,1.0,1.0,,19.0,-0.5119999999999996,,6.92,True,True,False,,False
mpc_joint_gate,m_H,0.6,goods per income unit,m_S,0.36,goods per income unit,1.0,1.0,1.0,1.0,,19.0,-0.5119999999999996,,6.92,True,True,False,,False
mpc_joint_gate,m_H,0.6,goods per income unit,m_S,0.37,goods per income unit,1.0,1.0,1.0,1.0,,19.0,-0.5119999999999996,,6.92,True,True,False,,False
mpc_joint_gate,m_H,0.6,goods per income unit,m_S,0.38,goods per income unit,1.0,1.0,1.0,1.0,,19.0,-0.5119999999999996,,6.92,True,True,False,,False
mpc_joint_gate,m_H,0.6,goods per income unit,m_S,0.39,goods per income unit,1.0,1.0,1.0,1.0,,19.0,-0.5119999999999996,,6.92,True,True,False,,False
mpc_joint_gate,m_H,0.6,goods per income unit,m_S,0.4,goods per income unit,1.0,1.0,1.0,1.0,,19.0,-0.5119999999999996,,6.92,True,True,False,,False
mpc_joint_gate,m_H,0.6,goods per income unit,m_S,0.41000000000000003,goods per income unit,1.0,1.0,1.0,1.0,,19.0,-0.5119999999999996,,6.92,True,True,False,,False
mpc_joint_gate,m_H,0.6,goods per income unit,m_S,0.42000000000000004,goods per income unit,1.0,1.0,1.0,1.0,,19.0,-0.5119999999999996,,6.92,True,True,False,,False
mpc_joint_gate,m_H,0.6,goods per income unit,m_S,0.43000000000000005,goods per income unit,1.0,1.0,1.0,1.0,,19.0,-0.5119999999999996,,6.92,True,True,False,,False
mpc_joint_gate,m_H,0.6,goods per income unit,m_S,0.44000000000000006,goods per income unit,1.0,1.0,1.0,1.0,,19.0,-0.5119999999999996,,6.92,True,True,False,,False
mpc_joint_gate,m_H,0.6,goods per income unit,m_S,0.45000000000000007,goods per income unit,1.0,1.0,1.0,1.0,,19.0,-0.5119999999999996,,6.92,True,True,False,,False
mpc_joint_gate,m_H,0.6,goods per income unit,m_S,0.45999999999999996,goods per income unit,1.0,1.0,1.0,1.0,,19.0,-0.5119999999999996,,6.92,True,True,False,,False
mpc_joint_gate,m_H,0.6,goods per income unit,m_S,0.47,goods per income unit,1.0,1.0,1.0,1.0,,19.0,-0.5119999999999996,,6.92,True,True,False,,False
mpc_joint_gate,m_H,0.6,goods per income unit,m_S,0.48,goods per income unit,1.0,1.0,1.0,1.0,,19.0,-0.5119999999999996,,6.92,True,True,False,,False
mpc_joint_gate,m_H,0.6,goods per income unit,m_S,0.49,goods per income unit,1.0,1.0,1.0,1.0,,19.0,-0.5119999999999996,,6.92,True,True,False,,False
mpc_joint_gate,m_H,0.6,goods per income unit,m_S,0.5,goods per income unit,1.0,1.0,1.0,1.0,,19.0,-0.5119999999999996,,6.92,True,True,False,,False
mpc_joint_gate,m_H,0.61,goods per income unit,m_S,0.1,goods per income unit,1.0,1.0,1.0,1.0,,19.0,-0.5991999999999988,,6.92,True,True,False,,False
mpc_joint_gate,m_H,0.61,goods per income unit,m_S,0.11,goods per income unit,1.0,1.0,1.0,1.0,,19.0,-0.5991999999999988,,6.92,True,True,False,,False
mpc_joint_gate,m_H,0.61,goods per income unit,m_S,0.12000000000000001,goods per income unit,1.0,1.0,1.0,1.0,,19.0,-0.5991999999999988,,6.92,True,True,False,,False
mpc_joint_gate,m_H,0.61,goods per income unit,m_S,0.13,goods per income unit,1.0,1.0,1.0,1.0,,19.0,-0.5991999999999988,,6.92,True,True,False,,False
mpc_joint_gate,m_H,0.61,goods per income unit,m_S,0.14,goods per income unit,1.0,1.0,1.0,1.0,,19.0,-0.5991999999999988,,6.92,True,True,False,,False
mpc_joint_gate,m_H,0.61,goods per income unit,m_S,0.15000000000000002,goods per income unit,1.0,1.0,1.0,1.0,,19.0,-0.5991999999999988,,6.92,True,True,False,,False
mpc_joint_gate,m_H,0.61,goods per income unit,m_S,0.16,goods per income unit,1.0,1.0,1.0,1.0,,19.0,-0.5991999999999988,,6.92,True,True,False,,False
mpc_joint_gate,m_H,0.61,goods per income unit,m_S,0.17,goods per income unit,1.0,1.0,1.0,1.0,,19.0,-0.5991999999999988,,6.92,True,True,False,,False
mpc_joint_gate,m_H,0.61,goods per income unit,m_S,0.18,goods per income unit,1.0,1.0,1.0,1.0,,19.0,-0.5991999999999988,,6.92,True,True,False,,False
mpc_joint_gate,m_H,0.61,goods per income unit,m_S,0.19,goods per income unit,1.0,1.0,1.0,1.0,,19.0,-0.5991999999999988,,6.92,True,True,False,,False
mpc_joint_gate,m_H,0.61,goods per income unit,m_S,0.2,goods per income unit,1.0,1.0,1.0,1.0,,19.0,-0.5991999999999988,,6.92,True,True,False,,False
mpc_joint_gate,m_H,0.61,goods per income unit,m_S,0.21000000000000002,goods per income unit,1.0,1.0,1.0,1.0,,19.0,-0.5991999999999988,,6.92,True,True,False,,False
mpc_joint_gate,m_H,0.61,goods per income unit,m_S,0.22,goods per income unit,1.0,1.0,1.0,1.0,,19.0,-0.5991999999999988,,6.92,True,True,False,,False
mpc_joint_gate,m_H,0.61,goods per income unit,m_S,0.23,goods per income unit,1.0,1.0,1.0,1.0,,19.0,-0.5991999999999988,,6.92,True,True,False,,False
mpc_joint_gate,m_H,0.61,goods per income unit,m_S,0.24000000000000002,goods per income unit,1.0,1.0,1.0,1.0,,19.0,-0.5991999999999988,,6.92,True,True,False,,False
mpc_joint_gate,m_H,0.61,goods per income unit,m_S,0.25,goods per income unit,1.0,1.0,1.0,1.0,,19.0,-0.5991999999999988,,6.92,True,True,False,,False
mpc_joint_gate,m_H,0.61,goods per income unit,m_S,0.26,goods per income unit,1.0,1.0,1.0,1.0,,19.0,-0.5991999999999988,,6.92,True,True,False,,False
mpc_joint_gate,m_H,0.61,goods per income unit,m_S,0.27,goods per income unit,1.0,1.0,1.0,1.0,,19.0,-0.5991999999999988,,6.92,True,True,False,,False
mpc_joint_gate,m_H,0.61,goods per income unit,m_S,0.28,goods per income unit,1.0,1.0,1.0,1.0,,19.0,-0.5991999999999988,,6.92,True,True,False,,False
mpc_joint_gate,m_H,0.61,goods per income unit,m_S,0.29000000000000004,goods per income unit,1.0,1.0,1.0,1.0,,19.0,-0.5991999999999988,,6.92,True,True,False,,False
mpc_joint_gate,m_H,0.61,goods per income unit,m_S,0.30000000000000004,goods per income unit,1.0,1.0,1.0,1.0,,19.0,-0.5991999999999988,,6.92,True,True,False,,False
mpc_joint_gate,m_H,0.61,goods per income unit,m_S,0.31,goods per income unit,1.0,1.0,1.0,1.0,,19.0,-0.5991999999999988,,6.92,True,True,False,,False
mpc_joint_gate,m_H,0.61,goods per income unit,m_S,0.32,goods per income unit,1.0,1.0,1.0,1.0,,19.0,-0.5991999999999988,,6.92,True,True,False,,False
mpc_joint_gate,m_H,0.61,goods per income unit,m_S,0.33,goods per income unit,1.0,1.0,1.0,1.0,,19.0,-0.5991999999999988,,6.92,True,True,False,,False
mpc_joint_gate,m_H,0.61,goods per income unit,m_S,0.33999999999999997,goods per income unit,1.0,1.0,1.0,1.0,,19.0,-0.5991999999999988,,6.92,True,True,False,,False
mpc_joint_gate,m_H,0.61,goods per income unit,m_S,0.35,goods per income unit,1.0,1.0,1.0,1.0,,19.0,-0.5991999999999988,,6.92,True,True,False,,False
mpc_joint_gate,m_H,0.61,goods per income unit,m_S,0.36,goods per income unit,1.0,1.0,1.0,1.0,,19.0,-0.5991999999999988,,6.92,True,True,False,,False
mpc_joint_gate,m_H,0.61,goods per income unit,m_S,0.37,goods per income unit,1.0,1.0,1.0,1.0,,19.0,-0.5991999999999988,,6.92,True,True,False,,False
mpc_joint_gate,m_H,0.61,goods per income unit,m_S,0.38,goods per income unit,1.0,1.0,1.0,1.0,,19.0,-0.5991999999999988,,6.92,True,True,False,,False
mpc_joint_gate,m_H,0.61,goods per income unit,m_S,0.39,goods per income unit,1.0,1.0,1.0,1.0,,19.0,-0.5991999999999988,,6.92,True,True,False,,False
mpc_joint_gate,m_H,0.61,goods per income unit,m_S,0.4,goods per income unit,1.0,1.0,1.0,1.0,,19.0,-0.5991999999999988,,6.92,True,True,False,,False
mpc_joint_gate,m_H,0.61,goods per income unit,m_S,0.41000000000000003,goods per income unit,1.0,1.0,1.0,1.0,,19.0,-0.5991999999999988,,6.92,True,True,False,,False
mpc_joint_gate,m_H,0.61,goods per income unit,m_S,0.42000000000000004,goods per income unit,1.0,1.0,1.0,1.0,,19.0,-0.5991999999999988,,6.92,True,True,False,,False
mpc_joint_gate,m_H,0.61,goods per income unit,m_S,0.43000000000000005,goods per income unit,1.0,1.0,1.0,1.0,,19.0,-0.5991999999999988,,6.92,True,True,False,,False
mpc_joint_gate,m_H,0.61,goods per income unit,m_S,0.44000000000000006,goods per income unit,1.0,1.0,1.0,1.0,,19.0,-0.5991999999999988,,6.92,True,True,False,,False
mpc_joint_gate,m_H,0.61,goods per income unit,m_S,0.45000000000000007,goods per income unit,1.0,1.0,1.0,1.0,,19.0,-0.5991999999999988,,6.92,True,True,False,,False
mpc_joint_gate,m_H,0.61,goods per income unit,m_S,0.45999999999999996,goods per income unit,1.0,1.0,1.0,1.0,,19.0,-0.5991999999999988,,6.92,True,True,False,,False
mpc_joint_gate,m_H,0.61,goods per income unit,m_S,0.47,goods per income unit,1.0,1.0,1.0,1.0,,19.0,-0.5991999999999988,,6.92,True,True,False,,False
mpc_joint_gate,m_H,0.61,goods per income unit,m_S,0.48,goods per income unit,1.0,1.0,1.0,1.0,,19.0,-0.5991999999999988,,6.92,True,True,False,,False
mpc_joint_gate,m_H,0.61,goods per income unit,m_S,0.49,goods per income unit,1.0,1.0,1.0,1.0,,19.0,-0.5991999999999988,,6.92,True,True,False,,False
mpc_joint_gate,m_H,0.61,goods per income unit,m_S,0.5,goods per income unit,1.0,1.0,1.0,1.0,,19.0,-0.5991999999999988,,6.92,True,True,False,,False
mpc_joint_gate,m_H,0.62,goods per income unit,m_S,0.1,goods per income unit,1.0,1.0,1.0,1.0,,19.0,-0.6863999999999999,,6.92,True,True,False,,False
mpc_joint_gate,m_H,0.62,goods per income unit,m_S,0.11,goods per income unit,1.0,1.0,1.0,1.0,,19.0,-0.6863999999999999,,6.92,True,True,False,,False
mpc_joint_gate,m_H,0.62,goods per income unit,m_S,0.12000000000000001,goods per income unit,1.0,1.0,1.0,1.0,,19.0,-0.6863999999999999,,6.92,True,True,False,,False
mpc_joint_gate,m_H,0.62,goods per income unit,m_S,0.13,goods per income unit,1.0,1.0,1.0,1.0,,19.0,-0.6863999999999999,,6.92,True,True,False,,False
mpc_joint_gate,m_H,0.62,goods per income unit,m_S,0.14,goods per income unit,1.0,1.0,1.0,1.0,,19.0,-0.6863999999999999,,6.92,True,True,False,,False
mpc_joint_gate,m_H,0.62,goods per income unit,m_S,0.15000000000000002,goods per income unit,1.0,1.0,1.0,1.0,,19.0,-0.6863999999999999,,6.92,True,True,False,,False
mpc_joint_gate,m_H,0.62,goods per income unit,m_S,0.16,goods per income unit,1.0,1.0,1.0,1.0,,19.0,-0.6863999999999999,,6.92,True,True,False,,False
mpc_joint_gate,m_H,0.62,goods per income unit,m_S,0.17,goods per income unit,1.0,1.0,1.0,1.0,,19.0,-0.6863999999999999,,6.92,True,True,False,,False
mpc_joint_gate,m_H,0.62,goods per income unit,m_S,0.18,goods per income unit,1.0,1.0,1.0,1.0,,19.0,-0.6863999999999999,,6.92,True,True,False,,False
mpc_joint_gate,m_H,0.62,goods per income unit,m_S,0.19,goods per income unit,1.0,1.0,1.0,1.0,,19.0,-0.6863999999999999,,6.92,True,True,False,,False
mpc_joint_gate,m_H,0.62,goods per income unit,m_S,0.2,goods per income unit,1.0,1.0,1.0,1.0,,19.0,-0.6863999999999999,,6.92,True,True,False,,False
mpc_joint_gate,m_H,0.62,goods per income unit,m_S,0.21000000000000002,goods per income unit,1.0,1.0,1.0,1.0,,19.0,-0.6863999999999999,,6.92,True,True,False,,False
mpc_joint_gate,m_H,0.62,goods per income unit,m_S,0.22,goods per income unit,1.0,1.0,1.0,1.0,,19.0,-0.6863999999999999,,6.92,True,True,False,,False
mpc_joint_gate,m_H,0.62,goods per income unit,m_S,0.23,goods per income unit,1.0,1.0,1.0,1.0,,19.0,-0.6863999999999999,,6.92,True,True,False,,False
mpc_joint_gate,m_H,0.62,goods per income unit,m_S,0.24000000000000002,goods per income unit,1.0,1.0,1.0,1.0,,19.0,-0.6863999999999999,,6.92,True,True,False,,False
mpc_joint_gate,m_H,0.62,goods per income unit,m_S,0.25,goods per income unit,1.0,1.0,1.0,1.0,,19.0,-0.6863999999999999,,6.92,True,True,False,,False
mpc_joint_gate,m_H,0.62,goods per income unit,m_S,0.26,goods per income unit,1.0,1.0,1.0,1.0,,19.0,-0.6863999999999999,,6.92,True,True,False,,False
mpc_joint_gate,m_H,0.62,goods per income unit,m_S,0.27,goods per income unit,1.0,1.0,1.0,1.0,,19.0,-0.6863999999999999,,6.92,True,True,False,,False
mpc_joint_gate,m_H,0.62,goods per income unit,m_S,0.28,goods per income unit,1.0,1.0,1.0,1.0,,19.0,-0.6863999999999999,,6.92,True,True,False,,False
mpc_joint_gate,m_H,0.62,goods per income unit,m_S,0.29000000000000004,goods per income unit,1.0,1.0,1.0,1.0,,19.0,-0.6863999999999999,,6.92,True,True,False,,False
mpc_joint_gate,m_H,0.62,goods per income unit,m_S,0.30000000000000004,goods per income unit,1.0,1.0,1.0,1.0,,19.0,-0.6863999999999999,,6.92,True,True,False,,False
mpc_joint_gate,m_H,0.62,goods per income unit,m_S,0.31,goods per income unit,1.0,1.0,1.0,1.0,,19.0,-0.6863999999999999,,6.92,True,True,False,,False
mpc_joint_gate,m_H,0.62,goods per income unit,m_S,0.32,goods per income unit,1.0,1.0,1.0,1.0,,19.0,-0.6863999999999999,,6.92,True,True,False,,False
mpc_joint_gate,m_H,0.62,goods per income unit,m_S,0.33,goods per income unit,1.0,1.0,1.0,1.0,,19.0,-0.6863999999999999,,6.92,True,True,False,,False
mpc_joint_gate,m_H,0.62,goods per income unit,m_S,0.33999999999999997,goods per income unit,1.0,1.0,1.0,1.0,,19.0,-0.6863999999999999,,6.92,True,True,False,,False
mpc_joint_gate,m_H,0.62,goods per income unit,m_S,0.35,goods per income unit,1.0,1.0,1.0,1.0,,19.0,-0.6863999999999999,,6.92,True,True,False,,False
mpc_joint_gate,m_H,0.62,goods per income unit,m_S,0.36,goods per income unit,1.0,1.0,1.0,1.0,,19.0,-0.6863999999999999,,6.92,True,True,False,,False
mpc_joint_gate,m_H,0.62,goods per income unit,m_S,0.37,goods per income unit,1.0,1.0,1.0,1.0,,19.0,-0.6863999999999999,,6.92,True,True,False,,False
mpc_joint_gate,m_H,0.62,goods per income unit,m_S,0.38,goods per income unit,1.0,1.0,1.0,1.0,,19.0,-0.6863999999999999,,6.92,True,True,False,,False
mpc_joint_gate,m_H,0.62,goods per income unit,m_S,0.39,goods per income unit,1.0,1.0,1.0,1.0,,19.0,-0.6863999999999999,,6.92,True,True,False,,False
mpc_joint_gate,m_H,0.62,goods per income unit,m_S,0.4,goods per income unit,1.0,1.0,1.0,1.0,,19.0,-0.6863999999999999,,6.92,True,True,False,,False
mpc_joint_gate,m_H,0.62,goods per income unit,m_S,0.41000000000000003,goods per income unit,1.0,1.0,1.0,1.0,,19.0,-0.6863999999999999,,6.92,True,True,False,,False
mpc_joint_gate,m_H,0.62,goods per income unit,m_S,0.42000000000000004,goods per income unit,1.0,1.0,1.0,1.0,,19.0,-0.6863999999999999,,6.92,True,True,False,,False
mpc_joint_gate,m_H,0.62,goods per income unit,m_S,0.43000000000000005,goods per income unit,1.0,1.0,1.0,1.0,,19.0,-0.6863999999999999,,6.92,True,True,False,,False
mpc_joint_gate,m_H,0.62,goods per income unit,m_S,0.44000000000000006,goods per income unit,1.0,1.0,1.0,1.0,,19.0,-0.6863999999999999,,6.92,True,True,False,,False
mpc_joint_gate,m_H,0.62,goods per income unit,m_S,0.45000000000000007,goods per income unit,1.0,1.0,1.0,1.0,,19.0,-0.6863999999999999,,6.92,True,True,False,,False
mpc_joint_gate,m_H,0.62,goods per income unit,m_S,0.45999999999999996,goods per income unit,1.0,1.0,1.0,1.0,,19.0,-0.6863999999999999,,6.92,True,True,False,,False
mpc_joint_gate,m_H,0.62,goods per income unit,m_S,0.47,goods per income unit,1.0,1.0,1.0,1.0,,19.0,-0.6863999999999999,,6.92,True,True,False,,False
mpc_joint_gate,m_H,0.62,goods per income unit,m_S,0.48,goods per income unit,1.0,1.0,1.0,1.0,,19.0,-0.6863999999999999,,6.92,True,True,False,,False
mpc_joint_gate,m_H,0.62,goods per income unit,m_S,0.49,goods per income unit,1.0,1.0,1.0,1.0,,19.0,-0.6863999999999999,,6.92,True,True,False,,False
mpc_joint_gate,m_H,0.62,goods per income unit,m_S,0.5,goods per income unit,1.0,1.0,1.0,1.0,,19.0,-0.6863999999999999,,6.92,True,True,False,,False
mpc_joint_gate,m_H,0.63,goods per income unit,m_S,0.1,goods per income unit,1.0,1.0,1.0,1.0,,19.0,-0.7735999999999992,,6.92,True,True,False,,False
mpc_joint_gate,m_H,0.63,goods per income unit,m_S,0.11,goods per income unit,1.0,1.0,1.0,1.0,,19.0,-0.7735999999999992,,6.92,True,True,False,,False
mpc_joint_gate,m_H,0.63,goods per income unit,m_S,0.12000000000000001,goods per income unit,1.0,1.0,1.0,1.0,,19.0,-0.7735999999999992,,6.92,True,True,False,,False
mpc_joint_gate,m_H,0.63,goods per income unit,m_S,0.13,goods per income unit,1.0,1.0,1.0,1.0,,19.0,-0.7735999999999992,,6.92,True,True,False,,False
mpc_joint_gate,m_H,0.63,goods per income unit,m_S,0.14,goods per income unit,1.0,1.0,1.0,1.0,,19.0,-0.7735999999999992,,6.92,True,True,False,,False
mpc_joint_gate,m_H,0.63,goods per income unit,m_S,0.15000000000000002,goods per income unit,1.0,1.0,1.0,1.0,,19.0,-0.7735999999999992,,6.92,True,True,False,,False
mpc_joint_gate,m_H,0.63,goods per income unit,m_S,0.16,goods per income unit,1.0,1.0,1.0,1.0,,19.0,-0.7735999999999992,,6.92,True,True,False,,False
mpc_joint_gate,m_H,0.63,goods per income unit,m_S,0.17,goods per income unit,1.0,1.0,1.0,1.0,,19.0,-0.7735999999999992,,6.92,True,True,False,,False
mpc_joint_gate,m_H,0.63,goods per income unit,m_S,0.18,goods per income unit,1.0,1.0,1.0,1.0,,19.0,-0.7735999999999992,,6.92,True,True,False,,False
mpc_joint_gate,m_H,0.63,goods per income unit,m_S,0.19,goods per income unit,1.0,1.0,1.0,1.0,,19.0,-0.7735999999999992,,6.92,True,True,False,,False
mpc_joint_gate,m_H,0.63,goods per income unit,m_S,0.2,goods per income unit,1.0,1.0,1.0,1.0,,19.0,-0.7735999999999992,,6.92,True,True,False,,False
mpc_joint_gate,m_H,0.63,goods per income unit,m_S,0.21000000000000002,goods per income unit,1.0,1.0,1.0,1.0,,19.0,-0.7735999999999992,,6.92,True,True,False,,False
mpc_joint_gate,m_H,0.63,goods per income unit,m_S,0.22,goods per income unit,1.0,1.0,1.0,1.0,,19.0,-0.7735999999999992,,6.92,True,True,False,,False
mpc_joint_gate,m_H,0.63,goods per income unit,m_S,0.23,goods per income unit,1.0,1.0,1.0,1.0,,19.0,-0.7735999999999992,,6.92,True,True,False,,False
mpc_joint_gate,m_H,0.63,goods per income unit,m_S,0.24000000000000002,goods per income unit,1.0,1.0,1.0,1.0,,19.0,-0.7735999999999992,,6.92,True,True,False,,False
mpc_joint_gate,m_H,0.63,goods per income unit,m_S,0.25,goods per income unit,1.0,1.0,1.0,1.0,,19.0,-0.7735999999999992,,6.92,True,True,False,,False
mpc_joint_gate,m_H,0.63,goods per income unit,m_S,0.26,goods per income unit,1.0,1.0,1.0,1.0,,19.0,-0.7735999999999992,,6.92,True,True,False,,False
mpc_joint_gate,m_H,0.63,goods per income unit,m_S,0.27,goods per income unit,1.0,1.0,1.0,1.0,,19.0,-0.7735999999999992,,6.92,True,True,False,,False
mpc_joint_gate,m_H,0.63,goods per income unit,m_S,0.28,goods per income unit,1.0,1.0,1.0,1.0,,19.0,-0.7735999999999992,,6.92,True,True,False,,False
mpc_joint_gate,m_H,0.63,goods per income unit,m_S,0.29000000000000004,goods per income unit,1.0,1.0,1.0,1.0,,19.0,-0.7735999999999992,,6.92,True,True,False,,False
mpc_joint_gate,m_H,0.63,goods per income unit,m_S,0.30000000000000004,goods per income unit,1.0,1.0,1.0,1.0,,19.0,-0.7735999999999992,,6.92,True,True,False,,False
mpc_joint_gate,m_H,0.63,goods per income unit,m_S,0.31,goods per income unit,1.0,1.0,1.0,1.0,,19.0,-0.7735999999999992,,6.92,True,True,False,,False
mpc_joint_gate,m_H,0.63,goods per income unit,m_S,0.32,goods per income unit,1.0,1.0,1.0,1.0,,19.0,-0.7735999999999992,,6.92,True,True,False,,False
mpc_joint_gate,m_H,0.63,goods per income unit,m_S,0.33,goods per income unit,1.0,1.0,1.0,1.0,,19.0,-0.7735999999999992,,6.92,True,True,False,,False
mpc_joint_gate,m_H,0.63,goods per income unit,m_S,0.33999999999999997,goods per income unit,1.0,1.0,1.0,1.0,,19.0,-0.7735999999999992,,6.92,True,True,False,,False
mpc_joint_gate,m_H,0.63,goods per income unit,m_S,0.35,goods per income unit,1.0,1.0,1.0,1.0,,19.0,-0.7735999999999992,,6.92,True,True,False,,False
mpc_joint_gate,m_H,0.63,goods per income unit,m_S,0.36,goods per income unit,1.0,1.0,1.0,1.0,,19.0,-0.7735999999999992,,6.92,True,True,False,,False
mpc_joint_gate,m_H,0.63,goods per income unit,m_S,0.37,goods per income unit,1.0,1.0,1.0,1.0,,19.0,-0.7735999999999992,,6.92,True,True,False,,False
mpc_joint_gate,m_H,0.63,goods per income unit,m_S,0.38,goods per income unit,1.0,1.0,1.0,1.0,,19.0,-0.7735999999999992,,6.92,True,True,False,,False
mpc_joint_gate,m_H,0.63,goods per income unit,m_S,0.39,goods per income unit,1.0,1.0,1.0,1.0,,19.0,-0.7735999999999992,,6.92,True,True,False,,False
mpc_joint_gate,m_H,0.63,goods per income unit,m_S,0.4,goods per income unit,1.0,1.0,1.0,1.0,,19.0,-0.7735999999999992,,6.92,True,True,False,,False
mpc_joint_gate,m_H,0.63,goods per income unit,m_S,0.41000000000000003,goods per income unit,1.0,1.0,1.0,1.0,,19.0,-0.7735999999999992,,6.92,True,True,False,,False
mpc_joint_gate,m_H,0.63,goods per income unit,m_S,0.42000000000000004,goods per income unit,1.0,1.0,1.0,1.0,,19.0,-0.7735999999999992,,6.92,True,True,False,,False
mpc_joint_gate,m_H,0.63,goods per income unit,m_S,0.43000000000000005,goods per income unit,1.0,1.0,1.0,1.0,,19.0,-0.7735999999999992,,6.92,True,True,False,,False
mpc_joint_gate,m_H,0.63,goods per income unit,m_S,0.44000000000000006,goods per income unit,1.0,1.0,1.0,1.0,,19.0,-0.7735999999999992,,6.92,True,True,False,,False
mpc_joint_gate,m_H,0.63,goods per income unit,m_S,0.45000000000000007,goods per income unit,1.0,1.0,1.0,1.0,,19.0,-0.7735999999999992,,6.92,True,True,False,,False
mpc_joint_gate,m_H,0.63,goods per income unit,m_S,0.45999999999999996,goods per income unit,1.0,1.0,1.0,1.0,,19.0,-0.7735999999999992,,6.92,True,True,False,,False
mpc_joint_gate,m_H,0.63,goods per income unit,m_S,0.47,goods per income unit,1.0,1.0,1.0,1.0,,19.0,-0.7735999999999992,,6.92,True,True,False,,False
mpc_joint_gate,m_H,0.63,goods per income unit,m_S,0.48,goods per income unit,1.0,1.0,1.0,1.0,,19.0,-0.7735999999999992,,6.92,True,True,False,,False
mpc_joint_gate,m_H,0.63,goods per income unit,m_S,0.49,goods per income unit,1.0,1.0,1.0,1.0,,19.0,-0.7735999999999992,,6.92,True,True,False,,False
mpc_joint_gate,m_H,0.63,goods per income unit,m_S,0.5,goods per income unit,1.0,1.0,1.0,1.0,,19.0,-0.7735999999999992,,6.92,True,True,False,,False
mpc_joint_gate,m_H,0.64,goods per income unit,m_S,0.1,goods per income unit,1.0,1.0,1.0,1.0,,19.0,-0.8608000000000002,,6.92,True,True,False,,False
mpc_joint_gate,m_H,0.64,goods per income unit,m_S,0.11,goods per income unit,1.0,1.0,1.0,1.0,,19.0,-0.8608000000000002,,6.92,True,True,False,,False
mpc_joint_gate,m_H,0.64,goods per income unit,m_S,0.12000000000000001,goods per income unit,1.0,1.0,1.0,1.0,,19.0,-0.8608000000000002,,6.92,True,True,False,,False
mpc_joint_gate,m_H,0.64,goods per income unit,m_S,0.13,goods per income unit,1.0,1.0,1.0,1.0,,19.0,-0.8608000000000002,,6.92,True,True,False,,False
mpc_joint_gate,m_H,0.64,goods per income unit,m_S,0.14,goods per income unit,1.0,1.0,1.0,1.0,,19.0,-0.8608000000000002,,6.92,True,True,False,,False
mpc_joint_gate,m_H,0.64,goods per income unit,m_S,0.15000000000000002,goods per income unit,1.0,1.0,1.0,1.0,,19.0,-0.8608000000000002,,6.92,True,True,False,,False
mpc_joint_gate,m_H,0.64,goods per income unit,m_S,0.16,goods per income unit,1.0,1.0,1.0,1.0,,19.0,-0.8608000000000002,,6.92,True,True,False,,False
mpc_joint_gate,m_H,0.64,goods per income unit,m_S,0.17,goods per income unit,1.0,1.0,1.0,1.0,,19.0,-0.8608000000000002,,6.92,True,True,False,,False
mpc_joint_gate,m_H,0.64,goods per income unit,m_S,0.18,goods per income unit,1.0,1.0,1.0,1.0,,19.0,-0.8608000000000002,,6.92,True,True,False,,False
mpc_joint_gate,m_H,0.64,goods per income unit,m_S,0.19,goods per income unit,1.0,1.0,1.0,1.0,,19.0,-0.8608000000000002,,6.92,True,True,False,,False
mpc_joint_gate,m_H,0.64,goods per income unit,m_S,0.2,goods per income unit,1.0,1.0,1.0,1.0,,19.0,-0.8608000000000002,,6.92,True,True,False,,False
mpc_joint_gate,m_H,0.64,goods per income unit,m_S,0.21000000000000002,goods per income unit,1.0,1.0,1.0,1.0,,19.0,-0.8608000000000002,,6.92,True,True,False,,False
mpc_joint_gate,m_H,0.64,goods per income unit,m_S,0.22,goods per income unit,1.0,1.0,1.0,1.0,,19.0,-0.8608000000000002,,6.92,True,True,False,,False
mpc_joint_gate,m_H,0.64,goods per income unit,m_S,0.23,goods per income unit,1.0,1.0,1.0,1.0,,19.0,-0.8608000000000002,,6.92,True,True,False,,False
mpc_joint_gate,m_H,0.64,goods per income unit,m_S,0.24000000000000002,goods per income unit,1.0,1.0,1.0,1.0,,19.0,-0.8608000000000002,,6.92,True,True,False,,False
mpc_joint_gate,m_H,0.64,goods per income unit,m_S,0.25,goods per income unit,1.0,1.0,1.0,1.0,,19.0,-0.8608000000000002,,6.92,True,True,False,,False
mpc_joint_gate,m_H,0.64,goods per income unit,m_S,0.26,goods per income unit,1.0,1.0,1.0,1.0,,19.0,-0.8608000000000002,,6.92,True,True,False,,False
mpc_joint_gate,m_H,0.64,goods per income unit,m_S,0.27,goods per income unit,1.0,1.0,1.0,1.0,,19.0,-0.8608000000000002,,6.92,True,True,False,,False
mpc_joint_gate,m_H,0.64,goods per income unit,m_S,0.28,goods per income unit,1.0,1.0,1.0,1.0,,19.0,-0.8608000000000002,,6.92,True,True,False,,False
mpc_joint_gate,m_H,0.64,goods per income unit,m_S,0.29000000000000004,goods per income unit,1.0,1.0,1.0,1.0,,19.0,-0.8608000000000002,,6.92,True,True,False,,False
mpc_joint_gate,m_H,0.64,goods per income unit,m_S,0.30000000000000004,goods per income unit,1.0,1.0,1.0,1.0,,19.0,-0.8608000000000002,,6.92,True,True,False,,False
mpc_joint_gate,m_H,0.64,goods per income unit,m_S,0.31,goods per income unit,1.0,1.0,1.0,1.0,,19.0,-0.8608000000000002,,6.92,True,True,False,,False
mpc_joint_gate,m_H,0.64,goods per income unit,m_S,0.32,goods per income unit,1.0,1.0,1.0,1.0,,19.0,-0.8608000000000002,,6.92,True,True,False,,False
mpc_joint_gate,m_H,0.64,goods per income unit,m_S,0.33,goods per income unit,1.0,1.0,1.0,1.0,,19.0,-0.8608000000000002,,6.92,True,True,False,,False
mpc_joint_gate,m_H,0.64,goods per income unit,m_S,0.33999999999999997,goods per income unit,1.0,1.0,1.0,1.0,,19.0,-0.8608000000000002,,6.92,True,True,False,,False
mpc_joint_gate,m_H,0.64,goods per income unit,m_S,0.35,goods per income unit,1.0,1.0,1.0,1.0,,19.0,-0.8608000000000002,,6.92,True,True,False,,False
mpc_joint_gate,m_H,0.64,goods per income unit,m_S,0.36,goods per income unit,1.0,1.0,1.0,1.0,,19.0,-0.8608000000000002,,6.92,True,True,False,,False
mpc_joint_gate,m_H,0.64,goods per income unit,m_S,0.37,goods per income unit,1.0,1.0,1.0,1.0,,19.0,-0.8608000000000002,,6.92,True,True,False,,False
mpc_joint_gate,m_H,0.64,goods per income unit,m_S,0.38,goods per income unit,1.0,1.0,1.0,1.0,,19.0,-0.8608000000000002,,6.92,True,True,False,,False
mpc_joint_gate,m_H,0.64,goods per income unit,m_S,0.39,goods per income unit,1.0,1.0,1.0,1.0,,19.0,-0.8608000000000002,,6.92,True,True,False,,False
mpc_joint_gate,m_H,0.64,goods per income unit,m_S,0.4,goods per income unit,1.0,1.0,1.0,1.0,,19.0,-0.8608000000000002,,6.92,True,True,False,,False
mpc_joint_gate,m_H,0.64,goods per income unit,m_S,0.41000000000000003,goods per income unit,1.0,1.0,1.0,1.0,,19.0,-0.8608000000000002,,6.92,True,True,False,,False
mpc_joint_gate,m_H,0.64,goods per income unit,m_S,0.42000000000000004,goods per income unit,1.0,1.0,1.0,1.0,,19.0,-0.8608000000000002,,6.92,True,True,False,,False
mpc_joint_gate,m_H,0.64,goods per income unit,m_S,0.43000000000000005,goods per income unit,1.0,1.0,1.0,1.0,,19.0,-0.8608000000000002,,6.92,True,True,False,,False
mpc_joint_gate,m_H,0.64,goods per income unit,m_S,0.44000000000000006,goods per income unit,1.0,1.0,1.0,1.0,,19.0,-0.8608000000000002,,6.92,True,True,False,,False
mpc_joint_gate,m_H,0.64,goods per income unit,m_S,0.45000000000000007,goods per income unit,1.0,1.0,1.0,1.0,,19.0,-0.8608000000000002,,6.92,True,True,False,,False
mpc_joint_gate,m_H,0.64,goods per income unit,m_S,0.45999999999999996,goods per income unit,1.0,1.0,1.0,1.0,,19.0,-0.8608000000000002,,6.92,True,True,False,,False
mpc_joint_gate,m_H,0.64,goods per income unit,m_S,0.47,goods per income unit,1.0,1.0,1.0,1.0,,19.0,-0.8608000000000002,,6.92,True,True,False,,False
mpc_joint_gate,m_H,0.64,goods per income unit,m_S,0.48,goods per income unit,1.0,1.0,1.0,1.0,,19.0,-0.8608000000000002,,6.92,True,True,False,,False
mpc_joint_gate,m_H,0.64,goods per income unit,m_S,0.49,goods per income unit,1.0,1.0,1.0,1.0,,19.0,-0.8608000000000002,,6.92,True,True,False,,False
mpc_joint_gate,m_H,0.64,goods per income unit,m_S,0.5,goods per income unit,1.0,1.0,1.0,1.0,,19.0,-0.8608000000000002,,6.92,True,True,False,,False
mpc_joint_gate,m_H,0.65,goods per income unit,m_S,0.1,goods per income unit,1.0,1.0,1.0,1.0,,19.0,-0.9479999999999995,,6.92,True,True,False,,False
mpc_joint_gate,m_H,0.65,goods per income unit,m_S,0.11,goods per income unit,1.0,1.0,1.0,1.0,,19.0,-0.9479999999999995,,6.92,True,True,False,,False
mpc_joint_gate,m_H,0.65,goods per income unit,m_S,0.12000000000000001,goods per income unit,1.0,1.0,1.0,1.0,,19.0,-0.9479999999999995,,6.92,True,True,False,,False
mpc_joint_gate,m_H,0.65,goods per income unit,m_S,0.13,goods per income unit,1.0,1.0,1.0,1.0,,19.0,-0.9479999999999995,,6.92,True,True,False,,False
mpc_joint_gate,m_H,0.65,goods per income unit,m_S,0.14,goods per income unit,1.0,1.0,1.0,1.0,,19.0,-0.9479999999999995,,6.92,True,True,False,,False
mpc_joint_gate,m_H,0.65,goods per income unit,m_S,0.15000000000000002,goods per income unit,1.0,1.0,1.0,1.0,,19.0,-0.9479999999999995,,6.92,True,True,False,,False
mpc_joint_gate,m_H,0.65,goods per income unit,m_S,0.16,goods per income unit,1.0,1.0,1.0,1.0,,19.0,-0.9479999999999995,,6.92,True,True,False,,False
mpc_joint_gate,m_H,0.65,goods per income unit,m_S,0.17,goods per income unit,1.0,1.0,1.0,1.0,,19.0,-0.9479999999999995,,6.92,True,True,False,,False
mpc_joint_gate,m_H,0.65,goods per income unit,m_S,0.18,goods per income unit,1.0,1.0,1.0,1.0,,19.0,-0.9479999999999995,,6.92,True,True,False,,False
mpc_joint_gate,m_H,0.65,goods per income unit,m_S,0.19,goods per income unit,1.0,1.0,1.0,1.0,,19.0,-0.9479999999999995,,6.92,True,True,False,,False
mpc_joint_gate,m_H,0.65,goods per income unit,m_S,0.2,goods per income unit,1.0,1.0,1.0,1.0,,19.0,-0.9479999999999995,,6.92,True,True,False,,False
mpc_joint_gate,m_H,0.65,goods per income unit,m_S,0.21000000000000002,goods per income unit,1.0,1.0,1.0,1.0,,19.0,-0.9479999999999995,,6.92,True,True,False,,False
mpc_joint_gate,m_H,0.65,goods per income unit,m_S,0.22,goods per income unit,1.0,1.0,1.0,1.0,,19.0,-0.9479999999999995,,6.92,True,True,False,,False
mpc_joint_gate,m_H,0.65,goods per income unit,m_S,0.23,goods per income unit,1.0,1.0,1.0,1.0,,19.0,-0.9479999999999995,,6.92,True,True,False,,False
mpc_joint_gate,m_H,0.65,goods per income unit,m_S,0.24000000000000002,goods per income unit,1.0,1.0,1.0,1.0,,19.0,-0.9479999999999995,,6.92,True,True,False,,False
mpc_joint_gate,m_H,0.65,goods per income unit,m_S,0.25,goods per income unit,1.0,1.0,1.0,1.0,,19.0,-0.9479999999999995,,6.92,True,True,False,,False
mpc_joint_gate,m_H,0.65,goods per income unit,m_S,0.26,goods per income unit,1.0,1.0,1.0,1.0,,19.0,-0.9479999999999995,,6.92,True,True,False,,False
mpc_joint_gate,m_H,0.65,goods per income unit,m_S,0.27,goods per income unit,1.0,1.0,1.0,1.0,,19.0,-0.9479999999999995,,6.92,True,True,False,,False
mpc_joint_gate,m_H,0.65,goods per income unit,m_S,0.28,goods per income unit,1.0,1.0,1.0,1.0,,19.0,-0.9479999999999995,,6.92,True,True,False,,False
mpc_joint_gate,m_H,0.65,goods per income unit,m_S,0.29000000000000004,goods per income unit,1.0,1.0,1.0,1.0,,19.0,-0.9479999999999995,,6.92,True,True,False,,False
mpc_joint_gate,m_H,0.65,goods per income unit,m_S,0.30000000000000004,goods per income unit,1.0,1.0,1.0,1.0,,19.0,-0.9479999999999995,,6.92,True,True,False,,False
mpc_joint_gate,m_H,0.65,goods per income unit,m_S,0.31,goods per income unit,1.0,1.0,1.0,1.0,,19.0,-0.9479999999999995,,6.92,True,True,False,,False
mpc_joint_gate,m_H,0.65,goods per income unit,m_S,0.32,goods per income unit,1.0,1.0,1.0,1.0,,19.0,-0.9479999999999995,,6.92,True,True,False,,False
mpc_joint_gate,m_H,0.65,goods per income unit,m_S,0.33,goods per income unit,1.0,1.0,1.0,1.0,,19.0,-0.9479999999999995,,6.92,True,True,False,,False
mpc_joint_gate,m_H,0.65,goods per income unit,m_S,0.33999999999999997,goods per income unit,1.0,1.0,1.0,1.0,,19.0,-0.9479999999999995,,6.92,True,True,False,,False
mpc_joint_gate,m_H,0.65,goods per income unit,m_S,0.35,goods per income unit,1.0,1.0,1.0,1.0,,19.0,-0.9479999999999995,,6.92,True,True,False,,False
mpc_joint_gate,m_H,0.65,goods per income unit,m_S,0.36,goods per income unit,1.0,1.0,1.0,1.0,,19.0,-0.9479999999999995,,6.92,True,True,False,,False
mpc_joint_gate,m_H,0.65,goods per income unit,m_S,0.37,goods per income unit,1.0,1.0,1.0,1.0,,19.0,-0.9479999999999995,,6.92,True,True,False,,False
mpc_joint_gate,m_H,0.65,goods per income unit,m_S,0.38,goods per income unit,1.0,1.0,1.0,1.0,,19.0,-0.9479999999999995,,6.92,True,True,False,,False
mpc_joint_gate,m_H,0.65,goods per income unit,m_S,0.39,goods per income unit,1.0,1.0,1.0,1.0,,19.0,-0.9479999999999995,,6.92,True,True,False,,False
mpc_joint_gate,m_H,0.65,goods per income unit,m_S,0.4,goods per income unit,1.0,1.0,1.0,1.0,,19.0,-0.9479999999999995,,6.92,True,True,False,,False
mpc_joint_gate,m_H,0.65,goods per income unit,m_S,0.41000000000000003,goods per income unit,1.0,1.0,1.0,1.0,,19.0,-0.9479999999999995,,6.92,True,True,False,,False
mpc_joint_gate,m_H,0.65,goods per income unit,m_S,0.42000000000000004,goods per income unit,1.0,1.0,1.0,1.0,,19.0,-0.9479999999999995,,6.92,True,True,False,,False
mpc_joint_gate,m_H,0.65,goods per income unit,m_S,0.43000000000000005,goods per income unit,1.0,1.0,1.0,1.0,,19.0,-0.9479999999999995,,6.92,True,True,False,,False
mpc_joint_gate,m_H,0.65,goods per income unit,m_S,0.44000000000000006,goods per income unit,1.0,1.0,1.0,1.0,,19.0,-0.9479999999999995,,6.92,True,True,False,,False
mpc_joint_gate,m_H,0.65,goods per income unit,m_S,0.45000000000000007,goods per income unit,1.0,1.0,1.0,1.0,,19.0,-0.9479999999999995,,6.92,True,True,False,,False
mpc_joint_gate,m_H,0.65,goods per income unit,m_S,0.45999999999999996,goods per income unit,1.0,1.0,1.0,1.0,,19.0,-0.9479999999999995,,6.92,True,True,False,,False
mpc_joint_gate,m_H,0.65,goods per income unit,m_S,0.47,goods per income unit,1.0,1.0,1.0,1.0,,19.0,-0.9479999999999995,,6.92,True,True,False,,False
mpc_joint_gate,m_H,0.65,goods per income unit,m_S,0.48,goods per income unit,1.0,1.0,1.0,1.0,,19.0,-0.9479999999999995,,6.92,True,True,False,,False
mpc_joint_gate,m_H,0.65,goods per income unit,m_S,0.49,goods per income unit,1.0,1.0,1.0,1.0,,19.0,-0.9479999999999995,,6.92,True,True,False,,False
mpc_joint_gate,m_H,0.65,goods per income unit,m_S,0.5,goods per income unit,1.0,1.0,1.0,1.0,,19.0,-0.9479999999999995,,6.92,True,True,False,,False
mpc_joint_gate,m_H,0.6599999999999999,goods per income unit,m_S,0.1,goods per income unit,1.0,1.0,1.0,1.0,,19.0,-1.0351999999999997,,6.92,True,True,False,,False
mpc_joint_gate,m_H,0.6599999999999999,goods per income unit,m_S,0.11,goods per income unit,1.0,1.0,1.0,1.0,,19.0,-1.0351999999999997,,6.92,True,True,False,,False
mpc_joint_gate,m_H,0.6599999999999999,goods per income unit,m_S,0.12000000000000001,goods per income unit,1.0,1.0,1.0,1.0,,19.0,-1.0351999999999997,,6.92,True,True,False,,False
mpc_joint_gate,m_H,0.6599999999999999,goods per income unit,m_S,0.13,goods per income unit,1.0,1.0,1.0,1.0,,19.0,-1.0351999999999997,,6.92,True,True,False,,False
mpc_joint_gate,m_H,0.6599999999999999,goods per income unit,m_S,0.14,goods per income unit,1.0,1.0,1.0,1.0,,19.0,-1.0351999999999997,,6.92,True,True,False,,False
mpc_joint_gate,m_H,0.6599999999999999,goods per income unit,m_S,0.15000000000000002,goods per income unit,1.0,1.0,1.0,1.0,,19.0,-1.0351999999999997,,6.92,True,True,False,,False
mpc_joint_gate,m_H,0.6599999999999999,goods per income unit,m_S,0.16,goods per income unit,1.0,1.0,1.0,1.0,,19.0,-1.0351999999999997,,6.92,True,True,False,,False
mpc_joint_gate,m_H,0.6599999999999999,goods per income unit,m_S,0.17,goods per income unit,1.0,1.0,1.0,1.0,,19.0,-1.0351999999999997,,6.92,True,True,False,,False
mpc_joint_gate,m_H,0.6599999999999999,goods per income unit,m_S,0.18,goods per income unit,1.0,1.0,1.0,1.0,,19.0,-1.0351999999999997,,6.92,True,True,False,,False
mpc_joint_gate,m_H,0.6599999999999999,goods per income unit,m_S,0.19,goods per income unit,1.0,1.0,1.0,1.0,,19.0,-1.0351999999999997,,6.92,True,True,False,,False
mpc_joint_gate,m_H,0.6599999999999999,goods per income unit,m_S,0.2,goods per income unit,1.0,1.0,1.0,1.0,,19.0,-1.0351999999999997,,6.92,True,True,False,,False
mpc_joint_gate,m_H,0.6599999999999999,goods per income unit,m_S,0.21000000000000002,goods per income unit,1.0,1.0,1.0,1.0,,19.0,-1.0351999999999997,,6.92,True,True,False,,False
mpc_joint_gate,m_H,0.6599999999999999,goods per income unit,m_S,0.22,goods per income unit,1.0,1.0,1.0,1.0,,19.0,-1.0351999999999997,,6.92,True,True,False,,False
mpc_joint_gate,m_H,0.6599999999999999,goods per income unit,m_S,0.23,goods per income unit,1.0,1.0,1.0,1.0,,19.0,-1.0351999999999997,,6.92,True,True,False,,False
mpc_joint_gate,m_H,0.6599999999999999,goods per income unit,m_S,0.24000000000000002,goods per income unit,1.0,1.0,1.0,1.0,,19.0,-1.0351999999999997,,6.92,True,True,False,,False
mpc_joint_gate,m_H,0.6599999999999999,goods per income unit,m_S,0.25,goods per income unit,1.0,1.0,1.0,1.0,,19.0,-1.0351999999999997,,6.92,True,True,False,,False
mpc_joint_gate,m_H,0.6599999999999999,goods per income unit,m_S,0.26,goods per income unit,1.0,1.0,1.0,1.0,,19.0,-1.0351999999999997,,6.92,True,True,False,,False
mpc_joint_gate,m_H,0.6599999999999999,goods per income unit,m_S,0.27,goods per income unit,1.0,1.0,1.0,1.0,,19.0,-1.0351999999999997,,6.92,True,True,False,,False
mpc_joint_gate,m_H,0.6599999999999999,goods per income unit,m_S,0.28,goods per income unit,1.0,1.0,1.0,1.0,,19.0,-1.0351999999999997,,6.92,True,True,False,,False
mpc_joint_gate,m_H,0.6599999999999999,goods per income unit,m_S,0.29000000000000004,goods per income unit,1.0,1.0,1.0,1.0,,19.0,-1.0351999999999997,,6.92,True,True,False,,False
mpc_joint_gate,m_H,0.6599999999999999,goods per income unit,m_S,0.30000000000000004,goods per income unit,1.0,1.0,1.0,1.0,,19.0,-1.0351999999999997,,6.92,True,True,False,,False
mpc_joint_gate,m_H,0.6599999999999999,goods per income unit,m_S,0.31,goods per income unit,1.0,1.0,1.0,1.0,,19.0,-1.0351999999999997,,6.92,True,True,False,,False
mpc_joint_gate,m_H,0.6599999999999999,goods per income unit,m_S,0.32,goods per income unit,1.0,1.0,1.0,1.0,,19.0,-1.0351999999999997,,6.92,True,True,False,,False
mpc_joint_gate,m_H,0.6599999999999999,goods per income unit,m_S,0.33,goods per income unit,1.0,1.0,1.0,1.0,,19.0,-1.0351999999999997,,6.92,True,True,False,,False
mpc_joint_gate,m_H,0.6599999999999999,goods per income unit,m_S,0.33999999999999997,goods per income unit,1.0,1.0,1.0,1.0,,19.0,-1.0351999999999997,,6.92,True,True,False,,False
mpc_joint_gate,m_H,0.6599999999999999,goods per income unit,m_S,0.35,goods per income unit,1.0,1.0,1.0,1.0,,19.0,-1.0351999999999997,,6.92,True,True,False,,False
mpc_joint_gate,m_H,0.6599999999999999,goods per income unit,m_S,0.36,goods per income unit,1.0,1.0,1.0,1.0,,19.0,-1.0351999999999997,,6.92,True,True,False,,False
mpc_joint_gate,m_H,0.6599999999999999,goods per income unit,m_S,0.37,goods per income unit,1.0,1.0,1.0,1.0,,19.0,-1.0351999999999997,,6.92,True,True,False,,False
mpc_joint_gate,m_H,0.6599999999999999,goods per income unit,m_S,0.38,goods per income unit,1.0,1.0,1.0,1.0,,19.0,-1.0351999999999997,,6.92,True,True,False,,False
mpc_joint_gate,m_H,0.6599999999999999,goods per income unit,m_S,0.39,goods per income unit,1.0,1.0,1.0,1.0,,19.0,-1.0351999999999997,,6.92,True,True,False,,False
mpc_joint_gate,m_H,0.6599999999999999,goods per income unit,m_S,0.4,goods per income unit,1.0,1.0,1.0,1.0,,19.0,-1.0351999999999997,,6.92,True,True,False,,False
mpc_joint_gate,m_H,0.6599999999999999,goods per income unit,m_S,0.41000000000000003,goods per income unit,1.0,1.0,1.0,1.0,,19.0,-1.0351999999999997,,6.92,True,True,False,,False
mpc_joint_gate,m_H,0.6599999999999999,goods per income unit,m_S,0.42000000000000004,goods per income unit,1.0,1.0,1.0,1.0,,19.0,-1.0351999999999997,,6.92,True,True,False,,False
mpc_joint_gate,m_H,0.6599999999999999,goods per income unit,m_S,0.43000000000000005,goods per income unit,1.0,1.0,1.0,1.0,,19.0,-1.0351999999999997,,6.92,True,True,False,,False
mpc_joint_gate,m_H,0.6599999999999999,goods per income unit,m_S,0.44000000000000006,goods per income unit,1.0,1.0,1.0,1.0,,19.0,-1.0351999999999997,,6.92,True,True,False,,False
mpc_joint_gate,m_H,0.6599999999999999,goods per income unit,m_S,0.45000000000000007,goods per income unit,1.0,1.0,1.0,1.0,,19.0,-1.0351999999999997,,6.92,True,True,False,,False
mpc_joint_gate,m_H,0.6599999999999999,goods per income unit,m_S,0.45999999999999996,goods per income unit,1.0,1.0,1.0,1.0,,19.0,-1.0351999999999997,,6.92,True,True,False,,False
mpc_joint_gate,m_H,0.6599999999999999,goods per income unit,m_S,0.47,goods per income unit,1.0,1.0,1.0,1.0,,19.0,-1.0351999999999997,,6.92,True,True,False,,False
mpc_joint_gate,m_H,0.6599999999999999,goods per income unit,m_S,0.48,goods per income unit,1.0,1.0,1.0,1.0,,19.0,-1.0351999999999997,,6.92,True,True,False,,False
mpc_joint_gate,m_H,0.6599999999999999,goods per income unit,m_S,0.49,goods per income unit,1.0,1.0,1.0,1.0,,19.0,-1.0351999999999997,,6.92,True,True,False,,False
mpc_joint_gate,m_H,0.6599999999999999,goods per income unit,m_S,0.5,goods per income unit,1.0,1.0,1.0,1.0,,19.0,-1.0351999999999997,,6.92,True,True,False,,False
mpc_joint_gate,m_H,0.6699999999999999,goods per income unit,m_S,0.1,goods per income unit,1.0,1.0,1.0,1.0,,19.0,-1.122399999999999,,6.92,True,True,False,,False
mpc_joint_gate,m_H,0.6699999999999999,goods per income unit,m_S,0.11,goods per income unit,1.0,1.0,1.0,1.0,,19.0,-1.122399999999999,,6.92,True,True,False,,False
mpc_joint_gate,m_H,0.6699999999999999,goods per income unit,m_S,0.12000000000000001,goods per income unit,1.0,1.0,1.0,1.0,,19.0,-1.122399999999999,,6.92,True,True,False,,False
mpc_joint_gate,m_H,0.6699999999999999,goods per income unit,m_S,0.13,goods per income unit,1.0,1.0,1.0,1.0,,19.0,-1.122399999999999,,6.92,True,True,False,,False
mpc_joint_gate,m_H,0.6699999999999999,goods per income unit,m_S,0.14,goods per income unit,1.0,1.0,1.0,1.0,,19.0,-1.122399999999999,,6.92,True,True,False,,False
mpc_joint_gate,m_H,0.6699999999999999,goods per income unit,m_S,0.15000000000000002,goods per income unit,1.0,1.0,1.0,1.0,,19.0,-1.122399999999999,,6.92,True,True,False,,False
mpc_joint_gate,m_H,0.6699999999999999,goods per income unit,m_S,0.16,goods per income unit,1.0,1.0,1.0,1.0,,19.0,-1.122399999999999,,6.92,True,True,False,,False
mpc_joint_gate,m_H,0.6699999999999999,goods per income unit,m_S,0.17,goods per income unit,1.0,1.0,1.0,1.0,,19.0,-1.122399999999999,,6.92,True,True,False,,False
mpc_joint_gate,m_H,0.6699999999999999,goods per income unit,m_S,0.18,goods per income unit,1.0,1.0,1.0,1.0,,19.0,-1.122399999999999,,6.92,True,True,False,,False
mpc_joint_gate,m_H,0.6699999999999999,goods per income unit,m_S,0.19,goods per income unit,1.0,1.0,1.0,1.0,,19.0,-1.122399999999999,,6.92,True,True,False,,False
mpc_joint_gate,m_H,0.6699999999999999,goods per income unit,m_S,0.2,goods per income unit,1.0,1.0,1.0,1.0,,19.0,-1.122399999999999,,6.92,True,True,False,,False
mpc_joint_gate,m_H,0.6699999999999999,goods per income unit,m_S,0.21000000000000002,goods per income unit,1.0,1.0,1.0,1.0,,19.0,-1.122399999999999,,6.92,True,True,False,,False
mpc_joint_gate,m_H,0.6699999999999999,goods per income unit,m_S,0.22,goods per income unit,1.0,1.0,1.0,1.0,,19.0,-1.122399999999999,,6.92,True,True,False,,False
mpc_joint_gate,m_H,0.6699999999999999,goods per income unit,m_S,0.23,goods per income unit,1.0,1.0,1.0,1.0,,19.0,-1.122399999999999,,6.92,True,True,False,,False
mpc_joint_gate,m_H,0.6699999999999999,goods per income unit,m_S,0.24000000000000002,goods per income unit,1.0,1.0,1.0,1.0,,19.0,-1.122399999999999,,6.92,True,True,False,,False
mpc_joint_gate,m_H,0.6699999999999999,goods per income unit,m_S,0.25,goods per income unit,1.0,1.0,1.0,1.0,,19.0,-1.122399999999999,,6.92,True,True,False,,False
mpc_joint_gate,m_H,0.6699999999999999,goods per income unit,m_S,0.26,goods per income unit,1.0,1.0,1.0,1.0,,19.0,-1.122399999999999,,6.92,True,True,False,,False
mpc_joint_gate,m_H,0.6699999999999999,goods per income unit,m_S,0.27,goods per income unit,1.0,1.0,1.0,1.0,,19.0,-1.122399999999999,,6.92,True,True,False,,False
mpc_joint_gate,m_H,0.6699999999999999,goods per income unit,m_S,0.28,goods per income unit,1.0,1.0,1.0,1.0,,19.0,-1.122399999999999,,6.92,True,True,False,,False
mpc_joint_gate,m_H,0.6699999999999999,goods per income unit,m_S,0.29000000000000004,goods per income unit,1.0,1.0,1.0,1.0,,19.0,-1.122399999999999,,6.92,True,True,False,,False
mpc_joint_gate,m_H,0.6699999999999999,goods per income unit,m_S,0.30000000000000004,goods per income unit,1.0,1.0,1.0,1.0,,19.0,-1.122399999999999,,6.92,True,True,False,,False
mpc_joint_gate,m_H,0.6699999999999999,goods per income unit,m_S,0.31,goods per income unit,1.0,1.0,1.0,1.0,,19.0,-1.122399999999999,,6.92,True,True,False,,False
mpc_joint_gate,m_H,0.6699999999999999,goods per income unit,m_S,0.32,goods per income unit,1.0,1.0,1.0,1.0,,19.0,-1.122399999999999,,6.92,True,True,False,,False
mpc_joint_gate,m_H,0.6699999999999999,goods per income unit,m_S,0.33,goods per income unit,1.0,1.0,1.0,1.0,,19.0,-1.122399999999999,,6.92,True,True,False,,False
mpc_joint_gate,m_H,0.6699999999999999,goods per income unit,m_S,0.33999999999999997,goods per income unit,1.0,1.0,1.0,1.0,,19.0,-1.122399999999999,,6.92,True,True,False,,False
mpc_joint_gate,m_H,0.6699999999999999,goods per income unit,m_S,0.35,goods per income unit,1.0,1.0,1.0,1.0,,19.0,-1.122399999999999,,6.92,True,True,False,,False
mpc_joint_gate,m_H,0.6699999999999999,goods per income unit,m_S,0.36,goods per income unit,1.0,1.0,1.0,1.0,,19.0,-1.122399999999999,,6.92,True,True,False,,False
mpc_joint_gate,m_H,0.6699999999999999,goods per income unit,m_S,0.37,goods per income unit,1.0,1.0,1.0,1.0,,19.0,-1.122399999999999,,6.92,True,True,False,,False
mpc_joint_gate,m_H,0.6699999999999999,goods per income unit,m_S,0.38,goods per income unit,1.0,1.0,1.0,1.0,,19.0,-1.122399999999999,,6.92,True,True,False,,False
mpc_joint_gate,m_H,0.6699999999999999,goods per income unit,m_S,0.39,goods per income unit,1.0,1.0,1.0,1.0,,19.0,-1.122399999999999,,6.92,True,True,False,,False
mpc_joint_gate,m_H,0.6699999999999999,goods per income unit,m_S,0.4,goods per income unit,1.0,1.0,1.0,1.0,,19.0,-1.122399999999999,,6.92,True,True,False,,False
mpc_joint_gate,m_H,0.6699999999999999,goods per income unit,m_S,0.41000000000000003,goods per income unit,1.0,1.0,1.0,1.0,,19.0,-1.122399999999999,,6.92,True,True,False,,False
mpc_joint_gate,m_H,0.6699999999999999,goods per income unit,m_S,0.42000000000000004,goods per income unit,1.0,1.0,1.0,1.0,,19.0,-1.122399999999999,,6.92,True,True,False,,False
mpc_joint_gate,m_H,0.6699999999999999,goods per income unit,m_S,0.43000000000000005,goods per income unit,1.0,1.0,1.0,1.0,,19.0,-1.122399999999999,,6.92,True,True,False,,False
mpc_joint_gate,m_H,0.6699999999999999,goods per income unit,m_S,0.44000000000000006,goods per income unit,1.0,1.0,1.0,1.0,,19.0,-1.122399999999999,,6.92,True,True,False,,False
mpc_joint_gate,m_H,0.6699999999999999,goods per income unit,m_S,0.45000000000000007,goods per income unit,1.0,1.0,1.0,1.0,,19.0,-1.122399999999999,,6.92,True,True,False,,False
mpc_joint_gate,m_H,0.6699999999999999,goods per income unit,m_S,0.45999999999999996,goods per income unit,1.0,1.0,1.0,1.0,,19.0,-1.122399999999999,,6.92,True,True,False,,False
mpc_joint_gate,m_H,0.6699999999999999,goods per income unit,m_S,0.47,goods per income unit,1.0,1.0,1.0,1.0,,19.0,-1.122399999999999,,6.92,True,True,False,,False
mpc_joint_gate,m_H,0.6699999999999999,goods per income unit,m_S,0.48,goods per income unit,1.0,1.0,1.0,1.0,,19.0,-1.122399999999999,,6.92,True,True,False,,False
mpc_joint_gate,m_H,0.6699999999999999,goods per income unit,m_S,0.49,goods per income unit,1.0,1.0,1.0,1.0,,19.0,-1.122399999999999,,6.92,True,True,False,,False
mpc_joint_gate,m_H,0.6699999999999999,goods per income unit,m_S,0.5,goods per income unit,1.0,1.0,1.0,1.0,,19.0,-1.122399999999999,,6.92,True,True,False,,False
mpc_joint_gate,m_H,0.6799999999999999,goods per income unit,m_S,0.1,goods per income unit,1.0,1.0,1.0,1.0,,19.0,-1.2095999999999982,,6.92,True,True,False,,False
mpc_joint_gate,m_H,0.6799999999999999,goods per income unit,m_S,0.11,goods per income unit,1.0,1.0,1.0,1.0,,19.0,-1.2095999999999982,,6.92,True,True,False,,False
mpc_joint_gate,m_H,0.6799999999999999,goods per income unit,m_S,0.12000000000000001,goods per income unit,1.0,1.0,1.0,1.0,,19.0,-1.2095999999999982,,6.92,True,True,False,,False
mpc_joint_gate,m_H,0.6799999999999999,goods per income unit,m_S,0.13,goods per income unit,1.0,1.0,1.0,1.0,,19.0,-1.2095999999999982,,6.92,True,True,False,,False
mpc_joint_gate,m_H,0.6799999999999999,goods per income unit,m_S,0.14,goods per income unit,1.0,1.0,1.0,1.0,,19.0,-1.2095999999999982,,6.92,True,True,False,,False
mpc_joint_gate,m_H,0.6799999999999999,goods per income unit,m_S,0.15000000000000002,goods per income unit,1.0,1.0,1.0,1.0,,19.0,-1.2095999999999982,,6.92,True,True,False,,False
mpc_joint_gate,m_H,0.6799999999999999,goods per income unit,m_S,0.16,goods per income unit,1.0,1.0,1.0,1.0,,19.0,-1.2095999999999982,,6.92,True,True,False,,False
mpc_joint_gate,m_H,0.6799999999999999,goods per income unit,m_S,0.17,goods per income unit,1.0,1.0,1.0,1.0,,19.0,-1.2095999999999982,,6.92,True,True,False,,False
mpc_joint_gate,m_H,0.6799999999999999,goods per income unit,m_S,0.18,goods per income unit,1.0,1.0,1.0,1.0,,19.0,-1.2095999999999982,,6.92,True,True,False,,False
mpc_joint_gate,m_H,0.6799999999999999,goods per income unit,m_S,0.19,goods per income unit,1.0,1.0,1.0,1.0,,19.0,-1.2095999999999982,,6.92,True,True,False,,False
mpc_joint_gate,m_H,0.6799999999999999,goods per income unit,m_S,0.2,goods per income unit,1.0,1.0,1.0,1.0,,19.0,-1.2095999999999982,,6.92,True,True,False,,False
mpc_joint_gate,m_H,0.6799999999999999,goods per income unit,m_S,0.21000000000000002,goods per income unit,1.0,1.0,1.0,1.0,,19.0,-1.2095999999999982,,6.92,True,True,False,,False
mpc_joint_gate,m_H,0.6799999999999999,goods per income unit,m_S,0.22,goods per income unit,1.0,1.0,1.0,1.0,,19.0,-1.2095999999999982,,6.92,True,True,False,,False
mpc_joint_gate,m_H,0.6799999999999999,goods per income unit,m_S,0.23,goods per income unit,1.0,1.0,1.0,1.0,,19.0,-1.2095999999999982,,6.92,True,True,False,,False
mpc_joint_gate,m_H,0.6799999999999999,goods per income unit,m_S,0.24000000000000002,goods per income unit,1.0,1.0,1.0,1.0,,19.0,-1.2095999999999982,,6.92,True,True,False,,False
mpc_joint_gate,m_H,0.6799999999999999,goods per income unit,m_S,0.25,goods per income unit,1.0,1.0,1.0,1.0,,19.0,-1.2095999999999982,,6.92,True,True,False,,False
mpc_joint_gate,m_H,0.6799999999999999,goods per income unit,m_S,0.26,goods per income unit,1.0,1.0,1.0,1.0,,19.0,-1.2095999999999982,,6.92,True,True,False,,False
mpc_joint_gate,m_H,0.6799999999999999,goods per income unit,m_S,0.27,goods per income unit,1.0,1.0,1.0,1.0,,19.0,-1.2095999999999982,,6.92,True,True,False,,False
mpc_joint_gate,m_H,0.6799999999999999,goods per income unit,m_S,0.28,goods per income unit,1.0,1.0,1.0,1.0,,19.0,-1.2095999999999982,,6.92,True,True,False,,False
mpc_joint_gate,m_H,0.6799999999999999,goods per income unit,m_S,0.29000000000000004,goods per income unit,1.0,1.0,1.0,1.0,,19.0,-1.2095999999999982,,6.92,True,True,False,,False
mpc_joint_gate,m_H,0.6799999999999999,goods per income unit,m_S,0.30000000000000004,goods per income unit,1.0,1.0,1.0,1.0,,19.0,-1.2095999999999982,,6.92,True,True,False,,False
mpc_joint_gate,m_H,0.6799999999999999,goods per income unit,m_S,0.31,goods per income unit,1.0,1.0,1.0,1.0,,19.0,-1.2095999999999982,,6.92,True,True,False,,False
mpc_joint_gate,m_H,0.6799999999999999,goods per income unit,m_S,0.32,goods per income unit,1.0,1.0,1.0,1.0,,19.0,-1.2095999999999982,,6.92,True,True,False,,False
mpc_joint_gate,m_H,0.6799999999999999,goods per income unit,m_S,0.33,goods per income unit,1.0,1.0,1.0,1.0,,19.0,-1.2095999999999982,,6.92,True,True,False,,False
mpc_joint_gate,m_H,0.6799999999999999,goods per income unit,m_S,0.33999999999999997,goods per income unit,1.0,1.0,1.0,1.0,,19.0,-1.2095999999999982,,6.92,True,True,False,,False
mpc_joint_gate,m_H,0.6799999999999999,goods per income unit,m_S,0.35,goods per income unit,1.0,1.0,1.0,1.0,,19.0,-1.2095999999999982,,6.92,True,True,False,,False
mpc_joint_gate,m_H,0.6799999999999999,goods per income unit,m_S,0.36,goods per income unit,1.0,1.0,1.0,1.0,,19.0,-1.2095999999999982,,6.92,True,True,False,,False
mpc_joint_gate,m_H,0.6799999999999999,goods per income unit,m_S,0.37,goods per income unit,1.0,1.0,1.0,1.0,,19.0,-1.2095999999999982,,6.92,True,True,False,,False
mpc_joint_gate,m_H,0.6799999999999999,goods per income unit,m_S,0.38,goods per income unit,1.0,1.0,1.0,1.0,,19.0,-1.2095999999999982,,6.92,True,True,False,,False
mpc_joint_gate,m_H,0.6799999999999999,goods per income unit,m_S,0.39,goods per income unit,1.0,1.0,1.0,1.0,,19.0,-1.2095999999999982,,6.92,True,True,False,,False
mpc_joint_gate,m_H,0.6799999999999999,goods per income unit,m_S,0.4,goods per income unit,1.0,1.0,1.0,1.0,,19.0,-1.2095999999999982,,6.92,True,True,False,,False
mpc_joint_gate,m_H,0.6799999999999999,goods per income unit,m_S,0.41000000000000003,goods per income unit,1.0,1.0,1.0,1.0,,19.0,-1.2095999999999982,,6.92,True,True,False,,False
mpc_joint_gate,m_H,0.6799999999999999,goods per income unit,m_S,0.42000000000000004,goods per income unit,1.0,1.0,1.0,1.0,,19.0,-1.2095999999999982,,6.92,True,True,False,,False
mpc_joint_gate,m_H,0.6799999999999999,goods per income unit,m_S,0.43000000000000005,goods per income unit,1.0,1.0,1.0,1.0,,19.0,-1.2095999999999982,,6.92,True,True,False,,False
mpc_joint_gate,m_H,0.6799999999999999,goods per income unit,m_S,0.44000000000000006,goods per income unit,1.0,1.0,1.0,1.0,,19.0,-1.2095999999999982,,6.92,True,True,False,,False
mpc_joint_gate,m_H,0.6799999999999999,goods per income unit,m_S,0.45000000000000007,goods per income unit,1.0,1.0,1.0,1.0,,19.0,-1.2095999999999982,,6.92,True,True,False,,False
mpc_joint_gate,m_H,0.6799999999999999,goods per income unit,m_S,0.45999999999999996,goods per income unit,1.0,1.0,1.0,1.0,,19.0,-1.2095999999999982,,6.92,True,True,False,,False
mpc_joint_gate,m_H,0.6799999999999999,goods per income unit,m_S,0.47,goods per income unit,1.0,1.0,1.0,1.0,,19.0,-1.2095999999999982,,6.92,True,True,False,,False
mpc_joint_gate,m_H,0.6799999999999999,goods per income unit,m_S,0.48,goods per income unit,1.0,1.0,1.0,1.0,,19.0,-1.2095999999999982,,6.92,True,True,False,,False
mpc_joint_gate,m_H,0.6799999999999999,goods per income unit,m_S,0.49,goods per income unit,1.0,1.0,1.0,1.0,,19.0,-1.2095999999999982,,6.92,True,True,False,,False
mpc_joint_gate,m_H,0.6799999999999999,goods per income unit,m_S,0.5,goods per income unit,1.0,1.0,1.0,1.0,,19.0,-1.2095999999999982,,6.92,True,True,False,,False
mpc_joint_gate,m_H,0.69,goods per income unit,m_S,0.1,goods per income unit,1.0,1.0,1.0,1.0,,19.0,-1.2967999999999993,,6.92,True,True,False,,False
mpc_joint_gate,m_H,0.69,goods per income unit,m_S,0.11,goods per income unit,1.0,1.0,1.0,1.0,,19.0,-1.2967999999999993,,6.92,True,True,False,,False
mpc_joint_gate,m_H,0.69,goods per income unit,m_S,0.12000000000000001,goods per income unit,1.0,1.0,1.0,1.0,,19.0,-1.2967999999999993,,6.92,True,True,False,,False
mpc_joint_gate,m_H,0.69,goods per income unit,m_S,0.13,goods per income unit,1.0,1.0,1.0,1.0,,19.0,-1.2967999999999993,,6.92,True,True,False,,False
mpc_joint_gate,m_H,0.69,goods per income unit,m_S,0.14,goods per income unit,1.0,1.0,1.0,1.0,,19.0,-1.2967999999999993,,6.92,True,True,False,,False
mpc_joint_gate,m_H,0.69,goods per income unit,m_S,0.15000000000000002,goods per income unit,1.0,1.0,1.0,1.0,,19.0,-1.2967999999999993,,6.92,True,True,False,,False
mpc_joint_gate,m_H,0.69,goods per income unit,m_S,0.16,goods per income unit,1.0,1.0,1.0,1.0,,19.0,-1.2967999999999993,,6.92,True,True,False,,False
mpc_joint_gate,m_H,0.69,goods per income unit,m_S,0.17,goods per income unit,1.0,1.0,1.0,1.0,,19.0,-1.2967999999999993,,6.92,True,True,False,,False
mpc_joint_gate,m_H,0.69,goods per income unit,m_S,0.18,goods per income unit,1.0,1.0,1.0,1.0,,19.0,-1.2967999999999993,,6.92,True,True,False,,False
mpc_joint_gate,m_H,0.69,goods per income unit,m_S,0.19,goods per income unit,1.0,1.0,1.0,1.0,,19.0,-1.2967999999999993,,6.92,True,True,False,,False
mpc_joint_gate,m_H,0.69,goods per income unit,m_S,0.2,goods per income unit,1.0,1.0,1.0,1.0,,19.0,-1.2967999999999993,,6.92,True,True,False,,False
mpc_joint_gate,m_H,0.69,goods per income unit,m_S,0.21000000000000002,goods per income unit,1.0,1.0,1.0,1.0,,19.0,-1.2967999999999993,,6.92,True,True,False,,False
mpc_joint_gate,m_H,0.69,goods per income unit,m_S,0.22,goods per income unit,1.0,1.0,1.0,1.0,,19.0,-1.2967999999999993,,6.92,True,True,False,,False
mpc_joint_gate,m_H,0.69,goods per income unit,m_S,0.23,goods per income unit,1.0,1.0,1.0,1.0,,19.0,-1.2967999999999993,,6.92,True,True,False,,False
mpc_joint_gate,m_H,0.69,goods per income unit,m_S,0.24000000000000002,goods per income unit,1.0,1.0,1.0,1.0,,19.0,-1.2967999999999993,,6.92,True,True,False,,False
mpc_joint_gate,m_H,0.69,goods per income unit,m_S,0.25,goods per income unit,1.0,1.0,1.0,1.0,,19.0,-1.2967999999999993,,6.92,True,True,False,,False
mpc_joint_gate,m_H,0.69,goods per income unit,m_S,0.26,goods per income unit,1.0,1.0,1.0,1.0,,19.0,-1.2967999999999993,,6.92,True,True,False,,False
mpc_joint_gate,m_H,0.69,goods per income unit,m_S,0.27,goods per income unit,1.0,1.0,1.0,1.0,,19.0,-1.2967999999999993,,6.92,True,True,False,,False
mpc_joint_gate,m_H,0.69,goods per income unit,m_S,0.28,goods per income unit,1.0,1.0,1.0,1.0,,19.0,-1.2967999999999993,,6.92,True,True,False,,False
mpc_joint_gate,m_H,0.69,goods per income unit,m_S,0.29000000000000004,goods per income unit,1.0,1.0,1.0,1.0,,19.0,-1.2967999999999993,,6.92,True,True,False,,False
mpc_joint_gate,m_H,0.69,goods per income unit,m_S,0.30000000000000004,goods per income unit,1.0,1.0,1.0,1.0,,19.0,-1.2967999999999993,,6.92,True,True,False,,False
mpc_joint_gate,m_H,0.69,goods per income unit,m_S,0.31,goods per income unit,1.0,1.0,1.0,1.0,,19.0,-1.2967999999999993,,6.92,True,True,False,,False
mpc_joint_gate,m_H,0.69,goods per income unit,m_S,0.32,goods per income unit,1.0,1.0,1.0,1.0,,19.0,-1.2967999999999993,,6.92,True,True,False,,False
mpc_joint_gate,m_H,0.69,goods per income unit,m_S,0.33,goods per income unit,1.0,1.0,1.0,1.0,,19.0,-1.2967999999999993,,6.92,True,True,False,,False
mpc_joint_gate,m_H,0.69,goods per income unit,m_S,0.33999999999999997,goods per income unit,1.0,1.0,1.0,1.0,,19.0,-1.2967999999999993,,6.92,True,True,False,,False
mpc_joint_gate,m_H,0.69,goods per income unit,m_S,0.35,goods per income unit,1.0,1.0,1.0,1.0,,19.0,-1.2967999999999993,,6.92,True,True,False,,False
mpc_joint_gate,m_H,0.69,goods per income unit,m_S,0.36,goods per income unit,1.0,1.0,1.0,1.0,,19.0,-1.2967999999999993,,6.92,True,True,False,,False
mpc_joint_gate,m_H,0.69,goods per income unit,m_S,0.37,goods per income unit,1.0,1.0,1.0,1.0,,19.0,-1.2967999999999993,,6.92,True,True,False,,False
mpc_joint_gate,m_H,0.69,goods per income unit,m_S,0.38,goods per income unit,1.0,1.0,1.0,1.0,,19.0,-1.2967999999999993,,6.92,True,True,False,,False
mpc_joint_gate,m_H,0.69,goods per income unit,m_S,0.39,goods per income unit,1.0,1.0,1.0,1.0,,19.0,-1.2967999999999993,,6.92,True,True,False,,False
mpc_joint_gate,m_H,0.69,goods per income unit,m_S,0.4,goods per income unit,1.0,1.0,1.0,1.0,,19.0,-1.2967999999999993,,6.92,True,True,False,,False
mpc_joint_gate,m_H,0.69,goods per income unit,m_S,0.41000000000000003,goods per income unit,1.0,1.0,1.0,1.0,,19.0,-1.2967999999999993,,6.92,True,True,False,,False
mpc_joint_gate,m_H,0.69,goods per income unit,m_S,0.42000000000000004,goods per income unit,1.0,1.0,1.0,1.0,,19.0,-1.2967999999999993,,6.92,True,True,False,,False
mpc_joint_gate,m_H,0.69,goods per income unit,m_S,0.43000000000000005,goods per income unit,1.0,1.0,1.0,1.0,,19.0,-1.2967999999999993,,6.92,True,True,False,,False
mpc_joint_gate,m_H,0.69,goods per income unit,m_S,0.44000000000000006,goods per income unit,1.0,1.0,1.0,1.0,,19.0,-1.2967999999999993,,6.92,True,True,False,,False
mpc_joint_gate,m_H,0.69,goods per income unit,m_S,0.45000000000000007,goods per income unit,1.0,1.0,1.0,1.0,,19.0,-1.2967999999999993,,6.92,True,True,False,,False
mpc_joint_gate,m_H,0.69,goods per income unit,m_S,0.45999999999999996,goods per income unit,1.0,1.0,1.0,1.0,,19.0,-1.2967999999999993,,6.92,True,True,False,,False
mpc_joint_gate,m_H,0.69,goods per income unit,m_S,0.47,goods per income unit,1.0,1.0,1.0,1.0,,19.0,-1.2967999999999993,,6.92,True,True,False,,False
mpc_joint_gate,m_H,0.69,goods per income unit,m_S,0.48,goods per income unit,1.0,1.0,1.0,1.0,,19.0,-1.2967999999999993,,6.92,True,True,False,,False
mpc_joint_gate,m_H,0.69,goods per income unit,m_S,0.49,goods per income unit,1.0,1.0,1.0,1.0,,19.0,-1.2967999999999993,,6.92,True,True,False,,False
mpc_joint_gate,m_H,0.69,goods per income unit,m_S,0.5,goods per income unit,1.0,1.0,1.0,1.0,,19.0,-1.2967999999999993,,6.92,True,True,False,,False
mpc_joint_gate,m_H,0.7,goods per income unit,m_S,0.1,goods per income unit,1.0,1.0,1.0,1.0,,19.0,-1.3840000000000003,,6.92,True,True,False,,False
mpc_joint_gate,m_H,0.7,goods per income unit,m_S,0.11,goods per income unit,1.0,1.0,1.0,1.0,,19.0,-1.3840000000000003,,6.92,True,True,False,,False
mpc_joint_gate,m_H,0.7,goods per income unit,m_S,0.12000000000000001,goods per income unit,1.0,1.0,1.0,1.0,,19.0,-1.3840000000000003,,6.92,True,True,False,,False
mpc_joint_gate,m_H,0.7,goods per income unit,m_S,0.13,goods per income unit,1.0,1.0,1.0,1.0,,19.0,-1.3840000000000003,,6.92,True,True,False,,False
mpc_joint_gate,m_H,0.7,goods per income unit,m_S,0.14,goods per income unit,1.0,1.0,1.0,1.0,,19.0,-1.3840000000000003,,6.92,True,True,False,,False
mpc_joint_gate,m_H,0.7,goods per income unit,m_S,0.15000000000000002,goods per income unit,1.0,1.0,1.0,1.0,,19.0,-1.3840000000000003,,6.92,True,True,False,,False
mpc_joint_gate,m_H,0.7,goods per income unit,m_S,0.16,goods per income unit,1.0,1.0,1.0,1.0,,19.0,-1.3840000000000003,,6.92,True,True,False,,False
mpc_joint_gate,m_H,0.7,goods per income unit,m_S,0.17,goods per income unit,1.0,1.0,1.0,1.0,,19.0,-1.3840000000000003,,6.92,True,True,False,,False
mpc_joint_gate,m_H,0.7,goods per income unit,m_S,0.18,goods per income unit,1.0,1.0,1.0,1.0,,19.0,-1.3840000000000003,,6.92,True,True,False,,False
mpc_joint_gate,m_H,0.7,goods per income unit,m_S,0.19,goods per income unit,1.0,1.0,1.0,1.0,,19.0,-1.3840000000000003,,6.92,True,True,False,,False
mpc_joint_gate,m_H,0.7,goods per income unit,m_S,0.2,goods per income unit,1.0,1.0,1.0,1.0,,19.0,-1.3840000000000003,,6.92,True,True,False,,False
mpc_joint_gate,m_H,0.7,goods per income unit,m_S,0.21000000000000002,goods per income unit,1.0,1.0,1.0,1.0,,19.0,-1.3840000000000003,,6.92,True,True,False,,False
mpc_joint_gate,m_H,0.7,goods per income unit,m_S,0.22,goods per income unit,1.0,1.0,1.0,1.0,,19.0,-1.3840000000000003,,6.92,True,True,False,,False
mpc_joint_gate,m_H,0.7,goods per income unit,m_S,0.23,goods per income unit,1.0,1.0,1.0,1.0,,19.0,-1.3840000000000003,,6.92,True,True,False,,False
mpc_joint_gate,m_H,0.7,goods per income unit,m_S,0.24000000000000002,goods per income unit,1.0,1.0,1.0,1.0,,19.0,-1.3840000000000003,,6.92,True,True,False,,False
mpc_joint_gate,m_H,0.7,goods per income unit,m_S,0.25,goods per income unit,1.0,1.0,1.0,1.0,,19.0,-1.3840000000000003,,6.92,True,True,False,,False
mpc_joint_gate,m_H,0.7,goods per income unit,m_S,0.26,goods per income unit,1.0,1.0,1.0,1.0,,19.0,-1.3840000000000003,,6.92,True,True,False,,False
mpc_joint_gate,m_H,0.7,goods per income unit,m_S,0.27,goods per income unit,1.0,1.0,1.0,1.0,,19.0,-1.3840000000000003,,6.92,True,True,False,,False
mpc_joint_gate,m_H,0.7,goods per income unit,m_S,0.28,goods per income unit,1.0,1.0,1.0,1.0,,19.0,-1.3840000000000003,,6.92,True,True,False,,False
mpc_joint_gate,m_H,0.7,goods per income unit,m_S,0.29000000000000004,goods per income unit,1.0,1.0,1.0,1.0,,19.0,-1.3840000000000003,,6.92,True,True,False,,False
mpc_joint_gate,m_H,0.7,goods per income unit,m_S,0.30000000000000004,goods per income unit,1.0,1.0,1.0,1.0,,19.0,-1.3840000000000003,,6.92,True,True,False,,False
mpc_joint_gate,m_H,0.7,goods per income unit,m_S,0.31,goods per income unit,1.0,1.0,1.0,1.0,,19.0,-1.3840000000000003,,6.92,True,True,False,,False
mpc_joint_gate,m_H,0.7,goods per income unit,m_S,0.32,goods per income unit,1.0,1.0,1.0,1.0,,19.0,-1.3840000000000003,,6.92,True,True,False,,False
mpc_joint_gate,m_H,0.7,goods per income unit,m_S,0.33,goods per income unit,1.0,1.0,1.0,1.0,,19.0,-1.3840000000000003,,6.92,True,True,False,,False
mpc_joint_gate,m_H,0.7,goods per income unit,m_S,0.33999999999999997,goods per income unit,1.0,1.0,1.0,1.0,,19.0,-1.3840000000000003,,6.92,True,True,False,,False
mpc_joint_gate,m_H,0.7,goods per income unit,m_S,0.35,goods per income unit,1.0,1.0,1.0,1.0,,19.0,-1.3840000000000003,,6.92,True,True,False,,False
mpc_joint_gate,m_H,0.7,goods per income unit,m_S,0.36,goods per income unit,1.0,1.0,1.0,1.0,,19.0,-1.3840000000000003,,6.92,True,True,False,,False
mpc_joint_gate,m_H,0.7,goods per income unit,m_S,0.37,goods per income unit,1.0,1.0,1.0,1.0,,19.0,-1.3840000000000003,,6.92,True,True,False,,False
mpc_joint_gate,m_H,0.7,goods per income unit,m_S,0.38,goods per income unit,1.0,1.0,1.0,1.0,,19.0,-1.3840000000000003,,6.92,True,True,False,,False
mpc_joint_gate,m_H,0.7,goods per income unit,m_S,0.39,goods per income unit,1.0,1.0,1.0,1.0,,19.0,-1.3840000000000003,,6.92,True,True,False,,False
mpc_joint_gate,m_H,0.7,goods per income unit,m_S,0.4,goods per income unit,1.0,1.0,1.0,1.0,,19.0,-1.3840000000000003,,6.92,True,True,False,,False
mpc_joint_gate,m_H,0.7,goods per income unit,m_S,0.41000000000000003,goods per income unit,1.0,1.0,1.0,1.0,,19.0,-1.3840000000000003,,6.92,True,True,False,,False
mpc_joint_gate,m_H,0.7,goods per income unit,m_S,0.42000000000000004,goods per income unit,1.0,1.0,1.0,1.0,,19.0,-1.3840000000000003,,6.92,True,True,False,,False
mpc_joint_gate,m_H,0.7,goods per income unit,m_S,0.43000000000000005,goods per income unit,1.0,1.0,1.0,1.0,,19.0,-1.3840000000000003,,6.92,True,True,False,,False
mpc_joint_gate,m_H,0.7,goods per income unit,m_S,0.44000000000000006,goods per income unit,1.0,1.0,1.0,1.0,,19.0,-1.3840000000000003,,6.92,True,True,False,,False
mpc_joint_gate,m_H,0.7,goods per income unit,m_S,0.45000000000000007,goods per income unit,1.0,1.0,1.0,1.0,,19.0,-1.3840000000000003,,6.92,True,True,False,,False
mpc_joint_gate,m_H,0.7,goods per income unit,m_S,0.45999999999999996,goods per income unit,1.0,1.0,1.0,1.0,,19.0,-1.3840000000000003,,6.92,True,True,False,,False
mpc_joint_gate,m_H,0.7,goods per income unit,m_S,0.47,goods per income unit,1.0,1.0,1.0,1.0,,19.0,-1.3840000000000003,,6.92,True,True,False,,False
mpc_joint_gate,m_H,0.7,goods per income unit,m_S,0.48,goods per income unit,1.0,1.0,1.0,1.0,,19.0,-1.3840000000000003,,6.92,True,True,False,,False
mpc_joint_gate,m_H,0.7,goods per income unit,m_S,0.49,goods per income unit,1.0,1.0,1.0,1.0,,19.0,-1.3840000000000003,,6.92,True,True,False,,False
mpc_joint_gate,m_H,0.7,goods per income unit,m_S,0.5,goods per income unit,1.0,1.0,1.0,1.0,,19.0,-1.3840000000000003,,6.92,True,True,False,,False
mpc_joint_gate,m_H,0.71,goods per income unit,m_S,0.1,goods per income unit,1.0,1.0,1.0,1.0,,19.0,-1.4711999999999987,,6.92,True,True,False,,False
mpc_joint_gate,m_H,0.71,goods per income unit,m_S,0.11,goods per income unit,1.0,1.0,1.0,1.0,,19.0,-1.4711999999999987,,6.92,True,True,False,,False
mpc_joint_gate,m_H,0.71,goods per income unit,m_S,0.12000000000000001,goods per income unit,1.0,1.0,1.0,1.0,,19.0,-1.4711999999999987,,6.92,True,True,False,,False
mpc_joint_gate,m_H,0.71,goods per income unit,m_S,0.13,goods per income unit,1.0,1.0,1.0,1.0,,19.0,-1.4711999999999987,,6.92,True,True,False,,False
mpc_joint_gate,m_H,0.71,goods per income unit,m_S,0.14,goods per income unit,1.0,1.0,1.0,1.0,,19.0,-1.4711999999999987,,6.92,True,True,False,,False
mpc_joint_gate,m_H,0.71,goods per income unit,m_S,0.15000000000000002,goods per income unit,1.0,1.0,1.0,1.0,,19.0,-1.4711999999999987,,6.92,True,True,False,,False
mpc_joint_gate,m_H,0.71,goods per income unit,m_S,0.16,goods per income unit,1.0,1.0,1.0,1.0,,19.0,-1.4711999999999987,,6.92,True,True,False,,False
mpc_joint_gate,m_H,0.71,goods per income unit,m_S,0.17,goods per income unit,1.0,1.0,1.0,1.0,,19.0,-1.4711999999999987,,6.92,True,True,False,,False
mpc_joint_gate,m_H,0.71,goods per income unit,m_S,0.18,goods per income unit,1.0,1.0,1.0,1.0,,19.0,-1.4711999999999987,,6.92,True,True,False,,False
mpc_joint_gate,m_H,0.71,goods per income unit,m_S,0.19,goods per income unit,1.0,1.0,1.0,1.0,,19.0,-1.4711999999999987,,6.92,True,True,False,,False
mpc_joint_gate,m_H,0.71,goods per income unit,m_S,0.2,goods per income unit,1.0,1.0,1.0,1.0,,19.0,-1.4711999999999987,,6.92,True,True,False,,False
mpc_joint_gate,m_H,0.71,goods per income unit,m_S,0.21000000000000002,goods per income unit,1.0,1.0,1.0,1.0,,19.0,-1.4711999999999987,,6.92,True,True,False,,False
mpc_joint_gate,m_H,0.71,goods per income unit,m_S,0.22,goods per income unit,1.0,1.0,1.0,1.0,,19.0,-1.4711999999999987,,6.92,True,True,False,,False
mpc_joint_gate,m_H,0.71,goods per income unit,m_S,0.23,goods per income unit,1.0,1.0,1.0,1.0,,19.0,-1.4711999999999987,,6.92,True,True,False,,False
mpc_joint_gate,m_H,0.71,goods per income unit,m_S,0.24000000000000002,goods per income unit,1.0,1.0,1.0,1.0,,19.0,-1.4711999999999987,,6.92,True,True,False,,False
mpc_joint_gate,m_H,0.71,goods per income unit,m_S,0.25,goods per income unit,1.0,1.0,1.0,1.0,,19.0,-1.4711999999999987,,6.92,True,True,False,,False
mpc_joint_gate,m_H,0.71,goods per income unit,m_S,0.26,goods per income unit,1.0,1.0,1.0,1.0,,19.0,-1.4711999999999987,,6.92,True,True,False,,False
mpc_joint_gate,m_H,0.71,goods per income unit,m_S,0.27,goods per income unit,1.0,1.0,1.0,1.0,,19.0,-1.4711999999999987,,6.92,True,True,False,,False
mpc_joint_gate,m_H,0.71,goods per income unit,m_S,0.28,goods per income unit,1.0,1.0,1.0,1.0,,19.0,-1.4711999999999987,,6.92,True,True,False,,False
mpc_joint_gate,m_H,0.71,goods per income unit,m_S,0.29000000000000004,goods per income unit,1.0,1.0,1.0,1.0,,19.0,-1.4711999999999987,,6.92,True,True,False,,False
mpc_joint_gate,m_H,0.71,goods per income unit,m_S,0.30000000000000004,goods per income unit,1.0,1.0,1.0,1.0,,19.0,-1.4711999999999987,,6.92,True,True,False,,False
mpc_joint_gate,m_H,0.71,goods per income unit,m_S,0.31,goods per income unit,1.0,1.0,1.0,1.0,,19.0,-1.4711999999999987,,6.92,True,True,False,,False
mpc_joint_gate,m_H,0.71,goods per income unit,m_S,0.32,goods per income unit,1.0,1.0,1.0,1.0,,19.0,-1.4711999999999987,,6.92,True,True,False,,False
mpc_joint_gate,m_H,0.71,goods per income unit,m_S,0.33,goods per income unit,1.0,1.0,1.0,1.0,,19.0,-1.4711999999999987,,6.92,True,True,False,,False
mpc_joint_gate,m_H,0.71,goods per income unit,m_S,0.33999999999999997,goods per income unit,1.0,1.0,1.0,1.0,,19.0,-1.4711999999999987,,6.92,True,True,False,,False
mpc_joint_gate,m_H,0.71,goods per income unit,m_S,0.35,goods per income unit,1.0,1.0,1.0,1.0,,19.0,-1.4711999999999987,,6.92,True,True,False,,False
mpc_joint_gate,m_H,0.71,goods per income unit,m_S,0.36,goods per income unit,1.0,1.0,1.0,1.0,,19.0,-1.4711999999999987,,6.92,True,True,False,,False
mpc_joint_gate,m_H,0.71,goods per income unit,m_S,0.37,goods per income unit,1.0,1.0,1.0,1.0,,19.0,-1.4711999999999987,,6.92,True,True,False,,False
mpc_joint_gate,m_H,0.71,goods per income unit,m_S,0.38,goods per income unit,1.0,1.0,1.0,1.0,,19.0,-1.4711999999999987,,6.92,True,True,False,,False
mpc_joint_gate,m_H,0.71,goods per income unit,m_S,0.39,goods per income unit,1.0,1.0,1.0,1.0,,19.0,-1.4711999999999987,,6.92,True,True,False,,False
mpc_joint_gate,m_H,0.71,goods per income unit,m_S,0.4,goods per income unit,1.0,1.0,1.0,1.0,,19.0,-1.4711999999999987,,6.92,True,True,False,,False
mpc_joint_gate,m_H,0.71,goods per income unit,m_S,0.41000000000000003,goods per income unit,1.0,1.0,1.0,1.0,,19.0,-1.4711999999999987,,6.92,True,True,False,,False
mpc_joint_gate,m_H,0.71,goods per income unit,m_S,0.42000000000000004,goods per income unit,1.0,1.0,1.0,1.0,,19.0,-1.4711999999999987,,6.92,True,True,False,,False
mpc_joint_gate,m_H,0.71,goods per income unit,m_S,0.43000000000000005,goods per income unit,1.0,1.0,1.0,1.0,,19.0,-1.4711999999999987,,6.92,True,True,False,,False
mpc_joint_gate,m_H,0.71,goods per income unit,m_S,0.44000000000000006,goods per income unit,1.0,1.0,1.0,1.0,,19.0,-1.4711999999999987,,6.92,True,True,False,,False
mpc_joint_gate,m_H,0.71,goods per income unit,m_S,0.45000000000000007,goods per income unit,1.0,1.0,1.0,1.0,,19.0,-1.4711999999999987,,6.92,True,True,False,,False
mpc_joint_gate,m_H,0.71,goods per income unit,m_S,0.45999999999999996,goods per income unit,1.0,1.0,1.0,1.0,,19.0,-1.4711999999999987,,6.92,True,True,False,,False
mpc_joint_gate,m_H,0.71,goods per income unit,m_S,0.47,goods per income unit,1.0,1.0,1.0,1.0,,19.0,-1.4711999999999987,,6.92,True,True,False,,False
mpc_joint_gate,m_H,0.71,goods per income unit,m_S,0.48,goods per income unit,1.0,1.0,1.0,1.0,,19.0,-1.4711999999999987,,6.92,True,True,False,,False
mpc_joint_gate,m_H,0.71,goods per income unit,m_S,0.49,goods per income unit,1.0,1.0,1.0,1.0,,19.0,-1.4711999999999987,,6.92,True,True,False,,False
mpc_joint_gate,m_H,0.71,goods per income unit,m_S,0.5,goods per income unit,1.0,1.0,1.0,1.0,,19.0,-1.4711999999999987,,6.92,True,True,False,,False
mpc_joint_gate,m_H,0.72,goods per income unit,m_S,0.1,goods per income unit,1.0,1.0,1.0,1.0,,19.0,-1.558399999999998,,6.92,True,True,False,,False
mpc_joint_gate,m_H,0.72,goods per income unit,m_S,0.11,goods per income unit,1.0,1.0,1.0,1.0,,19.0,-1.558399999999998,,6.92,True,True,False,,False
mpc_joint_gate,m_H,0.72,goods per income unit,m_S,0.12000000000000001,goods per income unit,1.0,1.0,1.0,1.0,,19.0,-1.558399999999998,,6.92,True,True,False,,False
mpc_joint_gate,m_H,0.72,goods per income unit,m_S,0.13,goods per income unit,1.0,1.0,1.0,1.0,,19.0,-1.558399999999998,,6.92,True,True,False,,False
mpc_joint_gate,m_H,0.72,goods per income unit,m_S,0.14,goods per income unit,1.0,1.0,1.0,1.0,,19.0,-1.558399999999998,,6.92,True,True,False,,False
mpc_joint_gate,m_H,0.72,goods per income unit,m_S,0.15000000000000002,goods per income unit,1.0,1.0,1.0,1.0,,19.0,-1.558399999999998,,6.92,True,True,False,,False
mpc_joint_gate,m_H,0.72,goods per income unit,m_S,0.16,goods per income unit,1.0,1.0,1.0,1.0,,19.0,-1.558399999999998,,6.92,True,True,False,,False
mpc_joint_gate,m_H,0.72,goods per income unit,m_S,0.17,goods per income unit,1.0,1.0,1.0,1.0,,19.0,-1.558399999999998,,6.92,True,True,False,,False
mpc_joint_gate,m_H,0.72,goods per income unit,m_S,0.18,goods per income unit,1.0,1.0,1.0,1.0,,19.0,-1.558399999999998,,6.92,True,True,False,,False
mpc_joint_gate,m_H,0.72,goods per income unit,m_S,0.19,goods per income unit,1.0,1.0,1.0,1.0,,19.0,-1.558399999999998,,6.92,True,True,False,,False
mpc_joint_gate,m_H,0.72,goods per income unit,m_S,0.2,goods per income unit,1.0,1.0,1.0,1.0,,19.0,-1.558399999999998,,6.92,True,True,False,,False
mpc_joint_gate,m_H,0.72,goods per income unit,m_S,0.21000000000000002,goods per income unit,1.0,1.0,1.0,1.0,,19.0,-1.558399999999998,,6.92,True,True,False,,False
mpc_joint_gate,m_H,0.72,goods per income unit,m_S,0.22,goods per income unit,1.0,1.0,1.0,1.0,,19.0,-1.558399999999998,,6.92,True,True,False,,False
mpc_joint_gate,m_H,0.72,goods per income unit,m_S,0.23,goods per income unit,1.0,1.0,1.0,1.0,,19.0,-1.558399999999998,,6.92,True,True,False,,False
mpc_joint_gate,m_H,0.72,goods per income unit,m_S,0.24000000000000002,goods per income unit,1.0,1.0,1.0,1.0,,19.0,-1.558399999999998,,6.92,True,True,False,,False
mpc_joint_gate,m_H,0.72,goods per income unit,m_S,0.25,goods per income unit,1.0,1.0,1.0,1.0,,19.0,-1.558399999999998,,6.92,True,True,False,,False
mpc_joint_gate,m_H,0.72,goods per income unit,m_S,0.26,goods per income unit,1.0,1.0,1.0,1.0,,19.0,-1.558399999999998,,6.92,True,True,False,,False
mpc_joint_gate,m_H,0.72,goods per income unit,m_S,0.27,goods per income unit,1.0,1.0,1.0,1.0,,19.0,-1.558399999999998,,6.92,True,True,False,,False
mpc_joint_gate,m_H,0.72,goods per income unit,m_S,0.28,goods per income unit,1.0,1.0,1.0,1.0,,19.0,-1.558399999999998,,6.92,True,True,False,,False
mpc_joint_gate,m_H,0.72,goods per income unit,m_S,0.29000000000000004,goods per income unit,1.0,1.0,1.0,1.0,,19.0,-1.558399999999998,,6.92,True,True,False,,False
mpc_joint_gate,m_H,0.72,goods per income unit,m_S,0.30000000000000004,goods per income unit,1.0,1.0,1.0,1.0,,19.0,-1.558399999999998,,6.92,True,True,False,,False
mpc_joint_gate,m_H,0.72,goods per income unit,m_S,0.31,goods per income unit,1.0,1.0,1.0,1.0,,19.0,-1.558399999999998,,6.92,True,True,False,,False
mpc_joint_gate,m_H,0.72,goods per income unit,m_S,0.32,goods per income unit,1.0,1.0,1.0,1.0,,19.0,-1.558399999999998,,6.92,True,True,False,,False
mpc_joint_gate,m_H,0.72,goods per income unit,m_S,0.33,goods per income unit,1.0,1.0,1.0,1.0,,19.0,-1.558399999999998,,6.92,True,True,False,,False
mpc_joint_gate,m_H,0.72,goods per income unit,m_S,0.33999999999999997,goods per income unit,1.0,1.0,1.0,1.0,,19.0,-1.558399999999998,,6.92,True,True,False,,False
mpc_joint_gate,m_H,0.72,goods per income unit,m_S,0.35,goods per income unit,1.0,1.0,1.0,1.0,,19.0,-1.558399999999998,,6.92,True,True,False,,False
mpc_joint_gate,m_H,0.72,goods per income unit,m_S,0.36,goods per income unit,1.0,1.0,1.0,1.0,,19.0,-1.558399999999998,,6.92,True,True,False,,False
mpc_joint_gate,m_H,0.72,goods per income unit,m_S,0.37,goods per income unit,1.0,1.0,1.0,1.0,,19.0,-1.558399999999998,,6.92,True,True,False,,False
mpc_joint_gate,m_H,0.72,goods per income unit,m_S,0.38,goods per income unit,1.0,1.0,1.0,1.0,,19.0,-1.558399999999998,,6.92,True,True,False,,False
mpc_joint_gate,m_H,0.72,goods per income unit,m_S,0.39,goods per income unit,1.0,1.0,1.0,1.0,,19.0,-1.558399999999998,,6.92,True,True,False,,False
mpc_joint_gate,m_H,0.72,goods per income unit,m_S,0.4,goods per income unit,1.0,1.0,1.0,1.0,,19.0,-1.558399999999998,,6.92,True,True,False,,False
mpc_joint_gate,m_H,0.72,goods per income unit,m_S,0.41000000000000003,goods per income unit,1.0,1.0,1.0,1.0,,19.0,-1.558399999999998,,6.92,True,True,False,,False
mpc_joint_gate,m_H,0.72,goods per income unit,m_S,0.42000000000000004,goods per income unit,1.0,1.0,1.0,1.0,,19.0,-1.558399999999998,,6.92,True,True,False,,False
mpc_joint_gate,m_H,0.72,goods per income unit,m_S,0.43000000000000005,goods per income unit,1.0,1.0,1.0,1.0,,19.0,-1.558399999999998,,6.92,True,True,False,,False
mpc_joint_gate,m_H,0.72,goods per income unit,m_S,0.44000000000000006,goods per income unit,1.0,1.0,1.0,1.0,,19.0,-1.558399999999998,,6.92,True,True,False,,False
mpc_joint_gate,m_H,0.72,goods per income unit,m_S,0.45000000000000007,goods per income unit,1.0,1.0,1.0,1.0,,19.0,-1.558399999999998,,6.92,True,True,False,,False
mpc_joint_gate,m_H,0.72,goods per income unit,m_S,0.45999999999999996,goods per income unit,1.0,1.0,1.0,1.0,,19.0,-1.558399999999998,,6.92,True,True,False,,False
mpc_joint_gate,m_H,0.72,goods per income unit,m_S,0.47,goods per income unit,1.0,1.0,1.0,1.0,,19.0,-1.558399999999998,,6.92,True,True,False,,False
mpc_joint_gate,m_H,0.72,goods per income unit,m_S,0.48,goods per income unit,1.0,1.0,1.0,1.0,,19.0,-1.558399999999998,,6.92,True,True,False,,False
mpc_joint_gate,m_H,0.72,goods per income unit,m_S,0.49,goods per income unit,1.0,1.0,1.0,1.0,,19.0,-1.558399999999998,,6.92,True,True,False,,False
mpc_joint_gate,m_H,0.72,goods per income unit,m_S,0.5,goods per income unit,1.0,1.0,1.0,1.0,,19.0,-1.558399999999998,,6.92,True,True,False,,False
mpc_joint_gate,m_H,0.73,goods per income unit,m_S,0.1,goods per income unit,1.0,1.0,1.0,1.0,,19.0,-1.645599999999999,,6.92,True,True,False,,False
mpc_joint_gate,m_H,0.73,goods per income unit,m_S,0.11,goods per income unit,1.0,1.0,1.0,1.0,,19.0,-1.645599999999999,,6.92,True,True,False,,False
mpc_joint_gate,m_H,0.73,goods per income unit,m_S,0.12000000000000001,goods per income unit,1.0,1.0,1.0,1.0,,19.0,-1.645599999999999,,6.92,True,True,False,,False
mpc_joint_gate,m_H,0.73,goods per income unit,m_S,0.13,goods per income unit,1.0,1.0,1.0,1.0,,19.0,-1.645599999999999,,6.92,True,True,False,,False
mpc_joint_gate,m_H,0.73,goods per income unit,m_S,0.14,goods per income unit,1.0,1.0,1.0,1.0,,19.0,-1.645599999999999,,6.92,True,True,False,,False
mpc_joint_gate,m_H,0.73,goods per income unit,m_S,0.15000000000000002,goods per income unit,1.0,1.0,1.0,1.0,,19.0,-1.645599999999999,,6.92,True,True,False,,False
mpc_joint_gate,m_H,0.73,goods per income unit,m_S,0.16,goods per income unit,1.0,1.0,1.0,1.0,,19.0,-1.645599999999999,,6.92,True,True,False,,False
mpc_joint_gate,m_H,0.73,goods per income unit,m_S,0.17,goods per income unit,1.0,1.0,1.0,1.0,,19.0,-1.645599999999999,,6.92,True,True,False,,False
mpc_joint_gate,m_H,0.73,goods per income unit,m_S,0.18,goods per income unit,1.0,1.0,1.0,1.0,,19.0,-1.645599999999999,,6.92,True,True,False,,False
mpc_joint_gate,m_H,0.73,goods per income unit,m_S,0.19,goods per income unit,1.0,1.0,1.0,1.0,,19.0,-1.645599999999999,,6.92,True,True,False,,False
mpc_joint_gate,m_H,0.73,goods per income unit,m_S,0.2,goods per income unit,1.0,1.0,1.0,1.0,,19.0,-1.645599999999999,,6.92,True,True,False,,False
mpc_joint_gate,m_H,0.73,goods per income unit,m_S,0.21000000000000002,goods per income unit,1.0,1.0,1.0,1.0,,19.0,-1.645599999999999,,6.92,True,True,False,,False
mpc_joint_gate,m_H,0.73,goods per income unit,m_S,0.22,goods per income unit,1.0,1.0,1.0,1.0,,19.0,-1.645599999999999,,6.92,True,True,False,,False
mpc_joint_gate,m_H,0.73,goods per income unit,m_S,0.23,goods per income unit,1.0,1.0,1.0,1.0,,19.0,-1.645599999999999,,6.92,True,True,False,,False
mpc_joint_gate,m_H,0.73,goods per income unit,m_S,0.24000000000000002,goods per income unit,1.0,1.0,1.0,1.0,,19.0,-1.645599999999999,,6.92,True,True,False,,False
mpc_joint_gate,m_H,0.73,goods per income unit,m_S,0.25,goods per income unit,1.0,1.0,1.0,1.0,,19.0,-1.645599999999999,,6.92,True,True,False,,False
mpc_joint_gate,m_H,0.73,goods per income unit,m_S,0.26,goods per income unit,1.0,1.0,1.0,1.0,,19.0,-1.645599999999999,,6.92,True,True,False,,False
mpc_joint_gate,m_H,0.73,goods per income unit,m_S,0.27,goods per income unit,1.0,1.0,1.0,1.0,,19.0,-1.645599999999999,,6.92,True,True,False,,False
mpc_joint_gate,m_H,0.73,goods per income unit,m_S,0.28,goods per income unit,1.0,1.0,1.0,1.0,,19.0,-1.645599999999999,,6.92,True,True,False,,False
mpc_joint_gate,m_H,0.73,goods per income unit,m_S,0.29000000000000004,goods per income unit,1.0,1.0,1.0,1.0,,19.0,-1.645599999999999,,6.92,True,True,False,,False
mpc_joint_gate,m_H,0.73,goods per income unit,m_S,0.30000000000000004,goods per income unit,1.0,1.0,1.0,1.0,,19.0,-1.645599999999999,,6.92,True,True,False,,False
mpc_joint_gate,m_H,0.73,goods per income unit,m_S,0.31,goods per income unit,1.0,1.0,1.0,1.0,,19.0,-1.645599999999999,,6.92,True,True,False,,False
mpc_joint_gate,m_H,0.73,goods per income unit,m_S,0.32,goods per income unit,1.0,1.0,1.0,1.0,,19.0,-1.645599999999999,,6.92,True,True,False,,False
mpc_joint_gate,m_H,0.73,goods per income unit,m_S,0.33,goods per income unit,1.0,1.0,1.0,1.0,,19.0,-1.645599999999999,,6.92,True,True,False,,False
mpc_joint_gate,m_H,0.73,goods per income unit,m_S,0.33999999999999997,goods per income unit,1.0,1.0,1.0,1.0,,19.0,-1.645599999999999,,6.92,True,True,False,,False
mpc_joint_gate,m_H,0.73,goods per income unit,m_S,0.35,goods per income unit,1.0,1.0,1.0,1.0,,19.0,-1.645599999999999,,6.92,True,True,False,,False
mpc_joint_gate,m_H,0.73,goods per income unit,m_S,0.36,goods per income unit,1.0,1.0,1.0,1.0,,19.0,-1.645599999999999,,6.92,True,True,False,,False
mpc_joint_gate,m_H,0.73,goods per income unit,m_S,0.37,goods per income unit,1.0,1.0,1.0,1.0,,19.0,-1.645599999999999,,6.92,True,True,False,,False
mpc_joint_gate,m_H,0.73,goods per income unit,m_S,0.38,goods per income unit,1.0,1.0,1.0,1.0,,19.0,-1.645599999999999,,6.92,True,True,False,,False
mpc_joint_gate,m_H,0.73,goods per income unit,m_S,0.39,goods per income unit,1.0,1.0,1.0,1.0,,19.0,-1.645599999999999,,6.92,True,True,False,,False
mpc_joint_gate,m_H,0.73,goods per income unit,m_S,0.4,goods per income unit,1.0,1.0,1.0,1.0,,19.0,-1.645599999999999,,6.92,True,True,False,,False
mpc_joint_gate,m_H,0.73,goods per income unit,m_S,0.41000000000000003,goods per income unit,1.0,1.0,1.0,1.0,,19.0,-1.645599999999999,,6.92,True,True,False,,False
mpc_joint_gate,m_H,0.73,goods per income unit,m_S,0.42000000000000004,goods per income unit,1.0,1.0,1.0,1.0,,19.0,-1.645599999999999,,6.92,True,True,False,,False
mpc_joint_gate,m_H,0.73,goods per income unit,m_S,0.43000000000000005,goods per income unit,1.0,1.0,1.0,1.0,,19.0,-1.645599999999999,,6.92,True,True,False,,False
mpc_joint_gate,m_H,0.73,goods per income unit,m_S,0.44000000000000006,goods per income unit,1.0,1.0,1.0,1.0,,19.0,-1.645599999999999,,6.92,True,True,False,,False
mpc_joint_gate,m_H,0.73,goods per income unit,m_S,0.45000000000000007,goods per income unit,1.0,1.0,1.0,1.0,,19.0,-1.645599999999999,,6.92,True,True,False,,False
mpc_joint_gate,m_H,0.73,goods per income unit,m_S,0.45999999999999996,goods per income unit,1.0,1.0,1.0,1.0,,19.0,-1.645599999999999,,6.92,True,True,False,,False
mpc_joint_gate,m_H,0.73,goods per income unit,m_S,0.47,goods per income unit,1.0,1.0,1.0,1.0,,19.0,-1.645599999999999,,6.92,True,True,False,,False
mpc_joint_gate,m_H,0.73,goods per income unit,m_S,0.48,goods per income unit,1.0,1.0,1.0,1.0,,19.0,-1.645599999999999,,6.92,True,True,False,,False
mpc_joint_gate,m_H,0.73,goods per income unit,m_S,0.49,goods per income unit,1.0,1.0,1.0,1.0,,19.0,-1.645599999999999,,6.92,True,True,False,,False
mpc_joint_gate,m_H,0.73,goods per income unit,m_S,0.5,goods per income unit,1.0,1.0,1.0,1.0,,19.0,-1.645599999999999,,6.92,True,True,False,,False
mpc_joint_gate,m_H,0.74,goods per income unit,m_S,0.1,goods per income unit,1.0,1.0,1.0,1.0,,19.0,-1.7328000000000001,,6.92,True,True,False,,False
mpc_joint_gate,m_H,0.74,goods per income unit,m_S,0.11,goods per income unit,1.0,1.0,1.0,1.0,,19.0,-1.7328000000000001,,6.92,True,True,False,,False
mpc_joint_gate,m_H,0.74,goods per income unit,m_S,0.12000000000000001,goods per income unit,1.0,1.0,1.0,1.0,,19.0,-1.7328000000000001,,6.92,True,True,False,,False
mpc_joint_gate,m_H,0.74,goods per income unit,m_S,0.13,goods per income unit,1.0,1.0,1.0,1.0,,19.0,-1.7328000000000001,,6.92,True,True,False,,False
mpc_joint_gate,m_H,0.74,goods per income unit,m_S,0.14,goods per income unit,1.0,1.0,1.0,1.0,,19.0,-1.7328000000000001,,6.92,True,True,False,,False
mpc_joint_gate,m_H,0.74,goods per income unit,m_S,0.15000000000000002,goods per income unit,1.0,1.0,1.0,1.0,,19.0,-1.7328000000000001,,6.92,True,True,False,,False
mpc_joint_gate,m_H,0.74,goods per income unit,m_S,0.16,goods per income unit,1.0,1.0,1.0,1.0,,19.0,-1.7328000000000001,,6.92,True,True,False,,False
mpc_joint_gate,m_H,0.74,goods per income unit,m_S,0.17,goods per income unit,1.0,1.0,1.0,1.0,,19.0,-1.7328000000000001,,6.92,True,True,False,,False
mpc_joint_gate,m_H,0.74,goods per income unit,m_S,0.18,goods per income unit,1.0,1.0,1.0,1.0,,19.0,-1.7328000000000001,,6.92,True,True,False,,False
mpc_joint_gate,m_H,0.74,goods per income unit,m_S,0.19,goods per income unit,1.0,1.0,1.0,1.0,,19.0,-1.7328000000000001,,6.92,True,True,False,,False
mpc_joint_gate,m_H,0.74,goods per income unit,m_S,0.2,goods per income unit,1.0,1.0,1.0,1.0,,19.0,-1.7328000000000001,,6.92,True,True,False,,False
mpc_joint_gate,m_H,0.74,goods per income unit,m_S,0.21000000000000002,goods per income unit,1.0,1.0,1.0,1.0,,19.0,-1.7328000000000001,,6.92,True,True,False,,False
mpc_joint_gate,m_H,0.74,goods per income unit,m_S,0.22,goods per income unit,1.0,1.0,1.0,1.0,,19.0,-1.7328000000000001,,6.92,True,True,False,,False
mpc_joint_gate,m_H,0.74,goods per income unit,m_S,0.23,goods per income unit,1.0,1.0,1.0,1.0,,19.0,-1.7328000000000001,,6.92,True,True,False,,False
mpc_joint_gate,m_H,0.74,goods per income unit,m_S,0.24000000000000002,goods per income unit,1.0,1.0,1.0,1.0,,19.0,-1.7328000000000001,,6.92,True,True,False,,False
mpc_joint_gate,m_H,0.74,goods per income unit,m_S,0.25,goods per income unit,1.0,1.0,1.0,1.0,,19.0,-1.7328000000000001,,6.92,True,True,False,,False
mpc_joint_gate,m_H,0.74,goods per income unit,m_S,0.26,goods per income unit,1.0,1.0,1.0,1.0,,19.0,-1.7328000000000001,,6.92,True,True,False,,False
mpc_joint_gate,m_H,0.74,goods per income unit,m_S,0.27,goods per income unit,1.0,1.0,1.0,1.0,,19.0,-1.7328000000000001,,6.92,True,True,False,,False
mpc_joint_gate,m_H,0.74,goods per income unit,m_S,0.28,goods per income unit,1.0,1.0,1.0,1.0,,19.0,-1.7328000000000001,,6.92,True,True,False,,False
mpc_joint_gate,m_H,0.74,goods per income unit,m_S,0.29000000000000004,goods per income unit,1.0,1.0,1.0,1.0,,19.0,-1.7328000000000001,,6.92,True,True,False,,False
mpc_joint_gate,m_H,0.74,goods per income unit,m_S,0.30000000000000004,goods per income unit,1.0,1.0,1.0,1.0,,19.0,-1.7328000000000001,,6.92,True,True,False,,False
mpc_joint_gate,m_H,0.74,goods per income unit,m_S,0.31,goods per income unit,1.0,1.0,1.0,1.0,,19.0,-1.7328000000000001,,6.92,True,True,False,,False
mpc_joint_gate,m_H,0.74,goods per income unit,m_S,0.32,goods per income unit,1.0,1.0,1.0,1.0,,19.0,-1.7328000000000001,,6.92,True,True,False,,False
mpc_joint_gate,m_H,0.74,goods per income unit,m_S,0.33,goods per income unit,1.0,1.0,1.0,1.0,,19.0,-1.7328000000000001,,6.92,True,True,False,,False
mpc_joint_gate,m_H,0.74,goods per income unit,m_S,0.33999999999999997,goods per income unit,1.0,1.0,1.0,1.0,,19.0,-1.7328000000000001,,6.92,True,True,False,,False
mpc_joint_gate,m_H,0.74,goods per income unit,m_S,0.35,goods per income unit,1.0,1.0,1.0,1.0,,19.0,-1.7328000000000001,,6.92,True,True,False,,False
mpc_joint_gate,m_H,0.74,goods per income unit,m_S,0.36,goods per income unit,1.0,1.0,1.0,1.0,,19.0,-1.7328000000000001,,6.92,True,True,False,,False
mpc_joint_gate,m_H,0.74,goods per income unit,m_S,0.37,goods per income unit,1.0,1.0,1.0,1.0,,19.0,-1.7328000000000001,,6.92,True,True,False,,False
mpc_joint_gate,m_H,0.74,goods per income unit,m_S,0.38,goods per income unit,1.0,1.0,1.0,1.0,,19.0,-1.7328000000000001,,6.92,True,True,False,,False
mpc_joint_gate,m_H,0.74,goods per income unit,m_S,0.39,goods per income unit,1.0,1.0,1.0,1.0,,19.0,-1.7328000000000001,,6.92,True,True,False,,False
mpc_joint_gate,m_H,0.74,goods per income unit,m_S,0.4,goods per income unit,1.0,1.0,1.0,1.0,,19.0,-1.7328000000000001,,6.92,True,True,False,,False
mpc_joint_gate,m_H,0.74,goods per income unit,m_S,0.41000000000000003,goods per income unit,1.0,1.0,1.0,1.0,,19.0,-1.7328000000000001,,6.92,True,True,False,,False
mpc_joint_gate,m_H,0.74,goods per income unit,m_S,0.42000000000000004,goods per income unit,1.0,1.0,1.0,1.0,,19.0,-1.7328000000000001,,6.92,True,True,False,,False
mpc_joint_gate,m_H,0.74,goods per income unit,m_S,0.43000000000000005,goods per income unit,1.0,1.0,1.0,1.0,,19.0,-1.7328000000000001,,6.92,True,True,False,,False
mpc_joint_gate,m_H,0.74,goods per income unit,m_S,0.44000000000000006,goods per income unit,1.0,1.0,1.0,1.0,,19.0,-1.7328000000000001,,6.92,True,True,False,,False
mpc_joint_gate,m_H,0.74,goods per income unit,m_S,0.45000000000000007,goods per income unit,1.0,1.0,1.0,1.0,,19.0,-1.7328000000000001,,6.92,True,True,False,,False
mpc_joint_gate,m_H,0.74,goods per income unit,m_S,0.45999999999999996,goods per income unit,1.0,1.0,1.0,1.0,,19.0,-1.7328000000000001,,6.92,True,True,False,,False
mpc_joint_gate,m_H,0.74,goods per income unit,m_S,0.47,goods per income unit,1.0,1.0,1.0,1.0,,19.0,-1.7328000000000001,,6.92,True,True,False,,False
mpc_joint_gate,m_H,0.74,goods per income unit,m_S,0.48,goods per income unit,1.0,1.0,1.0,1.0,,19.0,-1.7328000000000001,,6.92,True,True,False,,False
mpc_joint_gate,m_H,0.74,goods per income unit,m_S,0.49,goods per income unit,1.0,1.0,1.0,1.0,,19.0,-1.7328000000000001,,6.92,True,True,False,,False
mpc_joint_gate,m_H,0.74,goods per income unit,m_S,0.5,goods per income unit,1.0,1.0,1.0,1.0,,19.0,-1.7328000000000001,,6.92,True,True,False,,False
mpc_joint_gate,m_H,0.75,goods per income unit,m_S,0.1,goods per income unit,1.0,1.0,1.0,1.0,,19.0,-1.8199999999999994,,6.92,True,True,False,,False
mpc_joint_gate,m_H,0.75,goods per income unit,m_S,0.11,goods per income unit,1.0,1.0,1.0,1.0,,19.0,-1.8199999999999994,,6.92,True,True,False,,False
mpc_joint_gate,m_H,0.75,goods per income unit,m_S,0.12000000000000001,goods per income unit,1.0,1.0,1.0,1.0,,19.0,-1.8199999999999994,,6.92,True,True,False,,False
mpc_joint_gate,m_H,0.75,goods per income unit,m_S,0.13,goods per income unit,1.0,1.0,1.0,1.0,,19.0,-1.8199999999999994,,6.92,True,True,False,,False
mpc_joint_gate,m_H,0.75,goods per income unit,m_S,0.14,goods per income unit,1.0,1.0,1.0,1.0,,19.0,-1.8199999999999994,,6.92,True,True,False,,False
mpc_joint_gate,m_H,0.75,goods per income unit,m_S,0.15000000000000002,goods per income unit,1.0,1.0,1.0,1.0,,19.0,-1.8199999999999994,,6.92,True,True,False,,False
mpc_joint_gate,m_H,0.75,goods per income unit,m_S,0.16,goods per income unit,1.0,1.0,1.0,1.0,,19.0,-1.8199999999999994,,6.92,True,True,False,,False
mpc_joint_gate,m_H,0.75,goods per income unit,m_S,0.17,goods per income unit,1.0,1.0,1.0,1.0,,19.0,-1.8199999999999994,,6.92,True,True,False,,False
mpc_joint_gate,m_H,0.75,goods per income unit,m_S,0.18,goods per income unit,1.0,1.0,1.0,1.0,,19.0,-1.8199999999999994,,6.92,True,True,False,,False
mpc_joint_gate,m_H,0.75,goods per income unit,m_S,0.19,goods per income unit,1.0,1.0,1.0,1.0,,19.0,-1.8199999999999994,,6.92,True,True,False,,False
mpc_joint_gate,m_H,0.75,goods per income unit,m_S,0.2,goods per income unit,1.0,1.0,1.0,1.0,,19.0,-1.8199999999999994,,6.92,True,True,False,,False
mpc_joint_gate,m_H,0.75,goods per income unit,m_S,0.21000000000000002,goods per income unit,1.0,1.0,1.0,1.0,,19.0,-1.8199999999999994,,6.92,True,True,False,,False
mpc_joint_gate,m_H,0.75,goods per income unit,m_S,0.22,goods per income unit,1.0,1.0,1.0,1.0,,19.0,-1.8199999999999994,,6.92,True,True,False,,False
mpc_joint_gate,m_H,0.75,goods per income unit,m_S,0.23,goods per income unit,1.0,1.0,1.0,1.0,,19.0,-1.8199999999999994,,6.92,True,True,False,,False
mpc_joint_gate,m_H,0.75,goods per income unit,m_S,0.24000000000000002,goods per income unit,1.0,1.0,1.0,1.0,,19.0,-1.8199999999999994,,6.92,True,True,False,,False
mpc_joint_gate,m_H,0.75,goods per income unit,m_S,0.25,goods per income unit,1.0,1.0,1.0,1.0,,19.0,-1.8199999999999994,,6.92,True,True,False,,False
mpc_joint_gate,m_H,0.75,goods per income unit,m_S,0.26,goods per income unit,1.0,1.0,1.0,1.0,,19.0,-1.8199999999999994,,6.92,True,True,False,,False
mpc_joint_gate,m_H,0.75,goods per income unit,m_S,0.27,goods per income unit,1.0,1.0,1.0,1.0,,19.0,-1.8199999999999994,,6.92,True,True,False,,False
mpc_joint_gate,m_H,0.75,goods per income unit,m_S,0.28,goods per income unit,1.0,1.0,1.0,1.0,,19.0,-1.8199999999999994,,6.92,True,True,False,,False
mpc_joint_gate,m_H,0.75,goods per income unit,m_S,0.29000000000000004,goods per income unit,1.0,1.0,1.0,1.0,,19.0,-1.8199999999999994,,6.92,True,True,False,,False
mpc_joint_gate,m_H,0.75,goods per income unit,m_S,0.30000000000000004,goods per income unit,1.0,1.0,1.0,1.0,,19.0,-1.8199999999999994,,6.92,True,True,False,,False
mpc_joint_gate,m_H,0.75,goods per income unit,m_S,0.31,goods per income unit,1.0,1.0,1.0,1.0,,19.0,-1.8199999999999994,,6.92,True,True,False,,False
mpc_joint_gate,m_H,0.75,goods per income unit,m_S,0.32,goods per income unit,1.0,1.0,1.0,1.0,,19.0,-1.8199999999999994,,6.92,True,True,False,,False
mpc_joint_gate,m_H,0.75,goods per income unit,m_S,0.33,goods per income unit,1.0,1.0,1.0,1.0,,19.0,-1.8199999999999994,,6.92,True,True,False,,False
mpc_joint_gate,m_H,0.75,goods per income unit,m_S,0.33999999999999997,goods per income unit,1.0,1.0,1.0,1.0,,19.0,-1.8199999999999994,,6.92,True,True,False,,False
mpc_joint_gate,m_H,0.75,goods per income unit,m_S,0.35,goods per income unit,1.0,1.0,1.0,1.0,,19.0,-1.8199999999999994,,6.92,True,True,False,,False
mpc_joint_gate,m_H,0.75,goods per income unit,m_S,0.36,goods per income unit,1.0,1.0,1.0,1.0,,19.0,-1.8199999999999994,,6.92,True,True,False,,False
mpc_joint_gate,m_H,0.75,goods per income unit,m_S,0.37,goods per income unit,1.0,1.0,1.0,1.0,,19.0,-1.8199999999999994,,6.92,True,True,False,,False
mpc_joint_gate,m_H,0.75,goods per income unit,m_S,0.38,goods per income unit,1.0,1.0,1.0,1.0,,19.0,-1.8199999999999994,,6.92,True,True,False,,False
mpc_joint_gate,m_H,0.75,goods per income unit,m_S,0.39,goods per income unit,1.0,1.0,1.0,1.0,,19.0,-1.8199999999999994,,6.92,True,True,False,,False
mpc_joint_gate,m_H,0.75,goods per income unit,m_S,0.4,goods per income unit,1.0,1.0,1.0,1.0,,19.0,-1.8199999999999994,,6.92,True,True,False,,False
mpc_joint_gate,m_H,0.75,goods per income unit,m_S,0.41000000000000003,goods per income unit,1.0,1.0,1.0,1.0,,19.0,-1.8199999999999994,,6.92,True,True,False,,False
mpc_joint_gate,m_H,0.75,goods per income unit,m_S,0.42000000000000004,goods per income unit,1.0,1.0,1.0,1.0,,19.0,-1.8199999999999994,,6.92,True,True,False,,False
mpc_joint_gate,m_H,0.75,goods per income unit,m_S,0.43000000000000005,goods per income unit,1.0,1.0,1.0,1.0,,19.0,-1.8199999999999994,,6.92,True,True,False,,False
mpc_joint_gate,m_H,0.75,goods per income unit,m_S,0.44000000000000006,goods per income unit,1.0,1.0,1.0,1.0,,19.0,-1.8199999999999994,,6.92,True,True,False,,False
mpc_joint_gate,m_H,0.75,goods per income unit,m_S,0.45000000000000007,goods per income unit,1.0,1.0,1.0,1.0,,19.0,-1.8199999999999994,,6.92,True,True,False,,False
mpc_joint_gate,m_H,0.75,goods per income unit,m_S,0.45999999999999996,goods per income unit,1.0,1.0,1.0,1.0,,19.0,-1.8199999999999994,,6.92,True,True,False,,False
mpc_joint_gate,m_H,0.75,goods per income unit,m_S,0.47,goods per income unit,1.0,1.0,1.0,1.0,,19.0,-1.8199999999999994,,6.92,True,True,False,,False
mpc_joint_gate,m_H,0.75,goods per income unit,m_S,0.48,goods per income unit,1.0,1.0,1.0,1.0,,19.0,-1.8199999999999994,,6.92,True,True,False,,False
mpc_joint_gate,m_H,0.75,goods per income unit,m_S,0.49,goods per income unit,1.0,1.0,1.0,1.0,,19.0,-1.8199999999999994,,6.92,True,True,False,,False
mpc_joint_gate,m_H,0.75,goods per income unit,m_S,0.5,goods per income unit,1.0,1.0,1.0,1.0,,19.0,-1.8199999999999994,,6.92,True,True,False,,False
mpc_joint_gate,m_H,0.76,goods per income unit,m_S,0.1,goods per income unit,1.0,1.0,1.0,1.0,,19.0,-1.9071999999999987,,6.92,True,True,False,,False
mpc_joint_gate,m_H,0.76,goods per income unit,m_S,0.11,goods per income unit,1.0,1.0,1.0,1.0,,19.0,-1.9071999999999987,,6.92,True,True,False,,False
mpc_joint_gate,m_H,0.76,goods per income unit,m_S,0.12000000000000001,goods per income unit,1.0,1.0,1.0,1.0,,19.0,-1.9071999999999987,,6.92,True,True,False,,False
mpc_joint_gate,m_H,0.76,goods per income unit,m_S,0.13,goods per income unit,1.0,1.0,1.0,1.0,,19.0,-1.9071999999999987,,6.92,True,True,False,,False
mpc_joint_gate,m_H,0.76,goods per income unit,m_S,0.14,goods per income unit,1.0,1.0,1.0,1.0,,19.0,-1.9071999999999987,,6.92,True,True,False,,False
mpc_joint_gate,m_H,0.76,goods per income unit,m_S,0.15000000000000002,goods per income unit,1.0,1.0,1.0,1.0,,19.0,-1.9071999999999987,,6.92,True,True,False,,False
mpc_joint_gate,m_H,0.76,goods per income unit,m_S,0.16,goods per income unit,1.0,1.0,1.0,1.0,,19.0,-1.9071999999999987,,6.92,True,True,False,,False
mpc_joint_gate,m_H,0.76,goods per income unit,m_S,0.17,goods per income unit,1.0,1.0,1.0,1.0,,19.0,-1.9071999999999987,,6.92,True,True,False,,False
mpc_joint_gate,m_H,0.76,goods per income unit,m_S,0.18,goods per income unit,1.0,1.0,1.0,1.0,,19.0,-1.9071999999999987,,6.92,True,True,False,,False
mpc_joint_gate,m_H,0.76,goods per income unit,m_S,0.19,goods per income unit,1.0,1.0,1.0,1.0,,19.0,-1.9071999999999987,,6.92,True,True,False,,False
mpc_joint_gate,m_H,0.76,goods per income unit,m_S,0.2,goods per income unit,1.0,1.0,1.0,1.0,,19.0,-1.9071999999999987,,6.92,True,True,False,,False
mpc_joint_gate,m_H,0.76,goods per income unit,m_S,0.21000000000000002,goods per income unit,1.0,1.0,1.0,1.0,,19.0,-1.9071999999999987,,6.92,True,True,False,,False
mpc_joint_gate,m_H,0.76,goods per income unit,m_S,0.22,goods per income unit,1.0,1.0,1.0,1.0,,19.0,-1.9071999999999987,,6.92,True,True,False,,False
mpc_joint_gate,m_H,0.76,goods per income unit,m_S,0.23,goods per income unit,1.0,1.0,1.0,1.0,,19.0,-1.9071999999999987,,6.92,True,True,False,,False
mpc_joint_gate,m_H,0.76,goods per income unit,m_S,0.24000000000000002,goods per income unit,1.0,1.0,1.0,1.0,,19.0,-1.9071999999999987,,6.92,True,True,False,,False
mpc_joint_gate,m_H,0.76,goods per income unit,m_S,0.25,goods per income unit,1.0,1.0,1.0,1.0,,19.0,-1.9071999999999987,,6.92,True,True,False,,False
mpc_joint_gate,m_H,0.76,goods per income unit,m_S,0.26,goods per income unit,1.0,1.0,1.0,1.0,,19.0,-1.9071999999999987,,6.92,True,True,False,,False
mpc_joint_gate,m_H,0.76,goods per income unit,m_S,0.27,goods per income unit,1.0,1.0,1.0,1.0,,19.0,-1.9071999999999987,,6.92,True,True,False,,False
mpc_joint_gate,m_H,0.76,goods per income unit,m_S,0.28,goods per income unit,1.0,1.0,1.0,1.0,,19.0,-1.9071999999999987,,6.92,True,True,False,,False
mpc_joint_gate,m_H,0.76,goods per income unit,m_S,0.29000000000000004,goods per income unit,1.0,1.0,1.0,1.0,,19.0,-1.9071999999999987,,6.92,True,True,False,,False
mpc_joint_gate,m_H,0.76,goods per income unit,m_S,0.30000000000000004,goods per income unit,1.0,1.0,1.0,1.0,,19.0,-1.9071999999999987,,6.92,True,True,False,,False
mpc_joint_gate,m_H,0.76,goods per income unit,m_S,0.31,goods per income unit,1.0,1.0,1.0,1.0,,19.0,-1.9071999999999987,,6.92,True,True,False,,False
mpc_joint_gate,m_H,0.76,goods per income unit,m_S,0.32,goods per income unit,1.0,1.0,1.0,1.0,,19.0,-1.9071999999999987,,6.92,True,True,False,,False
mpc_joint_gate,m_H,0.76,goods per income unit,m_S,0.33,goods per income unit,1.0,1.0,1.0,1.0,,19.0,-1.9071999999999987,,6.92,True,True,False,,False
mpc_joint_gate,m_H,0.76,goods per income unit,m_S,0.33999999999999997,goods per income unit,1.0,1.0,1.0,1.0,,19.0,-1.9071999999999987,,6.92,True,True,False,,False
mpc_joint_gate,m_H,0.76,goods per income unit,m_S,0.35,goods per income unit,1.0,1.0,1.0,1.0,,19.0,-1.9071999999999987,,6.92,True,True,False,,False
mpc_joint_gate,m_H,0.76,goods per income unit,m_S,0.36,goods per income unit,1.0,1.0,1.0,1.0,,19.0,-1.9071999999999987,,6.92,True,True,False,,False
mpc_joint_gate,m_H,0.76,goods per income unit,m_S,0.37,goods per income unit,1.0,1.0,1.0,1.0,,19.0,-1.9071999999999987,,6.92,True,True,False,,False
mpc_joint_gate,m_H,0.76,goods per income unit,m_S,0.38,goods per income unit,1.0,1.0,1.0,1.0,,19.0,-1.9071999999999987,,6.92,True,True,False,,False
mpc_joint_gate,m_H,0.76,goods per income unit,m_S,0.39,goods per income unit,1.0,1.0,1.0,1.0,,19.0,-1.9071999999999987,,6.92,True,True,False,,False
mpc_joint_gate,m_H,0.76,goods per income unit,m_S,0.4,goods per income unit,1.0,1.0,1.0,1.0,,19.0,-1.9071999999999987,,6.92,True,True,False,,False
mpc_joint_gate,m_H,0.76,goods per income unit,m_S,0.41000000000000003,goods per income unit,1.0,1.0,1.0,1.0,,19.0,-1.9071999999999987,,6.92,True,True,False,,False
mpc_joint_gate,m_H,0.76,goods per income unit,m_S,0.42000000000000004,goods per income unit,1.0,1.0,1.0,1.0,,19.0,-1.9071999999999987,,6.92,True,True,False,,False
mpc_joint_gate,m_H,0.76,goods per income unit,m_S,0.43000000000000005,goods per income unit,1.0,1.0,1.0,1.0,,19.0,-1.9071999999999987,,6.92,True,True,False,,False
mpc_joint_gate,m_H,0.76,goods per income unit,m_S,0.44000000000000006,goods per income unit,1.0,1.0,1.0,1.0,,19.0,-1.9071999999999987,,6.92,True,True,False,,False
mpc_joint_gate,m_H,0.76,goods per income unit,m_S,0.45000000000000007,goods per income unit,1.0,1.0,1.0,1.0,,19.0,-1.9071999999999987,,6.92,True,True,False,,False
mpc_joint_gate,m_H,0.76,goods per income unit,m_S,0.45999999999999996,goods per income unit,1.0,1.0,1.0,1.0,,19.0,-1.9071999999999987,,6.92,True,True,False,,False
mpc_joint_gate,m_H,0.76,goods per income unit,m_S,0.47,goods per income unit,1.0,1.0,1.0,1.0,,19.0,-1.9071999999999987,,6.92,True,True,False,,False
mpc_joint_gate,m_H,0.76,goods per income unit,m_S,0.48,goods per income unit,1.0,1.0,1.0,1.0,,19.0,-1.9071999999999987,,6.92,True,True,False,,False
mpc_joint_gate,m_H,0.76,goods per income unit,m_S,0.49,goods per income unit,1.0,1.0,1.0,1.0,,19.0,-1.9071999999999987,,6.92,True,True,False,,False
mpc_joint_gate,m_H,0.76,goods per income unit,m_S,0.5,goods per income unit,1.0,1.0,1.0,1.0,,19.0,-1.9071999999999987,,6.92,True,True,False,,False
mpc_joint_gate,m_H,0.77,goods per income unit,m_S,0.1,goods per income unit,1.0,1.0,1.0,1.0,,19.0,-1.9943999999999997,,6.92,True,True,False,,False
mpc_joint_gate,m_H,0.77,goods per income unit,m_S,0.11,goods per income unit,1.0,1.0,1.0,1.0,,19.0,-1.9943999999999997,,6.92,True,True,False,,False
mpc_joint_gate,m_H,0.77,goods per income unit,m_S,0.12000000000000001,goods per income unit,1.0,1.0,1.0,1.0,,19.0,-1.9943999999999997,,6.92,True,True,False,,False
mpc_joint_gate,m_H,0.77,goods per income unit,m_S,0.13,goods per income unit,1.0,1.0,1.0,1.0,,19.0,-1.9943999999999997,,6.92,True,True,False,,False
mpc_joint_gate,m_H,0.77,goods per income unit,m_S,0.14,goods per income unit,1.0,1.0,1.0,1.0,,19.0,-1.9943999999999997,,6.92,True,True,False,,False
mpc_joint_gate,m_H,0.77,goods per income unit,m_S,0.15000000000000002,goods per income unit,1.0,1.0,1.0,1.0,,19.0,-1.9943999999999997,,6.92,True,True,False,,False
mpc_joint_gate,m_H,0.77,goods per income unit,m_S,0.16,goods per income unit,1.0,1.0,1.0,1.0,,19.0,-1.9943999999999997,,6.92,True,True,False,,False
mpc_joint_gate,m_H,0.77,goods per income unit,m_S,0.17,goods per income unit,1.0,1.0,1.0,1.0,,19.0,-1.9943999999999997,,6.92,True,True,False,,False
mpc_joint_gate,m_H,0.77,goods per income unit,m_S,0.18,goods per income unit,1.0,1.0,1.0,1.0,,19.0,-1.9943999999999997,,6.92,True,True,False,,False
mpc_joint_gate,m_H,0.77,goods per income unit,m_S,0.19,goods per income unit,1.0,1.0,1.0,1.0,,19.0,-1.9943999999999997,,6.92,True,True,False,,False
mpc_joint_gate,m_H,0.77,goods per income unit,m_S,0.2,goods per income unit,1.0,1.0,1.0,1.0,,19.0,-1.9943999999999997,,6.92,True,True,False,,False
mpc_joint_gate,m_H,0.77,goods per income unit,m_S,0.21000000000000002,goods per income unit,1.0,1.0,1.0,1.0,,19.0,-1.9943999999999997,,6.92,True,True,False,,False
mpc_joint_gate,m_H,0.77,goods per income unit,m_S,0.22,goods per income unit,1.0,1.0,1.0,1.0,,19.0,-1.9943999999999997,,6.92,True,True,False,,False
mpc_joint_gate,m_H,0.77,goods per income unit,m_S,0.23,goods per income unit,1.0,1.0,1.0,1.0,,19.0,-1.9943999999999997,,6.92,True,True,False,,False
mpc_joint_gate,m_H,0.77,goods per income unit,m_S,0.24000000000000002,goods per income unit,1.0,1.0,1.0,1.0,,19.0,-1.9943999999999997,,6.92,True,True,False,,False
mpc_joint_gate,m_H,0.77,goods per income unit,m_S,0.25,goods per income unit,1.0,1.0,1.0,1.0,,19.0,-1.9943999999999997,,6.92,True,True,False,,False
mpc_joint_gate,m_H,0.77,goods per income unit,m_S,0.26,goods per income unit,1.0,1.0,1.0,1.0,,19.0,-1.9943999999999997,,6.92,True,True,False,,False
mpc_joint_gate,m_H,0.77,goods per income unit,m_S,0.27,goods per income unit,1.0,1.0,1.0,1.0,,19.0,-1.9943999999999997,,6.92,True,True,False,,False
mpc_joint_gate,m_H,0.77,goods per income unit,m_S,0.28,goods per income unit,1.0,1.0,1.0,1.0,,19.0,-1.9943999999999997,,6.92,True,True,False,,False
mpc_joint_gate,m_H,0.77,goods per income unit,m_S,0.29000000000000004,goods per income unit,1.0,1.0,1.0,1.0,,19.0,-1.9943999999999997,,6.92,True,True,False,,False
mpc_joint_gate,m_H,0.77,goods per income unit,m_S,0.30000000000000004,goods per income unit,1.0,1.0,1.0,1.0,,19.0,-1.9943999999999997,,6.92,True,True,False,,False
mpc_joint_gate,m_H,0.77,goods per income unit,m_S,0.31,goods per income unit,1.0,1.0,1.0,1.0,,19.0,-1.9943999999999997,,6.92,True,True,False,,False
mpc_joint_gate,m_H,0.77,goods per income unit,m_S,0.32,goods per income unit,1.0,1.0,1.0,1.0,,19.0,-1.9943999999999997,,6.92,True,True,False,,False
mpc_joint_gate,m_H,0.77,goods per income unit,m_S,0.33,goods per income unit,1.0,1.0,1.0,1.0,,19.0,-1.9943999999999997,,6.92,True,True,False,,False
mpc_joint_gate,m_H,0.77,goods per income unit,m_S,0.33999999999999997,goods per income unit,1.0,1.0,1.0,1.0,,19.0,-1.9943999999999997,,6.92,True,True,False,,False
mpc_joint_gate,m_H,0.77,goods per income unit,m_S,0.35,goods per income unit,1.0,1.0,1.0,1.0,,19.0,-1.9943999999999997,,6.92,True,True,False,,False
mpc_joint_gate,m_H,0.77,goods per income unit,m_S,0.36,goods per income unit,1.0,1.0,1.0,1.0,,19.0,-1.9943999999999997,,6.92,True,True,False,,False
mpc_joint_gate,m_H,0.77,goods per income unit,m_S,0.37,goods per income unit,1.0,1.0,1.0,1.0,,19.0,-1.9943999999999997,,6.92,True,True,False,,False
mpc_joint_gate,m_H,0.77,goods per income unit,m_S,0.38,goods per income unit,1.0,1.0,1.0,1.0,,19.0,-1.9943999999999997,,6.92,True,True,False,,False
mpc_joint_gate,m_H,0.77,goods per income unit,m_S,0.39,goods per income unit,1.0,1.0,1.0,1.0,,19.0,-1.9943999999999997,,6.92,True,True,False,,False
mpc_joint_gate,m_H,0.77,goods per income unit,m_S,0.4,goods per income unit,1.0,1.0,1.0,1.0,,19.0,-1.9943999999999997,,6.92,True,True,False,,False
mpc_joint_gate,m_H,0.77,goods per income unit,m_S,0.41000000000000003,goods per income unit,1.0,1.0,1.0,1.0,,19.0,-1.9943999999999997,,6.92,True,True,False,,False
mpc_joint_gate,m_H,0.77,goods per income unit,m_S,0.42000000000000004,goods per income unit,1.0,1.0,1.0,1.0,,19.0,-1.9943999999999997,,6.92,True,True,False,,False
mpc_joint_gate,m_H,0.77,goods per income unit,m_S,0.43000000000000005,goods per income unit,1.0,1.0,1.0,1.0,,19.0,-1.9943999999999997,,6.92,True,True,False,,False
mpc_joint_gate,m_H,0.77,goods per income unit,m_S,0.44000000000000006,goods per income unit,1.0,1.0,1.0,1.0,,19.0,-1.9943999999999997,,6.92,True,True,False,,False
mpc_joint_gate,m_H,0.77,goods per income unit,m_S,0.45000000000000007,goods per income unit,1.0,1.0,1.0,1.0,,19.0,-1.9943999999999997,,6.92,True,True,False,,False
mpc_joint_gate,m_H,0.77,goods per income unit,m_S,0.45999999999999996,goods per income unit,1.0,1.0,1.0,1.0,,19.0,-1.9943999999999997,,6.92,True,True,False,,False
mpc_joint_gate,m_H,0.77,goods per income unit,m_S,0.47,goods per income unit,1.0,1.0,1.0,1.0,,19.0,-1.9943999999999997,,6.92,True,True,False,,False
mpc_joint_gate,m_H,0.77,goods per income unit,m_S,0.48,goods per income unit,1.0,1.0,1.0,1.0,,19.0,-1.9943999999999997,,6.92,True,True,False,,False
mpc_joint_gate,m_H,0.77,goods per income unit,m_S,0.49,goods per income unit,1.0,1.0,1.0,1.0,,19.0,-1.9943999999999997,,6.92,True,True,False,,False
mpc_joint_gate,m_H,0.77,goods per income unit,m_S,0.5,goods per income unit,1.0,1.0,1.0,1.0,,19.0,-1.9943999999999997,,6.92,True,True,False,,False
mpc_joint_gate,m_H,0.78,goods per income unit,m_S,0.1,goods per income unit,1.0,1.0,1.0,1.0,,19.0,-2.081600000000001,,6.92,True,True,False,,False
mpc_joint_gate,m_H,0.78,goods per income unit,m_S,0.11,goods per income unit,1.0,1.0,1.0,1.0,,19.0,-2.081600000000001,,6.92,True,True,False,,False
mpc_joint_gate,m_H,0.78,goods per income unit,m_S,0.12000000000000001,goods per income unit,1.0,1.0,1.0,1.0,,19.0,-2.081600000000001,,6.92,True,True,False,,False
mpc_joint_gate,m_H,0.78,goods per income unit,m_S,0.13,goods per income unit,1.0,1.0,1.0,1.0,,19.0,-2.081600000000001,,6.92,True,True,False,,False
mpc_joint_gate,m_H,0.78,goods per income unit,m_S,0.14,goods per income unit,1.0,1.0,1.0,1.0,,19.0,-2.081600000000001,,6.92,True,True,False,,False
mpc_joint_gate,m_H,0.78,goods per income unit,m_S,0.15000000000000002,goods per income unit,1.0,1.0,1.0,1.0,,19.0,-2.081600000000001,,6.92,True,True,False,,False
mpc_joint_gate,m_H,0.78,goods per income unit,m_S,0.16,goods per income unit,1.0,1.0,1.0,1.0,,19.0,-2.081600000000001,,6.92,True,True,False,,False
mpc_joint_gate,m_H,0.78,goods per income unit,m_S,0.17,goods per income unit,1.0,1.0,1.0,1.0,,19.0,-2.081600000000001,,6.92,True,True,False,,False
mpc_joint_gate,m_H,0.78,goods per income unit,m_S,0.18,goods per income unit,1.0,1.0,1.0,1.0,,19.0,-2.081600000000001,,6.92,True,True,False,,False
mpc_joint_gate,m_H,0.78,goods per income unit,m_S,0.19,goods per income unit,1.0,1.0,1.0,1.0,,19.0,-2.081600000000001,,6.92,True,True,False,,False
mpc_joint_gate,m_H,0.78,goods per income unit,m_S,0.2,goods per income unit,1.0,1.0,1.0,1.0,,19.0,-2.081600000000001,,6.92,True,True,False,,False
mpc_joint_gate,m_H,0.78,goods per income unit,m_S,0.21000000000000002,goods per income unit,1.0,1.0,1.0,1.0,,19.0,-2.081600000000001,,6.92,True,True,False,,False
mpc_joint_gate,m_H,0.78,goods per income unit,m_S,0.22,goods per income unit,1.0,1.0,1.0,1.0,,19.0,-2.081600000000001,,6.92,True,True,False,,False
mpc_joint_gate,m_H,0.78,goods per income unit,m_S,0.23,goods per income unit,1.0,1.0,1.0,1.0,,19.0,-2.081600000000001,,6.92,True,True,False,,False
mpc_joint_gate,m_H,0.78,goods per income unit,m_S,0.24000000000000002,goods per income unit,1.0,1.0,1.0,1.0,,19.0,-2.081600000000001,,6.92,True,True,False,,False
mpc_joint_gate,m_H,0.78,goods per income unit,m_S,0.25,goods per income unit,1.0,1.0,1.0,1.0,,19.0,-2.081600000000001,,6.92,True,True,False,,False
mpc_joint_gate,m_H,0.78,goods per income unit,m_S,0.26,goods per income unit,1.0,1.0,1.0,1.0,,19.0,-2.081600000000001,,6.92,True,True,False,,False
mpc_joint_gate,m_H,0.78,goods per income unit,m_S,0.27,goods per income unit,1.0,1.0,1.0,1.0,,19.0,-2.081600000000001,,6.92,True,True,False,,False
mpc_joint_gate,m_H,0.78,goods per income unit,m_S,0.28,goods per income unit,1.0,1.0,1.0,1.0,,19.0,-2.081600000000001,,6.92,True,True,False,,False
mpc_joint_gate,m_H,0.78,goods per income unit,m_S,0.29000000000000004,goods per income unit,1.0,1.0,1.0,1.0,,19.0,-2.081600000000001,,6.92,True,True,False,,False
mpc_joint_gate,m_H,0.78,goods per income unit,m_S,0.30000000000000004,goods per income unit,1.0,1.0,1.0,1.0,,19.0,-2.081600000000001,,6.92,True,True,False,,False
mpc_joint_gate,m_H,0.78,goods per income unit,m_S,0.31,goods per income unit,1.0,1.0,1.0,1.0,,19.0,-2.081600000000001,,6.92,True,True,False,,False
mpc_joint_gate,m_H,0.78,goods per income unit,m_S,0.32,goods per income unit,1.0,1.0,1.0,1.0,,19.0,-2.081600000000001,,6.92,True,True,False,,False
mpc_joint_gate,m_H,0.78,goods per income unit,m_S,0.33,goods per income unit,1.0,1.0,1.0,1.0,,19.0,-2.081600000000001,,6.92,True,True,False,,False
mpc_joint_gate,m_H,0.78,goods per income unit,m_S,0.33999999999999997,goods per income unit,1.0,1.0,1.0,1.0,,19.0,-2.081600000000001,,6.92,True,True,False,,False
mpc_joint_gate,m_H,0.78,goods per income unit,m_S,0.35,goods per income unit,1.0,1.0,1.0,1.0,,19.0,-2.081600000000001,,6.92,True,True,False,,False
mpc_joint_gate,m_H,0.78,goods per income unit,m_S,0.36,goods per income unit,1.0,1.0,1.0,1.0,,19.0,-2.081600000000001,,6.92,True,True,False,,False
mpc_joint_gate,m_H,0.78,goods per income unit,m_S,0.37,goods per income unit,1.0,1.0,1.0,1.0,,19.0,-2.081600000000001,,6.92,True,True,False,,False
mpc_joint_gate,m_H,0.78,goods per income unit,m_S,0.38,goods per income unit,1.0,1.0,1.0,1.0,,19.0,-2.081600000000001,,6.92,True,True,False,,False
mpc_joint_gate,m_H,0.78,goods per income unit,m_S,0.39,goods per income unit,1.0,1.0,1.0,1.0,,19.0,-2.081600000000001,,6.92,True,True,False,,False
mpc_joint_gate,m_H,0.78,goods per income unit,m_S,0.4,goods per income unit,1.0,1.0,1.0,1.0,,19.0,-2.081600000000001,,6.92,True,True,False,,False
mpc_joint_gate,m_H,0.78,goods per income unit,m_S,0.41000000000000003,goods per income unit,1.0,1.0,1.0,1.0,,19.0,-2.081600000000001,,6.92,True,True,False,,False
mpc_joint_gate,m_H,0.78,goods per income unit,m_S,0.42000000000000004,goods per income unit,1.0,1.0,1.0,1.0,,19.0,-2.081600000000001,,6.92,True,True,False,,False
mpc_joint_gate,m_H,0.78,goods per income unit,m_S,0.43000000000000005,goods per income unit,1.0,1.0,1.0,1.0,,19.0,-2.081600000000001,,6.92,True,True,False,,False
mpc_joint_gate,m_H,0.78,goods per income unit,m_S,0.44000000000000006,goods per income unit,1.0,1.0,1.0,1.0,,19.0,-2.081600000000001,,6.92,True,True,False,,False
mpc_joint_gate,m_H,0.78,goods per income unit,m_S,0.45000000000000007,goods per income unit,1.0,1.0,1.0,1.0,,19.0,-2.081600000000001,,6.92,True,True,False,,False
mpc_joint_gate,m_H,0.78,goods per income unit,m_S,0.45999999999999996,goods per income unit,1.0,1.0,1.0,1.0,,19.0,-2.081600000000001,,6.92,True,True,False,,False
mpc_joint_gate,m_H,0.78,goods per income unit,m_S,0.47,goods per income unit,1.0,1.0,1.0,1.0,,19.0,-2.081600000000001,,6.92,True,True,False,,False
mpc_joint_gate,m_H,0.78,goods per income unit,m_S,0.48,goods per income unit,1.0,1.0,1.0,1.0,,19.0,-2.081600000000001,,6.92,True,True,False,,False
mpc_joint_gate,m_H,0.78,goods per income unit,m_S,0.49,goods per income unit,1.0,1.0,1.0,1.0,,19.0,-2.081600000000001,,6.92,True,True,False,,False
mpc_joint_gate,m_H,0.78,goods per income unit,m_S,0.5,goods per income unit,1.0,1.0,1.0,1.0,,19.0,-2.081600000000001,,6.92,True,True,False,,False
mpc_joint_gate,m_H,0.79,goods per income unit,m_S,0.1,goods per income unit,1.0,1.0,1.0,1.0,,19.0,-2.1688,,6.92,True,True,False,,False
mpc_joint_gate,m_H,0.79,goods per income unit,m_S,0.11,goods per income unit,1.0,1.0,1.0,1.0,,19.0,-2.1688,,6.92,True,True,False,,False
mpc_joint_gate,m_H,0.79,goods per income unit,m_S,0.12000000000000001,goods per income unit,1.0,1.0,1.0,1.0,,19.0,-2.1688,,6.92,True,True,False,,False
mpc_joint_gate,m_H,0.79,goods per income unit,m_S,0.13,goods per income unit,1.0,1.0,1.0,1.0,,19.0,-2.1688,,6.92,True,True,False,,False
mpc_joint_gate,m_H,0.79,goods per income unit,m_S,0.14,goods per income unit,1.0,1.0,1.0,1.0,,19.0,-2.1688,,6.92,True,True,False,,False
mpc_joint_gate,m_H,0.79,goods per income unit,m_S,0.15000000000000002,goods per income unit,1.0,1.0,1.0,1.0,,19.0,-2.1688,,6.92,True,True,False,,False
mpc_joint_gate,m_H,0.79,goods per income unit,m_S,0.16,goods per income unit,1.0,1.0,1.0,1.0,,19.0,-2.1688,,6.92,True,True,False,,False
mpc_joint_gate,m_H,0.79,goods per income unit,m_S,0.17,goods per income unit,1.0,1.0,1.0,1.0,,19.0,-2.1688,,6.92,True,True,False,,False
mpc_joint_gate,m_H,0.79,goods per income unit,m_S,0.18,goods per income unit,1.0,1.0,1.0,1.0,,19.0,-2.1688,,6.92,True,True,False,,False
mpc_joint_gate,m_H,0.79,goods per income unit,m_S,0.19,goods per income unit,1.0,1.0,1.0,1.0,,19.0,-2.1688,,6.92,True,True,False,,False
mpc_joint_gate,m_H,0.79,goods per income unit,m_S,0.2,goods per income unit,1.0,1.0,1.0,1.0,,19.0,-2.1688,,6.92,True,True,False,,False
mpc_joint_gate,m_H,0.79,goods per income unit,m_S,0.21000000000000002,goods per income unit,1.0,1.0,1.0,1.0,,19.0,-2.1688,,6.92,True,True,False,,False
mpc_joint_gate,m_H,0.79,goods per income unit,m_S,0.22,goods per income unit,1.0,1.0,1.0,1.0,,19.0,-2.1688,,6.92,True,True,False,,False
mpc_joint_gate,m_H,0.79,goods per income unit,m_S,0.23,goods per income unit,1.0,1.0,1.0,1.0,,19.0,-2.1688,,6.92,True,True,False,,False
mpc_joint_gate,m_H,0.79,goods per income unit,m_S,0.24000000000000002,goods per income unit,1.0,1.0,1.0,1.0,,19.0,-2.1688,,6.92,True,True,False,,False
mpc_joint_gate,m_H,0.79,goods per income unit,m_S,0.25,goods per income unit,1.0,1.0,1.0,1.0,,19.0,-2.1688,,6.92,True,True,False,,False
mpc_joint_gate,m_H,0.79,goods per income unit,m_S,0.26,goods per income unit,1.0,1.0,1.0,1.0,,19.0,-2.1688,,6.92,True,True,False,,False
mpc_joint_gate,m_H,0.79,goods per income unit,m_S,0.27,goods per income unit,1.0,1.0,1.0,1.0,,19.0,-2.1688,,6.92,True,True,False,,False
mpc_joint_gate,m_H,0.79,goods per income unit,m_S,0.28,goods per income unit,1.0,1.0,1.0,1.0,,19.0,-2.1688,,6.92,True,True,False,,False
mpc_joint_gate,m_H,0.79,goods per income unit,m_S,0.29000000000000004,goods per income unit,1.0,1.0,1.0,1.0,,19.0,-2.1688,,6.92,True,True,False,,False
mpc_joint_gate,m_H,0.79,goods per income unit,m_S,0.30000000000000004,goods per income unit,1.0,1.0,1.0,1.0,,19.0,-2.1688,,6.92,True,True,False,,False
mpc_joint_gate,m_H,0.79,goods per income unit,m_S,0.31,goods per income unit,1.0,1.0,1.0,1.0,,19.0,-2.1688,,6.92,True,True,False,,False
mpc_joint_gate,m_H,0.79,goods per income unit,m_S,0.32,goods per income unit,1.0,1.0,1.0,1.0,,19.0,-2.1688,,6.92,True,True,False,,False
mpc_joint_gate,m_H,0.79,goods per income unit,m_S,0.33,goods per income unit,1.0,1.0,1.0,1.0,,19.0,-2.1688,,6.92,True,True,False,,False
mpc_joint_gate,m_H,0.79,goods per income unit,m_S,0.33999999999999997,goods per income unit,1.0,1.0,1.0,1.0,,19.0,-2.1688,,6.92,True,True,False,,False
mpc_joint_gate,m_H,0.79,goods per income unit,m_S,0.35,goods per income unit,1.0,1.0,1.0,1.0,,19.0,-2.1688,,6.92,True,True,False,,False
mpc_joint_gate,m_H,0.79,goods per income unit,m_S,0.36,goods per income unit,1.0,1.0,1.0,1.0,,19.0,-2.1688,,6.92,True,True,False,,False
mpc_joint_gate,m_H,0.79,goods per income unit,m_S,0.37,goods per income unit,1.0,1.0,1.0,1.0,,19.0,-2.1688,,6.92,True,True,False,,False
mpc_joint_gate,m_H,0.79,goods per income unit,m_S,0.38,goods per income unit,1.0,1.0,1.0,1.0,,19.0,-2.1688,,6.92,True,True,False,,False
mpc_joint_gate,m_H,0.79,goods per income unit,m_S,0.39,goods per income unit,1.0,1.0,1.0,1.0,,19.0,-2.1688,,6.92,True,True,False,,False
mpc_joint_gate,m_H,0.79,goods per income unit,m_S,0.4,goods per income unit,1.0,1.0,1.0,1.0,,19.0,-2.1688,,6.92,True,True,False,,False
mpc_joint_gate,m_H,0.79,goods per income unit,m_S,0.41000000000000003,goods per income unit,1.0,1.0,1.0,1.0,,19.0,-2.1688,,6.92,True,True,False,,False
mpc_joint_gate,m_H,0.79,goods per income unit,m_S,0.42000000000000004,goods per income unit,1.0,1.0,1.0,1.0,,19.0,-2.1688,,6.92,True,True,False,,False
mpc_joint_gate,m_H,0.79,goods per income unit,m_S,0.43000000000000005,goods per income unit,1.0,1.0,1.0,1.0,,19.0,-2.1688,,6.92,True,True,False,,False
mpc_joint_gate,m_H,0.79,goods per income unit,m_S,0.44000000000000006,goods per income unit,1.0,1.0,1.0,1.0,,19.0,-2.1688,,6.92,True,True,False,,False
mpc_joint_gate,m_H,0.79,goods per income unit,m_S,0.45000000000000007,goods per income unit,1.0,1.0,1.0,1.0,,19.0,-2.1688,,6.92,True,True,False,,False
mpc_joint_gate,m_H,0.79,goods per income unit,m_S,0.45999999999999996,goods per income unit,1.0,1.0,1.0,1.0,,19.0,-2.1688,,6.92,True,True,False,,False
mpc_joint_gate,m_H,0.79,goods per income unit,m_S,0.47,goods per income unit,1.0,1.0,1.0,1.0,,19.0,-2.1688,,6.92,True,True,False,,False
mpc_joint_gate,m_H,0.79,goods per income unit,m_S,0.48,goods per income unit,1.0,1.0,1.0,1.0,,19.0,-2.1688,,6.92,True,True,False,,False
mpc_joint_gate,m_H,0.79,goods per income unit,m_S,0.49,goods per income unit,1.0,1.0,1.0,1.0,,19.0,-2.1688,,6.92,True,True,False,,False
mpc_joint_gate,m_H,0.79,goods per income unit,m_S,0.5,goods per income unit,1.0,1.0,1.0,1.0,,19.0,-2.1688,,6.92,True,True,False,,False
mpc_joint_gate,m_H,0.7999999999999999,goods per income unit,m_S,0.1,goods per income unit,1.0,1.0,1.0,1.0,,19.0,-2.2559999999999976,,6.92,True,True,False,,False
mpc_joint_gate,m_H,0.7999999999999999,goods per income unit,m_S,0.11,goods per income unit,1.0,1.0,1.0,1.0,,19.0,-2.2559999999999976,,6.92,True,True,False,,False
mpc_joint_gate,m_H,0.7999999999999999,goods per income unit,m_S,0.12000000000000001,goods per income unit,1.0,1.0,1.0,1.0,,19.0,-2.2559999999999976,,6.92,True,True,False,,False
mpc_joint_gate,m_H,0.7999999999999999,goods per income unit,m_S,0.13,goods per income unit,1.0,1.0,1.0,1.0,,19.0,-2.2559999999999976,,6.92,True,True,False,,False
mpc_joint_gate,m_H,0.7999999999999999,goods per income unit,m_S,0.14,goods per income unit,1.0,1.0,1.0,1.0,,19.0,-2.2559999999999976,,6.92,True,True,False,,False
mpc_joint_gate,m_H,0.7999999999999999,goods per income unit,m_S,0.15000000000000002,goods per income unit,1.0,1.0,1.0,1.0,,19.0,-2.2559999999999976,,6.92,True,True,False,,False
mpc_joint_gate,m_H,0.7999999999999999,goods per income unit,m_S,0.16,goods per income unit,1.0,1.0,1.0,1.0,,19.0,-2.2559999999999976,,6.92,True,True,False,,False
mpc_joint_gate,m_H,0.7999999999999999,goods per income unit,m_S,0.17,goods per income unit,1.0,1.0,1.0,1.0,,19.0,-2.2559999999999976,,6.92,True,True,False,,False
mpc_joint_gate,m_H,0.7999999999999999,goods per income unit,m_S,0.18,goods per income unit,1.0,1.0,1.0,1.0,,19.0,-2.2559999999999976,,6.92,True,True,False,,False
mpc_joint_gate,m_H,0.7999999999999999,goods per income unit,m_S,0.19,goods per income unit,1.0,1.0,1.0,1.0,,19.0,-2.2559999999999976,,6.92,True,True,False,,False
mpc_joint_gate,m_H,0.7999999999999999,goods per income unit,m_S,0.2,goods per income unit,1.0,1.0,1.0,1.0,,19.0,-2.2559999999999976,,6.92,True,True,False,,False
mpc_joint_gate,m_H,0.7999999999999999,goods per income unit,m_S,0.21000000000000002,goods per income unit,1.0,1.0,1.0,1.0,,19.0,-2.2559999999999976,,6.92,True,True,False,,False
mpc_joint_gate,m_H,0.7999999999999999,goods per income unit,m_S,0.22,goods per income unit,1.0,1.0,1.0,1.0,,19.0,-2.2559999999999976,,6.92,True,True,False,,False
mpc_joint_gate,m_H,0.7999999999999999,goods per income unit,m_S,0.23,goods per income unit,1.0,1.0,1.0,1.0,,19.0,-2.2559999999999976,,6.92,True,True,False,,False
mpc_joint_gate,m_H,0.7999999999999999,goods per income unit,m_S,0.24000000000000002,goods per income unit,1.0,1.0,1.0,1.0,,19.0,-2.2559999999999976,,6.92,True,True,False,,False
mpc_joint_gate,m_H,0.7999999999999999,goods per income unit,m_S,0.25,goods per income unit,1.0,1.0,1.0,1.0,,19.0,-2.2559999999999976,,6.92,True,True,False,,False
mpc_joint_gate,m_H,0.7999999999999999,goods per income unit,m_S,0.26,goods per income unit,1.0,1.0,1.0,1.0,,19.0,-2.2559999999999976,,6.92,True,True,False,,False
mpc_joint_gate,m_H,0.7999999999999999,goods per income unit,m_S,0.27,goods per income unit,1.0,1.0,1.0,1.0,,19.0,-2.2559999999999976,,6.92,True,True,False,,False
mpc_joint_gate,m_H,0.7999999999999999,goods per income unit,m_S,0.28,goods per income unit,1.0,1.0,1.0,1.0,,19.0,-2.2559999999999976,,6.92,True,True,False,,False
mpc_joint_gate,m_H,0.7999999999999999,goods per income unit,m_S,0.29000000000000004,goods per income unit,1.0,1.0,1.0,1.0,,19.0,-2.2559999999999976,,6.92,True,True,False,,False
mpc_joint_gate,m_H,0.7999999999999999,goods per income unit,m_S,0.30000000000000004,goods per income unit,1.0,1.0,1.0,1.0,,19.0,-2.2559999999999976,,6.92,True,True,False,,False
mpc_joint_gate,m_H,0.7999999999999999,goods per income unit,m_S,0.31,goods per income unit,1.0,1.0,1.0,1.0,,19.0,-2.2559999999999976,,6.92,True,True,False,,False
mpc_joint_gate,m_H,0.7999999999999999,goods per income unit,m_S,0.32,goods per income unit,1.0,1.0,1.0,1.0,,19.0,-2.2559999999999976,,6.92,True,True,False,,False
mpc_joint_gate,m_H,0.7999999999999999,goods per income unit,m_S,0.33,goods per income unit,1.0,1.0,1.0,1.0,,19.0,-2.2559999999999976,,6.92,True,True,False,,False
mpc_joint_gate,m_H,0.7999999999999999,goods per income unit,m_S,0.33999999999999997,goods per income unit,1.0,1.0,1.0,1.0,,19.0,-2.2559999999999976,,6.92,True,True,False,,False
mpc_joint_gate,m_H,0.7999999999999999,goods per income unit,m_S,0.35,goods per income unit,1.0,1.0,1.0,1.0,,19.0,-2.2559999999999976,,6.92,True,True,False,,False
mpc_joint_gate,m_H,0.7999999999999999,goods per income unit,m_S,0.36,goods per income unit,1.0,1.0,1.0,1.0,,19.0,-2.2559999999999976,,6.92,True,True,False,,False
mpc_joint_gate,m_H,0.7999999999999999,goods per income unit,m_S,0.37,goods per income unit,1.0,1.0,1.0,1.0,,19.0,-2.2559999999999976,,6.92,True,True,False,,False
mpc_joint_gate,m_H,0.7999999999999999,goods per income unit,m_S,0.38,goods per income unit,1.0,1.0,1.0,1.0,,19.0,-2.2559999999999976,,6.92,True,True,False,,False
mpc_joint_gate,m_H,0.7999999999999999,goods per income unit,m_S,0.39,goods per income unit,1.0,1.0,1.0,1.0,,19.0,-2.2559999999999976,,6.92,True,True,False,,False
mpc_joint_gate,m_H,0.7999999999999999,goods per income unit,m_S,0.4,goods per income unit,1.0,1.0,1.0,1.0,,19.0,-2.2559999999999976,,6.92,True,True,False,,False
mpc_joint_gate,m_H,0.7999999999999999,goods per income unit,m_S,0.41000000000000003,goods per income unit,1.0,1.0,1.0,1.0,,19.0,-2.2559999999999976,,6.92,True,True,False,,False
mpc_joint_gate,m_H,0.7999999999999999,goods per income unit,m_S,0.42000000000000004,goods per income unit,1.0,1.0,1.0,1.0,,19.0,-2.2559999999999976,,6.92,True,True,False,,False
mpc_joint_gate,m_H,0.7999999999999999,goods per income unit,m_S,0.43000000000000005,goods per income unit,1.0,1.0,1.0,1.0,,19.0,-2.2559999999999976,,6.92,True,True,False,,False
mpc_joint_gate,m_H,0.7999999999999999,goods per income unit,m_S,0.44000000000000006,goods per income unit,1.0,1.0,1.0,1.0,,19.0,-2.2559999999999976,,6.92,True,True,False,,False
mpc_joint_gate,m_H,0.7999999999999999,goods per income unit,m_S,0.45000000000000007,goods per income unit,1.0,1.0,1.0,1.0,,19.0,-2.2559999999999976,,6.92,True,True,False,,False
mpc_joint_gate,m_H,0.7999999999999999,goods per income unit,m_S,0.45999999999999996,goods per income unit,1.0,1.0,1.0,1.0,,19.0,-2.2559999999999976,,6.92,True,True,False,,False
mpc_joint_gate,m_H,0.7999999999999999,goods per income unit,m_S,0.47,goods per income unit,1.0,1.0,1.0,1.0,,19.0,-2.2559999999999976,,6.92,True,True,False,,False
mpc_joint_gate,m_H,0.7999999999999999,goods per income unit,m_S,0.48,goods per income unit,1.0,1.0,1.0,1.0,,19.0,-2.2559999999999976,,6.92,True,True,False,,False
mpc_joint_gate,m_H,0.7999999999999999,goods per income unit,m_S,0.49,goods per income unit,1.0,1.0,1.0,1.0,,19.0,-2.2559999999999976,,6.92,True,True,False,,False
mpc_joint_gate,m_H,0.7999999999999999,goods per income unit,m_S,0.5,goods per income unit,1.0,1.0,1.0,1.0,,19.0,-2.2559999999999976,,6.92,True,True,False,,False
mpc_joint_gate,m_H,0.8099999999999999,goods per income unit,m_S,0.1,goods per income unit,1.0,1.0,1.0,1.0,,19.0,-2.3431999999999986,,6.92,True,True,False,,False
mpc_joint_gate,m_H,0.8099999999999999,goods per income unit,m_S,0.11,goods per income unit,1.0,1.0,1.0,1.0,,19.0,-2.3431999999999986,,6.92,True,True,False,,False
mpc_joint_gate,m_H,0.8099999999999999,goods per income unit,m_S,0.12000000000000001,goods per income unit,1.0,1.0,1.0,1.0,,19.0,-2.3431999999999986,,6.92,True,True,False,,False
mpc_joint_gate,m_H,0.8099999999999999,goods per income unit,m_S,0.13,goods per income unit,1.0,1.0,1.0,1.0,,19.0,-2.3431999999999986,,6.92,True,True,False,,False
mpc_joint_gate,m_H,0.8099999999999999,goods per income unit,m_S,0.14,goods per income unit,1.0,1.0,1.0,1.0,,19.0,-2.3431999999999986,,6.92,True,True,False,,False
mpc_joint_gate,m_H,0.8099999999999999,goods per income unit,m_S,0.15000000000000002,goods per income unit,1.0,1.0,1.0,1.0,,19.0,-2.3431999999999986,,6.92,True,True,False,,False
mpc_joint_gate,m_H,0.8099999999999999,goods per income unit,m_S,0.16,goods per income unit,1.0,1.0,1.0,1.0,,19.0,-2.3431999999999986,,6.92,True,True,False,,False
mpc_joint_gate,m_H,0.8099999999999999,goods per income unit,m_S,0.17,goods per income unit,1.0,1.0,1.0,1.0,,19.0,-2.3431999999999986,,6.92,True,True,False,,False
mpc_joint_gate,m_H,0.8099999999999999,goods per income unit,m_S,0.18,goods per income unit,1.0,1.0,1.0,1.0,,19.0,-2.3431999999999986,,6.92,True,True,False,,False
mpc_joint_gate,m_H,0.8099999999999999,goods per income unit,m_S,0.19,goods per income unit,1.0,1.0,1.0,1.0,,19.0,-2.3431999999999986,,6.92,True,True,False,,False
mpc_joint_gate,m_H,0.8099999999999999,goods per income unit,m_S,0.2,goods per income unit,1.0,1.0,1.0,1.0,,19.0,-2.3431999999999986,,6.92,True,True,False,,False
mpc_joint_gate,m_H,0.8099999999999999,goods per income unit,m_S,0.21000000000000002,goods per income unit,1.0,1.0,1.0,1.0,,19.0,-2.3431999999999986,,6.92,True,True,False,,False
mpc_joint_gate,m_H,0.8099999999999999,goods per income unit,m_S,0.22,goods per income unit,1.0,1.0,1.0,1.0,,19.0,-2.3431999999999986,,6.92,True,True,False,,False
mpc_joint_gate,m_H,0.8099999999999999,goods per income unit,m_S,0.23,goods per income unit,1.0,1.0,1.0,1.0,,19.0,-2.3431999999999986,,6.92,True,True,False,,False
mpc_joint_gate,m_H,0.8099999999999999,goods per income unit,m_S,0.24000000000000002,goods per income unit,1.0,1.0,1.0,1.0,,19.0,-2.3431999999999986,,6.92,True,True,False,,False
mpc_joint_gate,m_H,0.8099999999999999,goods per income unit,m_S,0.25,goods per income unit,1.0,1.0,1.0,1.0,,19.0,-2.3431999999999986,,6.92,True,True,False,,False
mpc_joint_gate,m_H,0.8099999999999999,goods per income unit,m_S,0.26,goods per income unit,1.0,1.0,1.0,1.0,,19.0,-2.3431999999999986,,6.92,True,True,False,,False
mpc_joint_gate,m_H,0.8099999999999999,goods per income unit,m_S,0.27,goods per income unit,1.0,1.0,1.0,1.0,,19.0,-2.3431999999999986,,6.92,True,True,False,,False
mpc_joint_gate,m_H,0.8099999999999999,goods per income unit,m_S,0.28,goods per income unit,1.0,1.0,1.0,1.0,,19.0,-2.3431999999999986,,6.92,True,True,False,,False
mpc_joint_gate,m_H,0.8099999999999999,goods per income unit,m_S,0.29000000000000004,goods per income unit,1.0,1.0,1.0,1.0,,19.0,-2.3431999999999986,,6.92,True,True,False,,False
mpc_joint_gate,m_H,0.8099999999999999,goods per income unit,m_S,0.30000000000000004,goods per income unit,1.0,1.0,1.0,1.0,,19.0,-2.3431999999999986,,6.92,True,True,False,,False
mpc_joint_gate,m_H,0.8099999999999999,goods per income unit,m_S,0.31,goods per income unit,1.0,1.0,1.0,1.0,,19.0,-2.3431999999999986,,6.92,True,True,False,,False
mpc_joint_gate,m_H,0.8099999999999999,goods per income unit,m_S,0.32,goods per income unit,1.0,1.0,1.0,1.0,,19.0,-2.3431999999999986,,6.92,True,True,False,,False
mpc_joint_gate,m_H,0.8099999999999999,goods per income unit,m_S,0.33,goods per income unit,1.0,1.0,1.0,1.0,,19.0,-2.3431999999999986,,6.92,True,True,False,,False
mpc_joint_gate,m_H,0.8099999999999999,goods per income unit,m_S,0.33999999999999997,goods per income unit,1.0,1.0,1.0,1.0,,19.0,-2.3431999999999986,,6.92,True,True,False,,False
mpc_joint_gate,m_H,0.8099999999999999,goods per income unit,m_S,0.35,goods per income unit,1.0,1.0,1.0,1.0,,19.0,-2.3431999999999986,,6.92,True,True,False,,False
mpc_joint_gate,m_H,0.8099999999999999,goods per income unit,m_S,0.36,goods per income unit,1.0,1.0,1.0,1.0,,19.0,-2.3431999999999986,,6.92,True,True,False,,False
mpc_joint_gate,m_H,0.8099999999999999,goods per income unit,m_S,0.37,goods per income unit,1.0,1.0,1.0,1.0,,19.0,-2.3431999999999986,,6.92,True,True,False,,False
mpc_joint_gate,m_H,0.8099999999999999,goods per income unit,m_S,0.38,goods per income unit,1.0,1.0,1.0,1.0,,19.0,-2.3431999999999986,,6.92,True,True,False,,False
mpc_joint_gate,m_H,0.8099999999999999,goods per income unit,m_S,0.39,goods per income unit,1.0,1.0,1.0,1.0,,19.0,-2.3431999999999986,,6.92,True,True,False,,False
mpc_joint_gate,m_H,0.8099999999999999,goods per income unit,m_S,0.4,goods per income unit,1.0,1.0,1.0,1.0,,19.0,-2.3431999999999986,,6.92,True,True,False,,False
mpc_joint_gate,m_H,0.8099999999999999,goods per income unit,m_S,0.41000000000000003,goods per income unit,1.0,1.0,1.0,1.0,,19.0,-2.3431999999999986,,6.92,True,True,False,,False
mpc_joint_gate,m_H,0.8099999999999999,goods per income unit,m_S,0.42000000000000004,goods per income unit,1.0,1.0,1.0,1.0,,19.0,-2.3431999999999986,,6.92,True,True,False,,False
mpc_joint_gate,m_H,0.8099999999999999,goods per income unit,m_S,0.43000000000000005,goods per income unit,1.0,1.0,1.0,1.0,,19.0,-2.3431999999999986,,6.92,True,True,False,,False
mpc_joint_gate,m_H,0.8099999999999999,goods per income unit,m_S,0.44000000000000006,goods per income unit,1.0,1.0,1.0,1.0,,19.0,-2.3431999999999986,,6.92,True,True,False,,False
mpc_joint_gate,m_H,0.8099999999999999,goods per income unit,m_S,0.45000000000000007,goods per income unit,1.0,1.0,1.0,1.0,,19.0,-2.3431999999999986,,6.92,True,True,False,,False
mpc_joint_gate,m_H,0.8099999999999999,goods per income unit,m_S,0.45999999999999996,goods per income unit,1.0,1.0,1.0,1.0,,19.0,-2.3431999999999986,,6.92,True,True,False,,False
mpc_joint_gate,m_H,0.8099999999999999,goods per income unit,m_S,0.47,goods per income unit,1.0,1.0,1.0,1.0,,19.0,-2.3431999999999986,,6.92,True,True,False,,False
mpc_joint_gate,m_H,0.8099999999999999,goods per income unit,m_S,0.48,goods per income unit,1.0,1.0,1.0,1.0,,19.0,-2.3431999999999986,,6.92,True,True,False,,False
mpc_joint_gate,m_H,0.8099999999999999,goods per income unit,m_S,0.49,goods per income unit,1.0,1.0,1.0,1.0,,19.0,-2.3431999999999986,,6.92,True,True,False,,False
mpc_joint_gate,m_H,0.8099999999999999,goods per income unit,m_S,0.5,goods per income unit,1.0,1.0,1.0,1.0,,19.0,-2.3431999999999986,,6.92,True,True,False,,False
mpc_joint_gate,m_H,0.82,goods per income unit,m_S,0.1,goods per income unit,1.0,1.0,1.0,1.0,,19.0,-2.430399999999998,,6.92,True,True,False,,False
mpc_joint_gate,m_H,0.82,goods per income unit,m_S,0.11,goods per income unit,1.0,1.0,1.0,1.0,,19.0,-2.430399999999998,,6.92,True,True,False,,False
mpc_joint_gate,m_H,0.82,goods per income unit,m_S,0.12000000000000001,goods per income unit,1.0,1.0,1.0,1.0,,19.0,-2.430399999999998,,6.92,True,True,False,,False
mpc_joint_gate,m_H,0.82,goods per income unit,m_S,0.13,goods per income unit,1.0,1.0,1.0,1.0,,19.0,-2.430399999999998,,6.92,True,True,False,,False
mpc_joint_gate,m_H,0.82,goods per income unit,m_S,0.14,goods per income unit,1.0,1.0,1.0,1.0,,19.0,-2.430399999999998,,6.92,True,True,False,,False
mpc_joint_gate,m_H,0.82,goods per income unit,m_S,0.15000000000000002,goods per income unit,1.0,1.0,1.0,1.0,,19.0,-2.430399999999998,,6.92,True,True,False,,False
mpc_joint_gate,m_H,0.82,goods per income unit,m_S,0.16,goods per income unit,1.0,1.0,1.0,1.0,,19.0,-2.430399999999998,,6.92,True,True,False,,False
mpc_joint_gate,m_H,0.82,goods per income unit,m_S,0.17,goods per income unit,1.0,1.0,1.0,1.0,,19.0,-2.430399999999998,,6.92,True,True,False,,False
mpc_joint_gate,m_H,0.82,goods per income unit,m_S,0.18,goods per income unit,1.0,1.0,1.0,1.0,,19.0,-2.430399999999998,,6.92,True,True,False,,False
mpc_joint_gate,m_H,0.82,goods per income unit,m_S,0.19,goods per income unit,1.0,1.0,1.0,1.0,,19.0,-2.430399999999998,,6.92,True,True,False,,False
mpc_joint_gate,m_H,0.82,goods per income unit,m_S,0.2,goods per income unit,1.0,1.0,1.0,1.0,,19.0,-2.430399999999998,,6.92,True,True,False,,False
mpc_joint_gate,m_H,0.82,goods per income unit,m_S,0.21000000000000002,goods per income unit,1.0,1.0,1.0,1.0,,19.0,-2.430399999999998,,6.92,True,True,False,,False
mpc_joint_gate,m_H,0.82,goods per income unit,m_S,0.22,goods per income unit,1.0,1.0,1.0,1.0,,19.0,-2.430399999999998,,6.92,True,True,False,,False
mpc_joint_gate,m_H,0.82,goods per income unit,m_S,0.23,goods per income unit,1.0,1.0,1.0,1.0,,19.0,-2.430399999999998,,6.92,True,True,False,,False
mpc_joint_gate,m_H,0.82,goods per income unit,m_S,0.24000000000000002,goods per income unit,1.0,1.0,1.0,1.0,,19.0,-2.430399999999998,,6.92,True,True,False,,False
mpc_joint_gate,m_H,0.82,goods per income unit,m_S,0.25,goods per income unit,1.0,1.0,1.0,1.0,,19.0,-2.430399999999998,,6.92,True,True,False,,False
mpc_joint_gate,m_H,0.82,goods per income unit,m_S,0.26,goods per income unit,1.0,1.0,1.0,1.0,,19.0,-2.430399999999998,,6.92,True,True,False,,False
mpc_joint_gate,m_H,0.82,goods per income unit,m_S,0.27,goods per income unit,1.0,1.0,1.0,1.0,,19.0,-2.430399999999998,,6.92,True,True,False,,False
mpc_joint_gate,m_H,0.82,goods per income unit,m_S,0.28,goods per income unit,1.0,1.0,1.0,1.0,,19.0,-2.430399999999998,,6.92,True,True,False,,False
mpc_joint_gate,m_H,0.82,goods per income unit,m_S,0.29000000000000004,goods per income unit,1.0,1.0,1.0,1.0,,19.0,-2.430399999999998,,6.92,True,True,False,,False
mpc_joint_gate,m_H,0.82,goods per income unit,m_S,0.30000000000000004,goods per income unit,1.0,1.0,1.0,1.0,,19.0,-2.430399999999998,,6.92,True,True,False,,False
mpc_joint_gate,m_H,0.82,goods per income unit,m_S,0.31,goods per income unit,1.0,1.0,1.0,1.0,,19.0,-2.430399999999998,,6.92,True,True,False,,False
mpc_joint_gate,m_H,0.82,goods per income unit,m_S,0.32,goods per income unit,1.0,1.0,1.0,1.0,,19.0,-2.430399999999998,,6.92,True,True,False,,False
mpc_joint_gate,m_H,0.82,goods per income unit,m_S,0.33,goods per income unit,1.0,1.0,1.0,1.0,,19.0,-2.430399999999998,,6.92,True,True,False,,False
mpc_joint_gate,m_H,0.82,goods per income unit,m_S,0.33999999999999997,goods per income unit,1.0,1.0,1.0,1.0,,19.0,-2.430399999999998,,6.92,True,True,False,,False
mpc_joint_gate,m_H,0.82,goods per income unit,m_S,0.35,goods per income unit,1.0,1.0,1.0,1.0,,19.0,-2.430399999999998,,6.92,True,True,False,,False
mpc_joint_gate,m_H,0.82,goods per income unit,m_S,0.36,goods per income unit,1.0,1.0,1.0,1.0,,19.0,-2.430399999999998,,6.92,True,True,False,,False
mpc_joint_gate,m_H,0.82,goods per income unit,m_S,0.37,goods per income unit,1.0,1.0,1.0,1.0,,19.0,-2.430399999999998,,6.92,True,True,False,,False
mpc_joint_gate,m_H,0.82,goods per income unit,m_S,0.38,goods per income unit,1.0,1.0,1.0,1.0,,19.0,-2.430399999999998,,6.92,True,True,False,,False
mpc_joint_gate,m_H,0.82,goods per income unit,m_S,0.39,goods per income unit,1.0,1.0,1.0,1.0,,19.0,-2.430399999999998,,6.92,True,True,False,,False
mpc_joint_gate,m_H,0.82,goods per income unit,m_S,0.4,goods per income unit,1.0,1.0,1.0,1.0,,19.0,-2.430399999999998,,6.92,True,True,False,,False
mpc_joint_gate,m_H,0.82,goods per income unit,m_S,0.41000000000000003,goods per income unit,1.0,1.0,1.0,1.0,,19.0,-2.430399999999998,,6.92,True,True,False,,False
mpc_joint_gate,m_H,0.82,goods per income unit,m_S,0.42000000000000004,goods per income unit,1.0,1.0,1.0,1.0,,19.0,-2.430399999999998,,6.92,True,True,False,,False
mpc_joint_gate,m_H,0.82,goods per income unit,m_S,0.43000000000000005,goods per income unit,1.0,1.0,1.0,1.0,,19.0,-2.430399999999998,,6.92,True,True,False,,False
mpc_joint_gate,m_H,0.82,goods per income unit,m_S,0.44000000000000006,goods per income unit,1.0,1.0,1.0,1.0,,19.0,-2.430399999999998,,6.92,True,True,False,,False
mpc_joint_gate,m_H,0.82,goods per income unit,m_S,0.45000000000000007,goods per income unit,1.0,1.0,1.0,1.0,,19.0,-2.430399999999998,,6.92,True,True,False,,False
mpc_joint_gate,m_H,0.82,goods per income unit,m_S,0.45999999999999996,goods per income unit,1.0,1.0,1.0,1.0,,19.0,-2.430399999999998,,6.92,True,True,False,,False
mpc_joint_gate,m_H,0.82,goods per income unit,m_S,0.47,goods per income unit,1.0,1.0,1.0,1.0,,19.0,-2.430399999999998,,6.92,True,True,False,,False
mpc_joint_gate,m_H,0.82,goods per income unit,m_S,0.48,goods per income unit,1.0,1.0,1.0,1.0,,19.0,-2.430399999999998,,6.92,True,True,False,,False
mpc_joint_gate,m_H,0.82,goods per income unit,m_S,0.49,goods per income unit,1.0,1.0,1.0,1.0,,19.0,-2.430399999999998,,6.92,True,True,False,,False
mpc_joint_gate,m_H,0.82,goods per income unit,m_S,0.5,goods per income unit,1.0,1.0,1.0,1.0,,19.0,-2.430399999999998,,6.92,True,True,False,,False
mpc_joint_gate,m_H,0.83,goods per income unit,m_S,0.1,goods per income unit,1.0,1.0,1.0,1.0,,19.0,-2.517599999999997,,6.92,True,True,False,,False
mpc_joint_gate,m_H,0.83,goods per income unit,m_S,0.11,goods per income unit,1.0,1.0,1.0,1.0,,19.0,-2.517599999999997,,6.92,True,True,False,,False
mpc_joint_gate,m_H,0.83,goods per income unit,m_S,0.12000000000000001,goods per income unit,1.0,1.0,1.0,1.0,,19.0,-2.517599999999997,,6.92,True,True,False,,False
mpc_joint_gate,m_H,0.83,goods per income unit,m_S,0.13,goods per income unit,1.0,1.0,1.0,1.0,,19.0,-2.517599999999997,,6.92,True,True,False,,False
mpc_joint_gate,m_H,0.83,goods per income unit,m_S,0.14,goods per income unit,1.0,1.0,1.0,1.0,,19.0,-2.517599999999997,,6.92,True,True,False,,False
mpc_joint_gate,m_H,0.83,goods per income unit,m_S,0.15000000000000002,goods per income unit,1.0,1.0,1.0,1.0,,19.0,-2.517599999999997,,6.92,True,True,False,,False
mpc_joint_gate,m_H,0.83,goods per income unit,m_S,0.16,goods per income unit,1.0,1.0,1.0,1.0,,19.0,-2.517599999999997,,6.92,True,True,False,,False
mpc_joint_gate,m_H,0.83,goods per income unit,m_S,0.17,goods per income unit,1.0,1.0,1.0,1.0,,19.0,-2.517599999999997,,6.92,True,True,False,,False
mpc_joint_gate,m_H,0.83,goods per income unit,m_S,0.18,goods per income unit,1.0,1.0,1.0,1.0,,19.0,-2.517599999999997,,6.92,True,True,False,,False
mpc_joint_gate,m_H,0.83,goods per income unit,m_S,0.19,goods per income unit,1.0,1.0,1.0,1.0,,19.0,-2.517599999999997,,6.92,True,True,False,,False
mpc_joint_gate,m_H,0.83,goods per income unit,m_S,0.2,goods per income unit,1.0,1.0,1.0,1.0,,19.0,-2.517599999999997,,6.92,True,True,False,,False
mpc_joint_gate,m_H,0.83,goods per income unit,m_S,0.21000000000000002,goods per income unit,1.0,1.0,1.0,1.0,,19.0,-2.517599999999997,,6.92,True,True,False,,False
mpc_joint_gate,m_H,0.83,goods per income unit,m_S,0.22,goods per income unit,1.0,1.0,1.0,1.0,,19.0,-2.517599999999997,,6.92,True,True,False,,False
mpc_joint_gate,m_H,0.83,goods per income unit,m_S,0.23,goods per income unit,1.0,1.0,1.0,1.0,,19.0,-2.517599999999997,,6.92,True,True,False,,False
mpc_joint_gate,m_H,0.83,goods per income unit,m_S,0.24000000000000002,goods per income unit,1.0,1.0,1.0,1.0,,19.0,-2.517599999999997,,6.92,True,True,False,,False
mpc_joint_gate,m_H,0.83,goods per income unit,m_S,0.25,goods per income unit,1.0,1.0,1.0,1.0,,19.0,-2.517599999999997,,6.92,True,True,False,,False
mpc_joint_gate,m_H,0.83,goods per income unit,m_S,0.26,goods per income unit,1.0,1.0,1.0,1.0,,19.0,-2.517599999999997,,6.92,True,True,False,,False
mpc_joint_gate,m_H,0.83,goods per income unit,m_S,0.27,goods per income unit,1.0,1.0,1.0,1.0,,19.0,-2.517599999999997,,6.92,True,True,False,,False
mpc_joint_gate,m_H,0.83,goods per income unit,m_S,0.28,goods per income unit,1.0,1.0,1.0,1.0,,19.0,-2.517599999999997,,6.92,True,True,False,,False
mpc_joint_gate,m_H,0.83,goods per income unit,m_S,0.29000000000000004,goods per income unit,1.0,1.0,1.0,1.0,,19.0,-2.517599999999997,,6.92,True,True,False,,False
mpc_joint_gate,m_H,0.83,goods per income unit,m_S,0.30000000000000004,goods per income unit,1.0,1.0,1.0,1.0,,19.0,-2.517599999999997,,6.92,True,True,False,,False
mpc_joint_gate,m_H,0.83,goods per income unit,m_S,0.31,goods per income unit,1.0,1.0,1.0,1.0,,19.0,-2.517599999999997,,6.92,True,True,False,,False
mpc_joint_gate,m_H,0.83,goods per income unit,m_S,0.32,goods per income unit,1.0,1.0,1.0,1.0,,19.0,-2.517599999999997,,6.92,True,True,False,,False
mpc_joint_gate,m_H,0.83,goods per income unit,m_S,0.33,goods per income unit,1.0,1.0,1.0,1.0,,19.0,-2.517599999999997,,6.92,True,True,False,,False
mpc_joint_gate,m_H,0.83,goods per income unit,m_S,0.33999999999999997,goods per income unit,1.0,1.0,1.0,1.0,,19.0,-2.517599999999997,,6.92,True,True,False,,False
mpc_joint_gate,m_H,0.83,goods per income unit,m_S,0.35,goods per income unit,1.0,1.0,1.0,1.0,,19.0,-2.517599999999997,,6.92,True,True,False,,False
mpc_joint_gate,m_H,0.83,goods per income unit,m_S,0.36,goods per income unit,1.0,1.0,1.0,1.0,,19.0,-2.517599999999997,,6.92,True,True,False,,False
mpc_joint_gate,m_H,0.83,goods per income unit,m_S,0.37,goods per income unit,1.0,1.0,1.0,1.0,,19.0,-2.517599999999997,,6.92,True,True,False,,False
mpc_joint_gate,m_H,0.83,goods per income unit,m_S,0.38,goods per income unit,1.0,1.0,1.0,1.0,,19.0,-2.517599999999997,,6.92,True,True,False,,False
mpc_joint_gate,m_H,0.83,goods per income unit,m_S,0.39,goods per income unit,1.0,1.0,1.0,1.0,,19.0,-2.517599999999997,,6.92,True,True,False,,False
mpc_joint_gate,m_H,0.83,goods per income unit,m_S,0.4,goods per income unit,1.0,1.0,1.0,1.0,,19.0,-2.517599999999997,,6.92,True,True,False,,False
mpc_joint_gate,m_H,0.83,goods per income unit,m_S,0.41000000000000003,goods per income unit,1.0,1.0,1.0,1.0,,19.0,-2.517599999999997,,6.92,True,True,False,,False
mpc_joint_gate,m_H,0.83,goods per income unit,m_S,0.42000000000000004,goods per income unit,1.0,1.0,1.0,1.0,,19.0,-2.517599999999997,,6.92,True,True,False,,False
mpc_joint_gate,m_H,0.83,goods per income unit,m_S,0.43000000000000005,goods per income unit,1.0,1.0,1.0,1.0,,19.0,-2.517599999999997,,6.92,True,True,False,,False
mpc_joint_gate,m_H,0.83,goods per income unit,m_S,0.44000000000000006,goods per income unit,1.0,1.0,1.0,1.0,,19.0,-2.517599999999997,,6.92,True,True,False,,False
mpc_joint_gate,m_H,0.83,goods per income unit,m_S,0.45000000000000007,goods per income unit,1.0,1.0,1.0,1.0,,19.0,-2.517599999999997,,6.92,True,True,False,,False
mpc_joint_gate,m_H,0.83,goods per income unit,m_S,0.45999999999999996,goods per income unit,1.0,1.0,1.0,1.0,,19.0,-2.517599999999997,,6.92,True,True,False,,False
mpc_joint_gate,m_H,0.83,goods per income unit,m_S,0.47,goods per income unit,1.0,1.0,1.0,1.0,,19.0,-2.517599999999997,,6.92,True,True,False,,False
mpc_joint_gate,m_H,0.83,goods per income unit,m_S,0.48,goods per income unit,1.0,1.0,1.0,1.0,,19.0,-2.517599999999997,,6.92,True,True,False,,False
mpc_joint_gate,m_H,0.83,goods per income unit,m_S,0.49,goods per income unit,1.0,1.0,1.0,1.0,,19.0,-2.517599999999997,,6.92,True,True,False,,False
mpc_joint_gate,m_H,0.83,goods per income unit,m_S,0.5,goods per income unit,1.0,1.0,1.0,1.0,,19.0,-2.517599999999997,,6.92,True,True,False,,False
mpc_joint_gate,m_H,0.84,goods per income unit,m_S,0.1,goods per income unit,1.0,1.0,1.0,1.0,,19.0,-2.6048,,6.92,True,True,False,,False
mpc_joint_gate,m_H,0.84,goods per income unit,m_S,0.11,goods per income unit,1.0,1.0,1.0,1.0,,19.0,-2.6048,,6.92,True,True,False,,False
mpc_joint_gate,m_H,0.84,goods per income unit,m_S,0.12000000000000001,goods per income unit,1.0,1.0,1.0,1.0,,19.0,-2.6048,,6.92,True,True,False,,False
mpc_joint_gate,m_H,0.84,goods per income unit,m_S,0.13,goods per income unit,1.0,1.0,1.0,1.0,,19.0,-2.6048,,6.92,True,True,False,,False
mpc_joint_gate,m_H,0.84,goods per income unit,m_S,0.14,goods per income unit,1.0,1.0,1.0,1.0,,19.0,-2.6048,,6.92,True,True,False,,False
mpc_joint_gate,m_H,0.84,goods per income unit,m_S,0.15000000000000002,goods per income unit,1.0,1.0,1.0,1.0,,19.0,-2.6048,,6.92,True,True,False,,False
mpc_joint_gate,m_H,0.84,goods per income unit,m_S,0.16,goods per income unit,1.0,1.0,1.0,1.0,,19.0,-2.6048,,6.92,True,True,False,,False
mpc_joint_gate,m_H,0.84,goods per income unit,m_S,0.17,goods per income unit,1.0,1.0,1.0,1.0,,19.0,-2.6048,,6.92,True,True,False,,False
mpc_joint_gate,m_H,0.84,goods per income unit,m_S,0.18,goods per income unit,1.0,1.0,1.0,1.0,,19.0,-2.6048,,6.92,True,True,False,,False
mpc_joint_gate,m_H,0.84,goods per income unit,m_S,0.19,goods per income unit,1.0,1.0,1.0,1.0,,19.0,-2.6048,,6.92,True,True,False,,False
mpc_joint_gate,m_H,0.84,goods per income unit,m_S,0.2,goods per income unit,1.0,1.0,1.0,1.0,,19.0,-2.6048,,6.92,True,True,False,,False
mpc_joint_gate,m_H,0.84,goods per income unit,m_S,0.21000000000000002,goods per income unit,1.0,1.0,1.0,1.0,,19.0,-2.6048,,6.92,True,True,False,,False
mpc_joint_gate,m_H,0.84,goods per income unit,m_S,0.22,goods per income unit,1.0,1.0,1.0,1.0,,19.0,-2.6048,,6.92,True,True,False,,False
mpc_joint_gate,m_H,0.84,goods per income unit,m_S,0.23,goods per income unit,1.0,1.0,1.0,1.0,,19.0,-2.6048,,6.92,True,True,False,,False
mpc_joint_gate,m_H,0.84,goods per income unit,m_S,0.24000000000000002,goods per income unit,1.0,1.0,1.0,1.0,,19.0,-2.6048,,6.92,True,True,False,,False
mpc_joint_gate,m_H,0.84,goods per income unit,m_S,0.25,goods per income unit,1.0,1.0,1.0,1.0,,19.0,-2.6048,,6.92,True,True,False,,False
mpc_joint_gate,m_H,0.84,goods per income unit,m_S,0.26,goods per income unit,1.0,1.0,1.0,1.0,,19.0,-2.6048,,6.92,True,True,False,,False
mpc_joint_gate,m_H,0.84,goods per income unit,m_S,0.27,goods per income unit,1.0,1.0,1.0,1.0,,19.0,-2.6048,,6.92,True,True,False,,False
mpc_joint_gate,m_H,0.84,goods per income unit,m_S,0.28,goods per income unit,1.0,1.0,1.0,1.0,,19.0,-2.6048,,6.92,True,True,False,,False
mpc_joint_gate,m_H,0.84,goods per income unit,m_S,0.29000000000000004,goods per income unit,1.0,1.0,1.0,1.0,,19.0,-2.6048,,6.92,True,True,False,,False
mpc_joint_gate,m_H,0.84,goods per income unit,m_S,0.30000000000000004,goods per income unit,1.0,1.0,1.0,1.0,,19.0,-2.6048,,6.92,True,True,False,,False
mpc_joint_gate,m_H,0.84,goods per income unit,m_S,0.31,goods per income unit,1.0,1.0,1.0,1.0,,19.0,-2.6048,,6.92,True,True,False,,False
mpc_joint_gate,m_H,0.84,goods per income unit,m_S,0.32,goods per income unit,1.0,1.0,1.0,1.0,,19.0,-2.6048,,6.92,True,True,False,,False
mpc_joint_gate,m_H,0.84,goods per income unit,m_S,0.33,goods per income unit,1.0,1.0,1.0,1.0,,19.0,-2.6048,,6.92,True,True,False,,False
mpc_joint_gate,m_H,0.84,goods per income unit,m_S,0.33999999999999997,goods per income unit,1.0,1.0,1.0,1.0,,19.0,-2.6048,,6.92,True,True,False,,False
mpc_joint_gate,m_H,0.84,goods per income unit,m_S,0.35,goods per income unit,1.0,1.0,1.0,1.0,,19.0,-2.6048,,6.92,True,True,False,,False
mpc_joint_gate,m_H,0.84,goods per income unit,m_S,0.36,goods per income unit,1.0,1.0,1.0,1.0,,19.0,-2.6048,,6.92,True,True,False,,False
mpc_joint_gate,m_H,0.84,goods per income unit,m_S,0.37,goods per income unit,1.0,1.0,1.0,1.0,,19.0,-2.6048,,6.92,True,True,False,,False
mpc_joint_gate,m_H,0.84,goods per income unit,m_S,0.38,goods per income unit,1.0,1.0,1.0,1.0,,19.0,-2.6048,,6.92,True,True,False,,False
mpc_joint_gate,m_H,0.84,goods per income unit,m_S,0.39,goods per income unit,1.0,1.0,1.0,1.0,,19.0,-2.6048,,6.92,True,True,False,,False
mpc_joint_gate,m_H,0.84,goods per income unit,m_S,0.4,goods per income unit,1.0,1.0,1.0,1.0,,19.0,-2.6048,,6.92,True,True,False,,False
mpc_joint_gate,m_H,0.84,goods per income unit,m_S,0.41000000000000003,goods per income unit,1.0,1.0,1.0,1.0,,19.0,-2.6048,,6.92,True,True,False,,False
mpc_joint_gate,m_H,0.84,goods per income unit,m_S,0.42000000000000004,goods per income unit,1.0,1.0,1.0,1.0,,19.0,-2.6048,,6.92,True,True,False,,False
mpc_joint_gate,m_H,0.84,goods per income unit,m_S,0.43000000000000005,goods per income unit,1.0,1.0,1.0,1.0,,19.0,-2.6048,,6.92,True,True,False,,False
mpc_joint_gate,m_H,0.84,goods per income unit,m_S,0.44000000000000006,goods per income unit,1.0,1.0,1.0,1.0,,19.0,-2.6048,,6.92,True,True,False,,False
mpc_joint_gate,m_H,0.84,goods per income unit,m_S,0.45000000000000007,goods per income unit,1.0,1.0,1.0,1.0,,19.0,-2.6048,,6.92,True,True,False,,False
mpc_joint_gate,m_H,0.84,goods per income unit,m_S,0.45999999999999996,goods per income unit,1.0,1.0,1.0,1.0,,19.0,-2.6048,,6.92,True,True,False,,False
mpc_joint_gate,m_H,0.84,goods per income unit,m_S,0.47,goods per income unit,1.0,1.0,1.0,1.0,,19.0,-2.6048,,6.92,True,True,False,,False
mpc_joint_gate,m_H,0.84,goods per income unit,m_S,0.48,goods per income unit,1.0,1.0,1.0,1.0,,19.0,-2.6048,,6.92,True,True,False,,False
mpc_joint_gate,m_H,0.84,goods per income unit,m_S,0.49,goods per income unit,1.0,1.0,1.0,1.0,,19.0,-2.6048,,6.92,True,True,False,,False
mpc_joint_gate,m_H,0.84,goods per income unit,m_S,0.5,goods per income unit,1.0,1.0,1.0,1.0,,19.0,-2.6048,,6.92,True,True,False,,False
mpc_joint_gate,m_H,0.85,goods per income unit,m_S,0.1,goods per income unit,1.0,1.0,1.0,1.0,,19.0,-2.6919999999999993,,6.92,True,True,False,,False
mpc_joint_gate,m_H,0.85,goods per income unit,m_S,0.11,goods per income unit,1.0,1.0,1.0,1.0,,19.0,-2.6919999999999993,,6.92,True,True,False,,False
mpc_joint_gate,m_H,0.85,goods per income unit,m_S,0.12000000000000001,goods per income unit,1.0,1.0,1.0,1.0,,19.0,-2.6919999999999993,,6.92,True,True,False,,False
mpc_joint_gate,m_H,0.85,goods per income unit,m_S,0.13,goods per income unit,1.0,1.0,1.0,1.0,,19.0,-2.6919999999999993,,6.92,True,True,False,,False
mpc_joint_gate,m_H,0.85,goods per income unit,m_S,0.14,goods per income unit,1.0,1.0,1.0,1.0,,19.0,-2.6919999999999993,,6.92,True,True,False,,False
mpc_joint_gate,m_H,0.85,goods per income unit,m_S,0.15000000000000002,goods per income unit,1.0,1.0,1.0,1.0,,19.0,-2.6919999999999993,,6.92,True,True,False,,False
mpc_joint_gate,m_H,0.85,goods per income unit,m_S,0.16,goods per income unit,1.0,1.0,1.0,1.0,,19.0,-2.6919999999999993,,6.92,True,True,False,,False
mpc_joint_gate,m_H,0.85,goods per income unit,m_S,0.17,goods per income unit,1.0,1.0,1.0,1.0,,19.0,-2.6919999999999993,,6.92,True,True,False,,False
mpc_joint_gate,m_H,0.85,goods per income unit,m_S,0.18,goods per income unit,1.0,1.0,1.0,1.0,,19.0,-2.6919999999999993,,6.92,True,True,False,,False
mpc_joint_gate,m_H,0.85,goods per income unit,m_S,0.19,goods per income unit,1.0,1.0,1.0,1.0,,19.0,-2.6919999999999993,,6.92,True,True,False,,False
mpc_joint_gate,m_H,0.85,goods per income unit,m_S,0.2,goods per income unit,1.0,1.0,1.0,1.0,,19.0,-2.6919999999999993,,6.92,True,True,False,,False
mpc_joint_gate,m_H,0.85,goods per income unit,m_S,0.21000000000000002,goods per income unit,1.0,1.0,1.0,1.0,,19.0,-2.6919999999999993,,6.92,True,True,False,,False
mpc_joint_gate,m_H,0.85,goods per income unit,m_S,0.22,goods per income unit,1.0,1.0,1.0,1.0,,19.0,-2.6919999999999993,,6.92,True,True,False,,False
mpc_joint_gate,m_H,0.85,goods per income unit,m_S,0.23,goods per income unit,1.0,1.0,1.0,1.0,,19.0,-2.6919999999999993,,6.92,True,True,False,,False
mpc_joint_gate,m_H,0.85,goods per income unit,m_S,0.24000000000000002,goods per income unit,1.0,1.0,1.0,1.0,,19.0,-2.6919999999999993,,6.92,True,True,False,,False
mpc_joint_gate,m_H,0.85,goods per income unit,m_S,0.25,goods per income unit,1.0,1.0,1.0,1.0,,19.0,-2.6919999999999993,,6.92,True,True,False,,False
mpc_joint_gate,m_H,0.85,goods per income unit,m_S,0.26,goods per income unit,1.0,1.0,1.0,1.0,,19.0,-2.6919999999999993,,6.92,True,True,False,,False
mpc_joint_gate,m_H,0.85,goods per income unit,m_S,0.27,goods per income unit,1.0,1.0,1.0,1.0,,19.0,-2.6919999999999993,,6.92,True,True,False,,False
mpc_joint_gate,m_H,0.85,goods per income unit,m_S,0.28,goods per income unit,1.0,1.0,1.0,1.0,,19.0,-2.6919999999999993,,6.92,True,True,False,,False
mpc_joint_gate,m_H,0.85,goods per income unit,m_S,0.29000000000000004,goods per income unit,1.0,1.0,1.0,1.0,,19.0,-2.6919999999999993,,6.92,True,True,False,,False
mpc_joint_gate,m_H,0.85,goods per income unit,m_S,0.30000000000000004,goods per income unit,1.0,1.0,1.0,1.0,,19.0,-2.6919999999999993,,6.92,True,True,False,,False
mpc_joint_gate,m_H,0.85,goods per income unit,m_S,0.31,goods per income unit,1.0,1.0,1.0,1.0,,19.0,-2.6919999999999993,,6.92,True,True,False,,False
mpc_joint_gate,m_H,0.85,goods per income unit,m_S,0.32,goods per income unit,1.0,1.0,1.0,1.0,,19.0,-2.6919999999999993,,6.92,True,True,False,,False
mpc_joint_gate,m_H,0.85,goods per income unit,m_S,0.33,goods per income unit,1.0,1.0,1.0,1.0,,19.0,-2.6919999999999993,,6.92,True,True,False,,False
mpc_joint_gate,m_H,0.85,goods per income unit,m_S,0.33999999999999997,goods per income unit,1.0,1.0,1.0,1.0,,19.0,-2.6919999999999993,,6.92,True,True,False,,False
mpc_joint_gate,m_H,0.85,goods per income unit,m_S,0.35,goods per income unit,1.0,1.0,1.0,1.0,,19.0,-2.6919999999999993,,6.92,True,True,False,,False
mpc_joint_gate,m_H,0.85,goods per income unit,m_S,0.36,goods per income unit,1.0,1.0,1.0,1.0,,19.0,-2.6919999999999993,,6.92,True,True,False,,False
mpc_joint_gate,m_H,0.85,goods per income unit,m_S,0.37,goods per income unit,1.0,1.0,1.0,1.0,,19.0,-2.6919999999999993,,6.92,True,True,False,,False
mpc_joint_gate,m_H,0.85,goods per income unit,m_S,0.38,goods per income unit,1.0,1.0,1.0,1.0,,19.0,-2.6919999999999993,,6.92,True,True,False,,False
mpc_joint_gate,m_H,0.85,goods per income unit,m_S,0.39,goods per income unit,1.0,1.0,1.0,1.0,,19.0,-2.6919999999999993,,6.92,True,True,False,,False
mpc_joint_gate,m_H,0.85,goods per income unit,m_S,0.4,goods per income unit,1.0,1.0,1.0,1.0,,19.0,-2.6919999999999993,,6.92,True,True,False,,False
mpc_joint_gate,m_H,0.85,goods per income unit,m_S,0.41000000000000003,goods per income unit,1.0,1.0,1.0,1.0,,19.0,-2.6919999999999993,,6.92,True,True,False,,False
mpc_joint_gate,m_H,0.85,goods per income unit,m_S,0.42000000000000004,goods per income unit,1.0,1.0,1.0,1.0,,19.0,-2.6919999999999993,,6.92,True,True,False,,False
mpc_joint_gate,m_H,0.85,goods per income unit,m_S,0.43000000000000005,goods per income unit,1.0,1.0,1.0,1.0,,19.0,-2.6919999999999993,,6.92,True,True,False,,False
mpc_joint_gate,m_H,0.85,goods per income unit,m_S,0.44000000000000006,goods per income unit,1.0,1.0,1.0,1.0,,19.0,-2.6919999999999993,,6.92,True,True,False,,False
mpc_joint_gate,m_H,0.85,goods per income unit,m_S,0.45000000000000007,goods per income unit,1.0,1.0,1.0,1.0,,19.0,-2.6919999999999993,,6.92,True,True,False,,False
mpc_joint_gate,m_H,0.85,goods per income unit,m_S,0.45999999999999996,goods per income unit,1.0,1.0,1.0,1.0,,19.0,-2.6919999999999993,,6.92,True,True,False,,False
mpc_joint_gate,m_H,0.85,goods per income unit,m_S,0.47,goods per income unit,1.0,1.0,1.0,1.0,,19.0,-2.6919999999999993,,6.92,True,True,False,,False
mpc_joint_gate,m_H,0.85,goods per income unit,m_S,0.48,goods per income unit,1.0,1.0,1.0,1.0,,19.0,-2.6919999999999993,,6.92,True,True,False,,False
mpc_joint_gate,m_H,0.85,goods per income unit,m_S,0.49,goods per income unit,1.0,1.0,1.0,1.0,,19.0,-2.6919999999999993,,6.92,True,True,False,,False
mpc_joint_gate,m_H,0.85,goods per income unit,m_S,0.5,goods per income unit,1.0,1.0,1.0,1.0,,19.0,-2.6919999999999993,,6.92,True,True,False,,False
mpc_joint_gate,m_H,0.8599999999999999,goods per income unit,m_S,0.1,goods per income unit,1.0,1.0,1.0,1.0,,19.0,-2.779199999999997,,6.92,True,True,False,,False
mpc_joint_gate,m_H,0.8599999999999999,goods per income unit,m_S,0.11,goods per income unit,1.0,1.0,1.0,1.0,,19.0,-2.779199999999997,,6.92,True,True,False,,False
mpc_joint_gate,m_H,0.8599999999999999,goods per income unit,m_S,0.12000000000000001,goods per income unit,1.0,1.0,1.0,1.0,,19.0,-2.779199999999997,,6.92,True,True,False,,False
mpc_joint_gate,m_H,0.8599999999999999,goods per income unit,m_S,0.13,goods per income unit,1.0,1.0,1.0,1.0,,19.0,-2.779199999999997,,6.92,True,True,False,,False
mpc_joint_gate,m_H,0.8599999999999999,goods per income unit,m_S,0.14,goods per income unit,1.0,1.0,1.0,1.0,,19.0,-2.779199999999997,,6.92,True,True,False,,False
mpc_joint_gate,m_H,0.8599999999999999,goods per income unit,m_S,0.15000000000000002,goods per income unit,1.0,1.0,1.0,1.0,,19.0,-2.779199999999997,,6.92,True,True,False,,False
mpc_joint_gate,m_H,0.8599999999999999,goods per income unit,m_S,0.16,goods per income unit,1.0,1.0,1.0,1.0,,19.0,-2.779199999999997,,6.92,True,True,False,,False
mpc_joint_gate,m_H,0.8599999999999999,goods per income unit,m_S,0.17,goods per income unit,1.0,1.0,1.0,1.0,,19.0,-2.779199999999997,,6.92,True,True,False,,False
mpc_joint_gate,m_H,0.8599999999999999,goods per income unit,m_S,0.18,goods per income unit,1.0,1.0,1.0,1.0,,19.0,-2.779199999999997,,6.92,True,True,False,,False
mpc_joint_gate,m_H,0.8599999999999999,goods per income unit,m_S,0.19,goods per income unit,1.0,1.0,1.0,1.0,,19.0,-2.779199999999997,,6.92,True,True,False,,False
mpc_joint_gate,m_H,0.8599999999999999,goods per income unit,m_S,0.2,goods per income unit,1.0,1.0,1.0,1.0,,19.0,-2.779199999999997,,6.92,True,True,False,,False
mpc_joint_gate,m_H,0.8599999999999999,goods per income unit,m_S,0.21000000000000002,goods per income unit,1.0,1.0,1.0,1.0,,19.0,-2.779199999999997,,6.92,True,True,False,,False
mpc_joint_gate,m_H,0.8599999999999999,goods per income unit,m_S,0.22,goods per income unit,1.0,1.0,1.0,1.0,,19.0,-2.779199999999997,,6.92,True,True,False,,False
mpc_joint_gate,m_H,0.8599999999999999,goods per income unit,m_S,0.23,goods per income unit,1.0,1.0,1.0,1.0,,19.0,-2.779199999999997,,6.92,True,True,False,,False
mpc_joint_gate,m_H,0.8599999999999999,goods per income unit,m_S,0.24000000000000002,goods per income unit,1.0,1.0,1.0,1.0,,19.0,-2.779199999999997,,6.92,True,True,False,,False
mpc_joint_gate,m_H,0.8599999999999999,goods per income unit,m_S,0.25,goods per income unit,1.0,1.0,1.0,1.0,,19.0,-2.779199999999997,,6.92,True,True,False,,False
mpc_joint_gate,m_H,0.8599999999999999,goods per income unit,m_S,0.26,goods per income unit,1.0,1.0,1.0,1.0,,19.0,-2.779199999999997,,6.92,True,True,False,,False
mpc_joint_gate,m_H,0.8599999999999999,goods per income unit,m_S,0.27,goods per income unit,1.0,1.0,1.0,1.0,,19.0,-2.779199999999997,,6.92,True,True,False,,False
mpc_joint_gate,m_H,0.8599999999999999,goods per income unit,m_S,0.28,goods per income unit,1.0,1.0,1.0,1.0,,19.0,-2.779199999999997,,6.92,True,True,False,,False
mpc_joint_gate,m_H,0.8599999999999999,goods per income unit,m_S,0.29000000000000004,goods per income unit,1.0,1.0,1.0,1.0,,19.0,-2.779199999999997,,6.92,True,True,False,,False
mpc_joint_gate,m_H,0.8599999999999999,goods per income unit,m_S,0.30000000000000004,goods per income unit,1.0,1.0,1.0,1.0,,19.0,-2.779199999999997,,6.92,True,True,False,,False
mpc_joint_gate,m_H,0.8599999999999999,goods per income unit,m_S,0.31,goods per income unit,1.0,1.0,1.0,1.0,,19.0,-2.779199999999997,,6.92,True,True,False,,False
mpc_joint_gate,m_H,0.8599999999999999,goods per income unit,m_S,0.32,goods per income unit,1.0,1.0,1.0,1.0,,19.0,-2.779199999999997,,6.92,True,True,False,,False
mpc_joint_gate,m_H,0.8599999999999999,goods per income unit,m_S,0.33,goods per income unit,1.0,1.0,1.0,1.0,,19.0,-2.779199999999997,,6.92,True,True,False,,False
mpc_joint_gate,m_H,0.8599999999999999,goods per income unit,m_S,0.33999999999999997,goods per income unit,1.0,1.0,1.0,1.0,,19.0,-2.779199999999997,,6.92,True,True,False,,False
mpc_joint_gate,m_H,0.8599999999999999,goods per income unit,m_S,0.35,goods per income unit,1.0,1.0,1.0,1.0,,19.0,-2.779199999999997,,6.92,True,True,False,,False
mpc_joint_gate,m_H,0.8599999999999999,goods per income unit,m_S,0.36,goods per income unit,1.0,1.0,1.0,1.0,,19.0,-2.779199999999997,,6.92,True,True,False,,False
mpc_joint_gate,m_H,0.8599999999999999,goods per income unit,m_S,0.37,goods per income unit,1.0,1.0,1.0,1.0,,19.0,-2.779199999999997,,6.92,True,True,False,,False
mpc_joint_gate,m_H,0.8599999999999999,goods per income unit,m_S,0.38,goods per income unit,1.0,1.0,1.0,1.0,,19.0,-2.779199999999997,,6.92,True,True,False,,False
mpc_joint_gate,m_H,0.8599999999999999,goods per income unit,m_S,0.39,goods per income unit,1.0,1.0,1.0,1.0,,19.0,-2.779199999999997,,6.92,True,True,False,,False
mpc_joint_gate,m_H,0.8599999999999999,goods per income unit,m_S,0.4,goods per income unit,1.0,1.0,1.0,1.0,,19.0,-2.779199999999997,,6.92,True,True,False,,False
mpc_joint_gate,m_H,0.8599999999999999,goods per income unit,m_S,0.41000000000000003,goods per income unit,1.0,1.0,1.0,1.0,,19.0,-2.779199999999997,,6.92,True,True,False,,False
mpc_joint_gate,m_H,0.8599999999999999,goods per income unit,m_S,0.42000000000000004,goods per income unit,1.0,1.0,1.0,1.0,,19.0,-2.779199999999997,,6.92,True,True,False,,False
mpc_joint_gate,m_H,0.8599999999999999,goods per income unit,m_S,0.43000000000000005,goods per income unit,1.0,1.0,1.0,1.0,,19.0,-2.779199999999997,,6.92,True,True,False,,False
mpc_joint_gate,m_H,0.8599999999999999,goods per income unit,m_S,0.44000000000000006,goods per income unit,1.0,1.0,1.0,1.0,,19.0,-2.779199999999997,,6.92,True,True,False,,False
mpc_joint_gate,m_H,0.8599999999999999,goods per income unit,m_S,0.45000000000000007,goods per income unit,1.0,1.0,1.0,1.0,,19.0,-2.779199999999997,,6.92,True,True,False,,False
mpc_joint_gate,m_H,0.8599999999999999,goods per income unit,m_S,0.45999999999999996,goods per income unit,1.0,1.0,1.0,1.0,,19.0,-2.779199999999997,,6.92,True,True,False,,False
mpc_joint_gate,m_H,0.8599999999999999,goods per income unit,m_S,0.47,goods per income unit,1.0,1.0,1.0,1.0,,19.0,-2.779199999999997,,6.92,True,True,False,,False
mpc_joint_gate,m_H,0.8599999999999999,goods per income unit,m_S,0.48,goods per income unit,1.0,1.0,1.0,1.0,,19.0,-2.779199999999997,,6.92,True,True,False,,False
mpc_joint_gate,m_H,0.8599999999999999,goods per income unit,m_S,0.49,goods per income unit,1.0,1.0,1.0,1.0,,19.0,-2.779199999999997,,6.92,True,True,False,,False
mpc_joint_gate,m_H,0.8599999999999999,goods per income unit,m_S,0.5,goods per income unit,1.0,1.0,1.0,1.0,,19.0,-2.779199999999997,,6.92,True,True,False,,False
mpc_joint_gate,m_H,0.8699999999999999,goods per income unit,m_S,0.1,goods per income unit,1.0,1.0,1.0,1.0,,19.0,-2.8663999999999996,,6.92,True,True,False,,False
mpc_joint_gate,m_H,0.8699999999999999,goods per income unit,m_S,0.11,goods per income unit,1.0,1.0,1.0,1.0,,19.0,-2.8663999999999996,,6.92,True,True,False,,False
mpc_joint_gate,m_H,0.8699999999999999,goods per income unit,m_S,0.12000000000000001,goods per income unit,1.0,1.0,1.0,1.0,,19.0,-2.8663999999999996,,6.92,True,True,False,,False
mpc_joint_gate,m_H,0.8699999999999999,goods per income unit,m_S,0.13,goods per income unit,1.0,1.0,1.0,1.0,,19.0,-2.8663999999999996,,6.92,True,True,False,,False
mpc_joint_gate,m_H,0.8699999999999999,goods per income unit,m_S,0.14,goods per income unit,1.0,1.0,1.0,1.0,,19.0,-2.8663999999999996,,6.92,True,True,False,,False
mpc_joint_gate,m_H,0.8699999999999999,goods per income unit,m_S,0.15000000000000002,goods per income unit,1.0,1.0,1.0,1.0,,19.0,-2.8663999999999996,,6.92,True,True,False,,False
mpc_joint_gate,m_H,0.8699999999999999,goods per income unit,m_S,0.16,goods per income unit,1.0,1.0,1.0,1.0,,19.0,-2.8663999999999996,,6.92,True,True,False,,False
mpc_joint_gate,m_H,0.8699999999999999,goods per income unit,m_S,0.17,goods per income unit,1.0,1.0,1.0,1.0,,19.0,-2.8663999999999996,,6.92,True,True,False,,False
mpc_joint_gate,m_H,0.8699999999999999,goods per income unit,m_S,0.18,goods per income unit,1.0,1.0,1.0,1.0,,19.0,-2.8663999999999996,,6.92,True,True,False,,False
mpc_joint_gate,m_H,0.8699999999999999,goods per income unit,m_S,0.19,goods per income unit,1.0,1.0,1.0,1.0,,19.0,-2.8663999999999996,,6.92,True,True,False,,False
mpc_joint_gate,m_H,0.8699999999999999,goods per income unit,m_S,0.2,goods per income unit,1.0,1.0,1.0,1.0,,19.0,-2.8663999999999996,,6.92,True,True,False,,False
mpc_joint_gate,m_H,0.8699999999999999,goods per income unit,m_S,0.21000000000000002,goods per income unit,1.0,1.0,1.0,1.0,,19.0,-2.8663999999999996,,6.92,True,True,False,,False
mpc_joint_gate,m_H,0.8699999999999999,goods per income unit,m_S,0.22,goods per income unit,1.0,1.0,1.0,1.0,,19.0,-2.8663999999999996,,6.92,True,True,False,,False
mpc_joint_gate,m_H,0.8699999999999999,goods per income unit,m_S,0.23,goods per income unit,1.0,1.0,1.0,1.0,,19.0,-2.8663999999999996,,6.92,True,True,False,,False
mpc_joint_gate,m_H,0.8699999999999999,goods per income unit,m_S,0.24000000000000002,goods per income unit,1.0,1.0,1.0,1.0,,19.0,-2.8663999999999996,,6.92,True,True,False,,False
mpc_joint_gate,m_H,0.8699999999999999,goods per income unit,m_S,0.25,goods per income unit,1.0,1.0,1.0,1.0,,19.0,-2.8663999999999996,,6.92,True,True,False,,False
mpc_joint_gate,m_H,0.8699999999999999,goods per income unit,m_S,0.26,goods per income unit,1.0,1.0,1.0,1.0,,19.0,-2.8663999999999996,,6.92,True,True,False,,False
mpc_joint_gate,m_H,0.8699999999999999,goods per income unit,m_S,0.27,goods per income unit,1.0,1.0,1.0,1.0,,19.0,-2.8663999999999996,,6.92,True,True,False,,False
mpc_joint_gate,m_H,0.8699999999999999,goods per income unit,m_S,0.28,goods per income unit,1.0,1.0,1.0,1.0,,19.0,-2.8663999999999996,,6.92,True,True,False,,False
mpc_joint_gate,m_H,0.8699999999999999,goods per income unit,m_S,0.29000000000000004,goods per income unit,1.0,1.0,1.0,1.0,,19.0,-2.8663999999999996,,6.92,True,True,False,,False
mpc_joint_gate,m_H,0.8699999999999999,goods per income unit,m_S,0.30000000000000004,goods per income unit,1.0,1.0,1.0,1.0,,19.0,-2.8663999999999996,,6.92,True,True,False,,False
mpc_joint_gate,m_H,0.8699999999999999,goods per income unit,m_S,0.31,goods per income unit,1.0,1.0,1.0,1.0,,19.0,-2.8663999999999996,,6.92,True,True,False,,False
mpc_joint_gate,m_H,0.8699999999999999,goods per income unit,m_S,0.32,goods per income unit,1.0,1.0,1.0,1.0,,19.0,-2.8663999999999996,,6.92,True,True,False,,False
mpc_joint_gate,m_H,0.8699999999999999,goods per income unit,m_S,0.33,goods per income unit,1.0,1.0,1.0,1.0,,19.0,-2.8663999999999996,,6.92,True,True,False,,False
mpc_joint_gate,m_H,0.8699999999999999,goods per income unit,m_S,0.33999999999999997,goods per income unit,1.0,1.0,1.0,1.0,,19.0,-2.8663999999999996,,6.92,True,True,False,,False
mpc_joint_gate,m_H,0.8699999999999999,goods per income unit,m_S,0.35,goods per income unit,1.0,1.0,1.0,1.0,,19.0,-2.8663999999999996,,6.92,True,True,False,,False
mpc_joint_gate,m_H,0.8699999999999999,goods per income unit,m_S,0.36,goods per income unit,1.0,1.0,1.0,1.0,,19.0,-2.8663999999999996,,6.92,True,True,False,,False
mpc_joint_gate,m_H,0.8699999999999999,goods per income unit,m_S,0.37,goods per income unit,1.0,1.0,1.0,1.0,,19.0,-2.8663999999999996,,6.92,True,True,False,,False
mpc_joint_gate,m_H,0.8699999999999999,goods per income unit,m_S,0.38,goods per income unit,1.0,1.0,1.0,1.0,,19.0,-2.8663999999999996,,6.92,True,True,False,,False
mpc_joint_gate,m_H,0.8699999999999999,goods per income unit,m_S,0.39,goods per income unit,1.0,1.0,1.0,1.0,,19.0,-2.8663999999999996,,6.92,True,True,False,,False
mpc_joint_gate,m_H,0.8699999999999999,goods per income unit,m_S,0.4,goods per income unit,1.0,1.0,1.0,1.0,,19.0,-2.8663999999999996,,6.92,True,True,False,,False
mpc_joint_gate,m_H,0.8699999999999999,goods per income unit,m_S,0.41000000000000003,goods per income unit,1.0,1.0,1.0,1.0,,19.0,-2.8663999999999996,,6.92,True,True,False,,False
mpc_joint_gate,m_H,0.8699999999999999,goods per income unit,m_S,0.42000000000000004,goods per income unit,1.0,1.0,1.0,1.0,,19.0,-2.8663999999999996,,6.92,True,True,False,,False
mpc_joint_gate,m_H,0.8699999999999999,goods per income unit,m_S,0.43000000000000005,goods per income unit,1.0,1.0,1.0,1.0,,19.0,-2.8663999999999996,,6.92,True,True,False,,False
mpc_joint_gate,m_H,0.8699999999999999,goods per income unit,m_S,0.44000000000000006,goods per income unit,1.0,1.0,1.0,1.0,,19.0,-2.8663999999999996,,6.92,True,True,False,,False
mpc_joint_gate,m_H,0.8699999999999999,goods per income unit,m_S,0.45000000000000007,goods per income unit,1.0,1.0,1.0,1.0,,19.0,-2.8663999999999996,,6.92,True,True,False,,False
mpc_joint_gate,m_H,0.8699999999999999,goods per income unit,m_S,0.45999999999999996,goods per income unit,1.0,1.0,1.0,1.0,,19.0,-2.8663999999999996,,6.92,True,True,False,,False
mpc_joint_gate,m_H,0.8699999999999999,goods per income unit,m_S,0.47,goods per income unit,1.0,1.0,1.0,1.0,,19.0,-2.8663999999999996,,6.92,True,True,False,,False
mpc_joint_gate,m_H,0.8699999999999999,goods per income unit,m_S,0.48,goods per income unit,1.0,1.0,1.0,1.0,,19.0,-2.8663999999999996,,6.92,True,True,False,,False
mpc_joint_gate,m_H,0.8699999999999999,goods per income unit,m_S,0.49,goods per income unit,1.0,1.0,1.0,1.0,,19.0,-2.8663999999999996,,6.92,True,True,False,,False
mpc_joint_gate,m_H,0.8699999999999999,goods per income unit,m_S,0.5,goods per income unit,1.0,1.0,1.0,1.0,,19.0,-2.8663999999999996,,6.92,True,True,False,,False
mpc_joint_gate,m_H,0.8799999999999999,goods per income unit,m_S,0.1,goods per income unit,1.0,1.0,1.0,1.0,,19.0,-2.953599999999999,,6.92,True,True,False,,False
mpc_joint_gate,m_H,0.8799999999999999,goods per income unit,m_S,0.11,goods per income unit,1.0,1.0,1.0,1.0,,19.0,-2.953599999999999,,6.92,True,True,False,,False
mpc_joint_gate,m_H,0.8799999999999999,goods per income unit,m_S,0.12000000000000001,goods per income unit,1.0,1.0,1.0,1.0,,19.0,-2.953599999999999,,6.92,True,True,False,,False
mpc_joint_gate,m_H,0.8799999999999999,goods per income unit,m_S,0.13,goods per income unit,1.0,1.0,1.0,1.0,,19.0,-2.953599999999999,,6.92,True,True,False,,False
mpc_joint_gate,m_H,0.8799999999999999,goods per income unit,m_S,0.14,goods per income unit,1.0,1.0,1.0,1.0,,19.0,-2.953599999999999,,6.92,True,True,False,,False
mpc_joint_gate,m_H,0.8799999999999999,goods per income unit,m_S,0.15000000000000002,goods per income unit,1.0,1.0,1.0,1.0,,19.0,-2.953599999999999,,6.92,True,True,False,,False
mpc_joint_gate,m_H,0.8799999999999999,goods per income unit,m_S,0.16,goods per income unit,1.0,1.0,1.0,1.0,,19.0,-2.953599999999999,,6.92,True,True,False,,False
mpc_joint_gate,m_H,0.8799999999999999,goods per income unit,m_S,0.17,goods per income unit,1.0,1.0,1.0,1.0,,19.0,-2.953599999999999,,6.92,True,True,False,,False
mpc_joint_gate,m_H,0.8799999999999999,goods per income unit,m_S,0.18,goods per income unit,1.0,1.0,1.0,1.0,,19.0,-2.953599999999999,,6.92,True,True,False,,False
mpc_joint_gate,m_H,0.8799999999999999,goods per income unit,m_S,0.19,goods per income unit,1.0,1.0,1.0,1.0,,19.0,-2.953599999999999,,6.92,True,True,False,,False
mpc_joint_gate,m_H,0.8799999999999999,goods per income unit,m_S,0.2,goods per income unit,1.0,1.0,1.0,1.0,,19.0,-2.953599999999999,,6.92,True,True,False,,False
mpc_joint_gate,m_H,0.8799999999999999,goods per income unit,m_S,0.21000000000000002,goods per income unit,1.0,1.0,1.0,1.0,,19.0,-2.953599999999999,,6.92,True,True,False,,False
mpc_joint_gate,m_H,0.8799999999999999,goods per income unit,m_S,0.22,goods per income unit,1.0,1.0,1.0,1.0,,19.0,-2.953599999999999,,6.92,True,True,False,,False
mpc_joint_gate,m_H,0.8799999999999999,goods per income unit,m_S,0.23,goods per income unit,1.0,1.0,1.0,1.0,,19.0,-2.953599999999999,,6.92,True,True,False,,False
mpc_joint_gate,m_H,0.8799999999999999,goods per income unit,m_S,0.24000000000000002,goods per income unit,1.0,1.0,1.0,1.0,,19.0,-2.953599999999999,,6.92,True,True,False,,False
mpc_joint_gate,m_H,0.8799999999999999,goods per income unit,m_S,0.25,goods per income unit,1.0,1.0,1.0,1.0,,19.0,-2.953599999999999,,6.92,True,True,False,,False
mpc_joint_gate,m_H,0.8799999999999999,goods per income unit,m_S,0.26,goods per income unit,1.0,1.0,1.0,1.0,,19.0,-2.953599999999999,,6.92,True,True,False,,False
mpc_joint_gate,m_H,0.8799999999999999,goods per income unit,m_S,0.27,goods per income unit,1.0,1.0,1.0,1.0,,19.0,-2.953599999999999,,6.92,True,True,False,,False
mpc_joint_gate,m_H,0.8799999999999999,goods per income unit,m_S,0.28,goods per income unit,1.0,1.0,1.0,1.0,,19.0,-2.953599999999999,,6.92,True,True,False,,False
mpc_joint_gate,m_H,0.8799999999999999,goods per income unit,m_S,0.29000000000000004,goods per income unit,1.0,1.0,1.0,1.0,,19.0,-2.953599999999999,,6.92,True,True,False,,False
mpc_joint_gate,m_H,0.8799999999999999,goods per income unit,m_S,0.30000000000000004,goods per income unit,1.0,1.0,1.0,1.0,,19.0,-2.953599999999999,,6.92,True,True,False,,False
mpc_joint_gate,m_H,0.8799999999999999,goods per income unit,m_S,0.31,goods per income unit,1.0,1.0,1.0,1.0,,19.0,-2.953599999999999,,6.92,True,True,False,,False
mpc_joint_gate,m_H,0.8799999999999999,goods per income unit,m_S,0.32,goods per income unit,1.0,1.0,1.0,1.0,,19.0,-2.953599999999999,,6.92,True,True,False,,False
mpc_joint_gate,m_H,0.8799999999999999,goods per income unit,m_S,0.33,goods per income unit,1.0,1.0,1.0,1.0,,19.0,-2.953599999999999,,6.92,True,True,False,,False
mpc_joint_gate,m_H,0.8799999999999999,goods per income unit,m_S,0.33999999999999997,goods per income unit,1.0,1.0,1.0,1.0,,19.0,-2.953599999999999,,6.92,True,True,False,,False
mpc_joint_gate,m_H,0.8799999999999999,goods per income unit,m_S,0.35,goods per income unit,1.0,1.0,1.0,1.0,,19.0,-2.953599999999999,,6.92,True,True,False,,False
mpc_joint_gate,m_H,0.8799999999999999,goods per income unit,m_S,0.36,goods per income unit,1.0,1.0,1.0,1.0,,19.0,-2.953599999999999,,6.92,True,True,False,,False
mpc_joint_gate,m_H,0.8799999999999999,goods per income unit,m_S,0.37,goods per income unit,1.0,1.0,1.0,1.0,,19.0,-2.953599999999999,,6.92,True,True,False,,False
mpc_joint_gate,m_H,0.8799999999999999,goods per income unit,m_S,0.38,goods per income unit,1.0,1.0,1.0,1.0,,19.0,-2.953599999999999,,6.92,True,True,False,,False
mpc_joint_gate,m_H,0.8799999999999999,goods per income unit,m_S,0.39,goods per income unit,1.0,1.0,1.0,1.0,,19.0,-2.953599999999999,,6.92,True,True,False,,False
mpc_joint_gate,m_H,0.8799999999999999,goods per income unit,m_S,0.4,goods per income unit,1.0,1.0,1.0,1.0,,19.0,-2.953599999999999,,6.92,True,True,False,,False
mpc_joint_gate,m_H,0.8799999999999999,goods per income unit,m_S,0.41000000000000003,goods per income unit,1.0,1.0,1.0,1.0,,19.0,-2.953599999999999,,6.92,True,True,False,,False
mpc_joint_gate,m_H,0.8799999999999999,goods per income unit,m_S,0.42000000000000004,goods per income unit,1.0,1.0,1.0,1.0,,19.0,-2.953599999999999,,6.92,True,True,False,,False
mpc_joint_gate,m_H,0.8799999999999999,goods per income unit,m_S,0.43000000000000005,goods per income unit,1.0,1.0,1.0,1.0,,19.0,-2.953599999999999,,6.92,True,True,False,,False
mpc_joint_gate,m_H,0.8799999999999999,goods per income unit,m_S,0.44000000000000006,goods per income unit,1.0,1.0,1.0,1.0,,19.0,-2.953599999999999,,6.92,True,True,False,,False
mpc_joint_gate,m_H,0.8799999999999999,goods per income unit,m_S,0.45000000000000007,goods per income unit,1.0,1.0,1.0,1.0,,19.0,-2.953599999999999,,6.92,True,True,False,,False
mpc_joint_gate,m_H,0.8799999999999999,goods per income unit,m_S,0.45999999999999996,goods per income unit,1.0,1.0,1.0,1.0,,19.0,-2.953599999999999,,6.92,True,True,False,,False
mpc_joint_gate,m_H,0.8799999999999999,goods per income unit,m_S,0.47,goods per income unit,1.0,1.0,1.0,1.0,,19.0,-2.953599999999999,,6.92,True,True,False,,False
mpc_joint_gate,m_H,0.8799999999999999,goods per income unit,m_S,0.48,goods per income unit,1.0,1.0,1.0,1.0,,19.0,-2.953599999999999,,6.92,True,True,False,,False
mpc_joint_gate,m_H,0.8799999999999999,goods per income unit,m_S,0.49,goods per income unit,1.0,1.0,1.0,1.0,,19.0,-2.953599999999999,,6.92,True,True,False,,False
mpc_joint_gate,m_H,0.8799999999999999,goods per income unit,m_S,0.5,goods per income unit,1.0,1.0,1.0,1.0,,19.0,-2.953599999999999,,6.92,True,True,False,,False
mpc_joint_gate,m_H,0.8899999999999999,goods per income unit,m_S,0.1,goods per income unit,1.0,1.0,1.0,1.0,,19.0,-3.040799999999998,,6.92,True,True,False,,False
mpc_joint_gate,m_H,0.8899999999999999,goods per income unit,m_S,0.11,goods per income unit,1.0,1.0,1.0,1.0,,19.0,-3.040799999999998,,6.92,True,True,False,,False
mpc_joint_gate,m_H,0.8899999999999999,goods per income unit,m_S,0.12000000000000001,goods per income unit,1.0,1.0,1.0,1.0,,19.0,-3.040799999999998,,6.92,True,True,False,,False
mpc_joint_gate,m_H,0.8899999999999999,goods per income unit,m_S,0.13,goods per income unit,1.0,1.0,1.0,1.0,,19.0,-3.040799999999998,,6.92,True,True,False,,False
mpc_joint_gate,m_H,0.8899999999999999,goods per income unit,m_S,0.14,goods per income unit,1.0,1.0,1.0,1.0,,19.0,-3.040799999999998,,6.92,True,True,False,,False
mpc_joint_gate,m_H,0.8899999999999999,goods per income unit,m_S,0.15000000000000002,goods per income unit,1.0,1.0,1.0,1.0,,19.0,-3.040799999999998,,6.92,True,True,False,,False
mpc_joint_gate,m_H,0.8899999999999999,goods per income unit,m_S,0.16,goods per income unit,1.0,1.0,1.0,1.0,,19.0,-3.040799999999998,,6.92,True,True,False,,False
mpc_joint_gate,m_H,0.8899999999999999,goods per income unit,m_S,0.17,goods per income unit,1.0,1.0,1.0,1.0,,19.0,-3.040799999999998,,6.92,True,True,False,,False
mpc_joint_gate,m_H,0.8899999999999999,goods per income unit,m_S,0.18,goods per income unit,1.0,1.0,1.0,1.0,,19.0,-3.040799999999998,,6.92,True,True,False,,False
mpc_joint_gate,m_H,0.8899999999999999,goods per income unit,m_S,0.19,goods per income unit,1.0,1.0,1.0,1.0,,19.0,-3.040799999999998,,6.92,True,True,False,,False
mpc_joint_gate,m_H,0.8899999999999999,goods per income unit,m_S,0.2,goods per income unit,1.0,1.0,1.0,1.0,,19.0,-3.040799999999998,,6.92,True,True,False,,False
mpc_joint_gate,m_H,0.8899999999999999,goods per income unit,m_S,0.21000000000000002,goods per income unit,1.0,1.0,1.0,1.0,,19.0,-3.040799999999998,,6.92,True,True,False,,False
mpc_joint_gate,m_H,0.8899999999999999,goods per income unit,m_S,0.22,goods per income unit,1.0,1.0,1.0,1.0,,19.0,-3.040799999999998,,6.92,True,True,False,,False
mpc_joint_gate,m_H,0.8899999999999999,goods per income unit,m_S,0.23,goods per income unit,1.0,1.0,1.0,1.0,,19.0,-3.040799999999998,,6.92,True,True,False,,False
mpc_joint_gate,m_H,0.8899999999999999,goods per income unit,m_S,0.24000000000000002,goods per income unit,1.0,1.0,1.0,1.0,,19.0,-3.040799999999998,,6.92,True,True,False,,False
mpc_joint_gate,m_H,0.8899999999999999,goods per income unit,m_S,0.25,goods per income unit,1.0,1.0,1.0,1.0,,19.0,-3.040799999999998,,6.92,True,True,False,,False
mpc_joint_gate,m_H,0.8899999999999999,goods per income unit,m_S,0.26,goods per income unit,1.0,1.0,1.0,1.0,,19.0,-3.040799999999998,,6.92,True,True,False,,False
mpc_joint_gate,m_H,0.8899999999999999,goods per income unit,m_S,0.27,goods per income unit,1.0,1.0,1.0,1.0,,19.0,-3.040799999999998,,6.92,True,True,False,,False
mpc_joint_gate,m_H,0.8899999999999999,goods per income unit,m_S,0.28,goods per income unit,1.0,1.0,1.0,1.0,,19.0,-3.040799999999998,,6.92,True,True,False,,False
mpc_joint_gate,m_H,0.8899999999999999,goods per income unit,m_S,0.29000000000000004,goods per income unit,1.0,1.0,1.0,1.0,,19.0,-3.040799999999998,,6.92,True,True,False,,False
mpc_joint_gate,m_H,0.8899999999999999,goods per income unit,m_S,0.30000000000000004,goods per income unit,1.0,1.0,1.0,1.0,,19.0,-3.040799999999998,,6.92,True,True,False,,False
mpc_joint_gate,m_H,0.8899999999999999,goods per income unit,m_S,0.31,goods per income unit,1.0,1.0,1.0,1.0,,19.0,-3.040799999999998,,6.92,True,True,False,,False
mpc_joint_gate,m_H,0.8899999999999999,goods per income unit,m_S,0.32,goods per income unit,1.0,1.0,1.0,1.0,,19.0,-3.040799999999998,,6.92,True,True,False,,False
mpc_joint_gate,m_H,0.8899999999999999,goods per income unit,m_S,0.33,goods per income unit,1.0,1.0,1.0,1.0,,19.0,-3.040799999999998,,6.92,True,True,False,,False
mpc_joint_gate,m_H,0.8899999999999999,goods per income unit,m_S,0.33999999999999997,goods per income unit,1.0,1.0,1.0,1.0,,19.0,-3.040799999999998,,6.92,True,True,False,,False
mpc_joint_gate,m_H,0.8899999999999999,goods per income unit,m_S,0.35,goods per income unit,1.0,1.0,1.0,1.0,,19.0,-3.040799999999998,,6.92,True,True,False,,False
mpc_joint_gate,m_H,0.8899999999999999,goods per income unit,m_S,0.36,goods per income unit,1.0,1.0,1.0,1.0,,19.0,-3.040799999999998,,6.92,True,True,False,,False
mpc_joint_gate,m_H,0.8899999999999999,goods per income unit,m_S,0.37,goods per income unit,1.0,1.0,1.0,1.0,,19.0,-3.040799999999998,,6.92,True,True,False,,False
mpc_joint_gate,m_H,0.8899999999999999,goods per income unit,m_S,0.38,goods per income unit,1.0,1.0,1.0,1.0,,19.0,-3.040799999999998,,6.92,True,True,False,,False
mpc_joint_gate,m_H,0.8899999999999999,goods per income unit,m_S,0.39,goods per income unit,1.0,1.0,1.0,1.0,,19.0,-3.040799999999998,,6.92,True,True,False,,False
mpc_joint_gate,m_H,0.8899999999999999,goods per income unit,m_S,0.4,goods per income unit,1.0,1.0,1.0,1.0,,19.0,-3.040799999999998,,6.92,True,True,False,,False
mpc_joint_gate,m_H,0.8899999999999999,goods per income unit,m_S,0.41000000000000003,goods per income unit,1.0,1.0,1.0,1.0,,19.0,-3.040799999999998,,6.92,True,True,False,,False
mpc_joint_gate,m_H,0.8899999999999999,goods per income unit,m_S,0.42000000000000004,goods per income unit,1.0,1.0,1.0,1.0,,19.0,-3.040799999999998,,6.92,True,True,False,,False
mpc_joint_gate,m_H,0.8899999999999999,goods per income unit,m_S,0.43000000000000005,goods per income unit,1.0,1.0,1.0,1.0,,19.0,-3.040799999999998,,6.92,True,True,False,,False
mpc_joint_gate,m_H,0.8899999999999999,goods per income unit,m_S,0.44000000000000006,goods per income unit,1.0,1.0,1.0,1.0,,19.0,-3.040799999999998,,6.92,True,True,False,,False
mpc_joint_gate,m_H,0.8899999999999999,goods per income unit,m_S,0.45000000000000007,goods per income unit,1.0,1.0,1.0,1.0,,19.0,-3.040799999999998,,6.92,True,True,False,,False
mpc_joint_gate,m_H,0.8899999999999999,goods per income unit,m_S,0.45999999999999996,goods per income unit,1.0,1.0,1.0,1.0,,19.0,-3.040799999999998,,6.92,True,True,False,,False
mpc_joint_gate,m_H,0.8899999999999999,goods per income unit,m_S,0.47,goods per income unit,1.0,1.0,1.0,1.0,,19.0,-3.040799999999998,,6.92,True,True,False,,False
mpc_joint_gate,m_H,0.8899999999999999,goods per income unit,m_S,0.48,goods per income unit,1.0,1.0,1.0,1.0,,19.0,-3.040799999999998,,6.92,True,True,False,,False
mpc_joint_gate,m_H,0.8899999999999999,goods per income unit,m_S,0.49,goods per income unit,1.0,1.0,1.0,1.0,,19.0,-3.040799999999998,,6.92,True,True,False,,False
mpc_joint_gate,m_H,0.8899999999999999,goods per income unit,m_S,0.5,goods per income unit,1.0,1.0,1.0,1.0,,19.0,-3.040799999999998,,6.92,True,True,False,,False
mpc_joint_gate,m_H,0.8999999999999999,goods per income unit,m_S,0.1,goods per income unit,1.0,1.0,1.0,1.0,,19.0,-3.128000000000001,,6.92,True,True,False,,False
mpc_joint_gate,m_H,0.8999999999999999,goods per income unit,m_S,0.11,goods per income unit,1.0,1.0,1.0,1.0,,19.0,-3.128000000000001,,6.92,True,True,False,,False
mpc_joint_gate,m_H,0.8999999999999999,goods per income unit,m_S,0.12000000000000001,goods per income unit,1.0,1.0,1.0,1.0,,19.0,-3.128000000000001,,6.92,True,True,False,,False
mpc_joint_gate,m_H,0.8999999999999999,goods per income unit,m_S,0.13,goods per income unit,1.0,1.0,1.0,1.0,,19.0,-3.128000000000001,,6.92,True,True,False,,False
mpc_joint_gate,m_H,0.8999999999999999,goods per income unit,m_S,0.14,goods per income unit,1.0,1.0,1.0,1.0,,19.0,-3.128000000000001,,6.92,True,True,False,,False
mpc_joint_gate,m_H,0.8999999999999999,goods per income unit,m_S,0.15000000000000002,goods per income unit,1.0,1.0,1.0,1.0,,19.0,-3.128000000000001,,6.92,True,True,False,,False
mpc_joint_gate,m_H,0.8999999999999999,goods per income unit,m_S,0.16,goods per income unit,1.0,1.0,1.0,1.0,,19.0,-3.128000000000001,,6.92,True,True,False,,False
mpc_joint_gate,m_H,0.8999999999999999,goods per income unit,m_S,0.17,goods per income unit,1.0,1.0,1.0,1.0,,19.0,-3.128000000000001,,6.92,True,True,False,,False
mpc_joint_gate,m_H,0.8999999999999999,goods per income unit,m_S,0.18,goods per income unit,1.0,1.0,1.0,1.0,,19.0,-3.128000000000001,,6.92,True,True,False,,False
mpc_joint_gate,m_H,0.8999999999999999,goods per income unit,m_S,0.19,goods per income unit,1.0,1.0,1.0,1.0,,19.0,-3.128000000000001,,6.92,True,True,False,,False
mpc_joint_gate,m_H,0.8999999999999999,goods per income unit,m_S,0.2,goods per income unit,1.0,1.0,1.0,1.0,,19.0,-3.128000000000001,,6.92,True,True,False,,False
mpc_joint_gate,m_H,0.8999999999999999,goods per income unit,m_S,0.21000000000000002,goods per income unit,1.0,1.0,1.0,1.0,,19.0,-3.128000000000001,,6.92,True,True,False,,False
mpc_joint_gate,m_H,0.8999999999999999,goods per income unit,m_S,0.22,goods per income unit,1.0,1.0,1.0,1.0,,19.0,-3.128000000000001,,6.92,True,True,False,,False
mpc_joint_gate,m_H,0.8999999999999999,goods per income unit,m_S,0.23,goods per income unit,1.0,1.0,1.0,1.0,,19.0,-3.128000000000001,,6.92,True,True,False,,False
mpc_joint_gate,m_H,0.8999999999999999,goods per income unit,m_S,0.24000000000000002,goods per income unit,1.0,1.0,1.0,1.0,,19.0,-3.128000000000001,,6.92,True,True,False,,False
mpc_joint_gate,m_H,0.8999999999999999,goods per income unit,m_S,0.25,goods per income unit,1.0,1.0,1.0,1.0,,19.0,-3.128000000000001,,6.92,True,True,False,,False
mpc_joint_gate,m_H,0.8999999999999999,goods per income unit,m_S,0.26,goods per income unit,1.0,1.0,1.0,1.0,,19.0,-3.128000000000001,,6.92,True,True,False,,False
mpc_joint_gate,m_H,0.8999999999999999,goods per income unit,m_S,0.27,goods per income unit,1.0,1.0,1.0,1.0,,19.0,-3.128000000000001,,6.92,True,True,False,,False
mpc_joint_gate,m_H,0.8999999999999999,goods per income unit,m_S,0.28,goods per income unit,1.0,1.0,1.0,1.0,,19.0,-3.128000000000001,,6.92,True,True,False,,False
mpc_joint_gate,m_H,0.8999999999999999,goods per income unit,m_S,0.29000000000000004,goods per income unit,1.0,1.0,1.0,1.0,,19.0,-3.128000000000001,,6.92,True,True,False,,False
mpc_joint_gate,m_H,0.8999999999999999,goods per income unit,m_S,0.30000000000000004,goods per income unit,1.0,1.0,1.0,1.0,,19.0,-3.128000000000001,,6.92,True,True,False,,False
mpc_joint_gate,m_H,0.8999999999999999,goods per income unit,m_S,0.31,goods per income unit,1.0,1.0,1.0,1.0,,19.0,-3.128000000000001,,6.92,True,True,False,,False
mpc_joint_gate,m_H,0.8999999999999999,goods per income unit,m_S,0.32,goods per income unit,1.0,1.0,1.0,1.0,,19.0,-3.128000000000001,,6.92,True,True,False,,False
mpc_joint_gate,m_H,0.8999999999999999,goods per income unit,m_S,0.33,goods per income unit,1.0,1.0,1.0,1.0,,19.0,-3.128000000000001,,6.92,True,True,False,,False
mpc_joint_gate,m_H,0.8999999999999999,goods per income unit,m_S,0.33999999999999997,goods per income unit,1.0,1.0,1.0,1.0,,19.0,-3.128000000000001,,6.92,True,True,False,,False
mpc_joint_gate,m_H,0.8999999999999999,goods per income unit,m_S,0.35,goods per income unit,1.0,1.0,1.0,1.0,,19.0,-3.128000000000001,,6.92,True,True,False,,False
mpc_joint_gate,m_H,0.8999999999999999,goods per income unit,m_S,0.36,goods per income unit,1.0,1.0,1.0,1.0,,19.0,-3.128000000000001,,6.92,True,True,False,,False
mpc_joint_gate,m_H,0.8999999999999999,goods per income unit,m_S,0.37,goods per income unit,1.0,1.0,1.0,1.0,,19.0,-3.128000000000001,,6.92,True,True,False,,False
mpc_joint_gate,m_H,0.8999999999999999,goods per income unit,m_S,0.38,goods per income unit,1.0,1.0,1.0,1.0,,19.0,-3.128000000000001,,6.92,True,True,False,,False
mpc_joint_gate,m_H,0.8999999999999999,goods per income unit,m_S,0.39,goods per income unit,1.0,1.0,1.0,1.0,,19.0,-3.128000000000001,,6.92,True,True,False,,False
mpc_joint_gate,m_H,0.8999999999999999,goods per income unit,m_S,0.4,goods per income unit,1.0,1.0,1.0,1.0,,19.0,-3.128000000000001,,6.92,True,True,False,,False
mpc_joint_gate,m_H,0.8999999999999999,goods per income unit,m_S,0.41000000000000003,goods per income unit,1.0,1.0,1.0,1.0,,19.0,-3.128000000000001,,6.92,True,True,False,,False
mpc_joint_gate,m_H,0.8999999999999999,goods per income unit,m_S,0.42000000000000004,goods per income unit,1.0,1.0,1.0,1.0,,19.0,-3.128000000000001,,6.92,True,True,False,,False
mpc_joint_gate,m_H,0.8999999999999999,goods per income unit,m_S,0.43000000000000005,goods per income unit,1.0,1.0,1.0,1.0,,19.0,-3.128000000000001,,6.92,True,True,False,,False
mpc_joint_gate,m_H,0.8999999999999999,goods per income unit,m_S,0.44000000000000006,goods per income unit,1.0,1.0,1.0,1.0,,19.0,-3.128000000000001,,6.92,True,True,False,,False
mpc_joint_gate,m_H,0.8999999999999999,goods per income unit,m_S,0.45000000000000007,goods per income unit,1.0,1.0,1.0,1.0,,19.0,-3.128000000000001,,6.92,True,True,False,,False
mpc_joint_gate,m_H,0.8999999999999999,goods per income unit,m_S,0.45999999999999996,goods per income unit,1.0,1.0,1.0,1.0,,19.0,-3.128000000000001,,6.92,True,True,False,,False
mpc_joint_gate,m_H,0.8999999999999999,goods per income unit,m_S,0.47,goods per income unit,1.0,1.0,1.0,1.0,,19.0,-3.128000000000001,,6.92,True,True,False,,False
mpc_joint_gate,m_H,0.8999999999999999,goods per income unit,m_S,0.48,goods per income unit,1.0,1.0,1.0,1.0,,19.0,-3.128000000000001,,6.92,True,True,False,,False
mpc_joint_gate,m_H,0.8999999999999999,goods per income unit,m_S,0.49,goods per income unit,1.0,1.0,1.0,1.0,,19.0,-3.128000000000001,,6.92,True,True,False,,False
mpc_joint_gate,m_H,0.8999999999999999,goods per income unit,m_S,0.5,goods per income unit,1.0,1.0,1.0,1.0,,19.0,-3.128000000000001,,6.92,True,True,False,,False
mpc_joint_gate,m_H,0.9099999999999999,goods per income unit,m_S,0.1,goods per income unit,1.0,1.0,1.0,1.0,,19.0,-3.2152000000000003,,6.92,True,True,False,,False
mpc_joint_gate,m_H,0.9099999999999999,goods per income unit,m_S,0.11,goods per income unit,1.0,1.0,1.0,1.0,,19.0,-3.2152000000000003,,6.92,True,True,False,,False
mpc_joint_gate,m_H,0.9099999999999999,goods per income unit,m_S,0.12000000000000001,goods per income unit,1.0,1.0,1.0,1.0,,19.0,-3.2152000000000003,,6.92,True,True,False,,False
mpc_joint_gate,m_H,0.9099999999999999,goods per income unit,m_S,0.13,goods per income unit,1.0,1.0,1.0,1.0,,19.0,-3.2152000000000003,,6.92,True,True,False,,False
mpc_joint_gate,m_H,0.9099999999999999,goods per income unit,m_S,0.14,goods per income unit,1.0,1.0,1.0,1.0,,19.0,-3.2152000000000003,,6.92,True,True,False,,False
mpc_joint_gate,m_H,0.9099999999999999,goods per income unit,m_S,0.15000000000000002,goods per income unit,1.0,1.0,1.0,1.0,,19.0,-3.2152000000000003,,6.92,True,True,False,,False
mpc_joint_gate,m_H,0.9099999999999999,goods per income unit,m_S,0.16,goods per income unit,1.0,1.0,1.0,1.0,,19.0,-3.2152000000000003,,6.92,True,True,False,,False
mpc_joint_gate,m_H,0.9099999999999999,goods per income unit,m_S,0.17,goods per income unit,1.0,1.0,1.0,1.0,,19.0,-3.2152000000000003,,6.92,True,True,False,,False
mpc_joint_gate,m_H,0.9099999999999999,goods per income unit,m_S,0.18,goods per income unit,1.0,1.0,1.0,1.0,,19.0,-3.2152000000000003,,6.92,True,True,False,,False
mpc_joint_gate,m_H,0.9099999999999999,goods per income unit,m_S,0.19,goods per income unit,1.0,1.0,1.0,1.0,,19.0,-3.2152000000000003,,6.92,True,True,False,,False
mpc_joint_gate,m_H,0.9099999999999999,goods per income unit,m_S,0.2,goods per income unit,1.0,1.0,1.0,1.0,,19.0,-3.2152000000000003,,6.92,True,True,False,,False
mpc_joint_gate,m_H,0.9099999999999999,goods per income unit,m_S,0.21000000000000002,goods per income unit,1.0,1.0,1.0,1.0,,19.0,-3.2152000000000003,,6.92,True,True,False,,False
mpc_joint_gate,m_H,0.9099999999999999,goods per income unit,m_S,0.22,goods per income unit,1.0,1.0,1.0,1.0,,19.0,-3.2152000000000003,,6.92,True,True,False,,False
mpc_joint_gate,m_H,0.9099999999999999,goods per income unit,m_S,0.23,goods per income unit,1.0,1.0,1.0,1.0,,19.0,-3.2152000000000003,,6.92,True,True,False,,False
mpc_joint_gate,m_H,0.9099999999999999,goods per income unit,m_S,0.24000000000000002,goods per income unit,1.0,1.0,1.0,1.0,,19.0,-3.2152000000000003,,6.92,True,True,False,,False
mpc_joint_gate,m_H,0.9099999999999999,goods per income unit,m_S,0.25,goods per income unit,1.0,1.0,1.0,1.0,,19.0,-3.2152000000000003,,6.92,True,True,False,,False
mpc_joint_gate,m_H,0.9099999999999999,goods per income unit,m_S,0.26,goods per income unit,1.0,1.0,1.0,1.0,,19.0,-3.2152000000000003,,6.92,True,True,False,,False
mpc_joint_gate,m_H,0.9099999999999999,goods per income unit,m_S,0.27,goods per income unit,1.0,1.0,1.0,1.0,,19.0,-3.2152000000000003,,6.92,True,True,False,,False
mpc_joint_gate,m_H,0.9099999999999999,goods per income unit,m_S,0.28,goods per income unit,1.0,1.0,1.0,1.0,,19.0,-3.2152000000000003,,6.92,True,True,False,,False
mpc_joint_gate,m_H,0.9099999999999999,goods per income unit,m_S,0.29000000000000004,goods per income unit,1.0,1.0,1.0,1.0,,19.0,-3.2152000000000003,,6.92,True,True,False,,False
mpc_joint_gate,m_H,0.9099999999999999,goods per income unit,m_S,0.30000000000000004,goods per income unit,1.0,1.0,1.0,1.0,,19.0,-3.2152000000000003,,6.92,True,True,False,,False
mpc_joint_gate,m_H,0.9099999999999999,goods per income unit,m_S,0.31,goods per income unit,1.0,1.0,1.0,1.0,,19.0,-3.2152000000000003,,6.92,True,True,False,,False
mpc_joint_gate,m_H,0.9099999999999999,goods per income unit,m_S,0.32,goods per income unit,1.0,1.0,1.0,1.0,,19.0,-3.2152000000000003,,6.92,True,True,False,,False
mpc_joint_gate,m_H,0.9099999999999999,goods per income unit,m_S,0.33,goods per income unit,1.0,1.0,1.0,1.0,,19.0,-3.2152000000000003,,6.92,True,True,False,,False
mpc_joint_gate,m_H,0.9099999999999999,goods per income unit,m_S,0.33999999999999997,goods per income unit,1.0,1.0,1.0,1.0,,19.0,-3.2152000000000003,,6.92,True,True,False,,False
mpc_joint_gate,m_H,0.9099999999999999,goods per income unit,m_S,0.35,goods per income unit,1.0,1.0,1.0,1.0,,19.0,-3.2152000000000003,,6.92,True,True,False,,False
mpc_joint_gate,m_H,0.9099999999999999,goods per income unit,m_S,0.36,goods per income unit,1.0,1.0,1.0,1.0,,19.0,-3.2152000000000003,,6.92,True,True,False,,False
mpc_joint_gate,m_H,0.9099999999999999,goods per income unit,m_S,0.37,goods per income unit,1.0,1.0,1.0,1.0,,19.0,-3.2152000000000003,,6.92,True,True,False,,False
mpc_joint_gate,m_H,0.9099999999999999,goods per income unit,m_S,0.38,goods per income unit,1.0,1.0,1.0,1.0,,19.0,-3.2152000000000003,,6.92,True,True,False,,False
mpc_joint_gate,m_H,0.9099999999999999,goods per income unit,m_S,0.39,goods per income unit,1.0,1.0,1.0,1.0,,19.0,-3.2152000000000003,,6.92,True,True,False,,False
mpc_joint_gate,m_H,0.9099999999999999,goods per income unit,m_S,0.4,goods per income unit,1.0,1.0,1.0,1.0,,19.0,-3.2152000000000003,,6.92,True,True,False,,False
mpc_joint_gate,m_H,0.9099999999999999,goods per income unit,m_S,0.41000000000000003,goods per income unit,1.0,1.0,1.0,1.0,,19.0,-3.2152000000000003,,6.92,True,True,False,,False
mpc_joint_gate,m_H,0.9099999999999999,goods per income unit,m_S,0.42000000000000004,goods per income unit,1.0,1.0,1.0,1.0,,19.0,-3.2152000000000003,,6.92,True,True,False,,False
mpc_joint_gate,m_H,0.9099999999999999,goods per income unit,m_S,0.43000000000000005,goods per income unit,1.0,1.0,1.0,1.0,,19.0,-3.2152000000000003,,6.92,True,True,False,,False
mpc_joint_gate,m_H,0.9099999999999999,goods per income unit,m_S,0.44000000000000006,goods per income unit,1.0,1.0,1.0,1.0,,19.0,-3.2152000000000003,,6.92,True,True,False,,False
mpc_joint_gate,m_H,0.9099999999999999,goods per income unit,m_S,0.45000000000000007,goods per income unit,1.0,1.0,1.0,1.0,,19.0,-3.2152000000000003,,6.92,True,True,False,,False
mpc_joint_gate,m_H,0.9099999999999999,goods per income unit,m_S,0.45999999999999996,goods per income unit,1.0,1.0,1.0,1.0,,19.0,-3.2152000000000003,,6.92,True,True,False,,False
mpc_joint_gate,m_H,0.9099999999999999,goods per income unit,m_S,0.47,goods per income unit,1.0,1.0,1.0,1.0,,19.0,-3.2152000000000003,,6.92,True,True,False,,False
mpc_joint_gate,m_H,0.9099999999999999,goods per income unit,m_S,0.48,goods per income unit,1.0,1.0,1.0,1.0,,19.0,-3.2152000000000003,,6.92,True,True,False,,False
mpc_joint_gate,m_H,0.9099999999999999,goods per income unit,m_S,0.49,goods per income unit,1.0,1.0,1.0,1.0,,19.0,-3.2152000000000003,,6.92,True,True,False,,False
mpc_joint_gate,m_H,0.9099999999999999,goods per income unit,m_S,0.5,goods per income unit,1.0,1.0,1.0,1.0,,19.0,-3.2152000000000003,,6.92,True,True,False,,False
mpc_joint_gate,m_H,0.9199999999999999,goods per income unit,m_S,0.1,goods per income unit,1.0,1.0,1.0,1.0,,19.0,-3.302399999999998,,6.92,True,True,False,,False
mpc_joint_gate,m_H,0.9199999999999999,goods per income unit,m_S,0.11,goods per income unit,1.0,1.0,1.0,1.0,,19.0,-3.302399999999998,,6.92,True,True,False,,False
mpc_joint_gate,m_H,0.9199999999999999,goods per income unit,m_S,0.12000000000000001,goods per income unit,1.0,1.0,1.0,1.0,,19.0,-3.302399999999998,,6.92,True,True,False,,False
mpc_joint_gate,m_H,0.9199999999999999,goods per income unit,m_S,0.13,goods per income unit,1.0,1.0,1.0,1.0,,19.0,-3.302399999999998,,6.92,True,True,False,,False
mpc_joint_gate,m_H,0.9199999999999999,goods per income unit,m_S,0.14,goods per income unit,1.0,1.0,1.0,1.0,,19.0,-3.302399999999998,,6.92,True,True,False,,False
mpc_joint_gate,m_H,0.9199999999999999,goods per income unit,m_S,0.15000000000000002,goods per income unit,1.0,1.0,1.0,1.0,,19.0,-3.302399999999998,,6.92,True,True,False,,False
mpc_joint_gate,m_H,0.9199999999999999,goods per income unit,m_S,0.16,goods per income unit,1.0,1.0,1.0,1.0,,19.0,-3.302399999999998,,6.92,True,True,False,,False
mpc_joint_gate,m_H,0.9199999999999999,goods per income unit,m_S,0.17,goods per income unit,1.0,1.0,1.0,1.0,,19.0,-3.302399999999998,,6.92,True,True,False,,False
mpc_joint_gate,m_H,0.9199999999999999,goods per income unit,m_S,0.18,goods per income unit,1.0,1.0,1.0,1.0,,19.0,-3.302399999999998,,6.92,True,True,False,,False
mpc_joint_gate,m_H,0.9199999999999999,goods per income unit,m_S,0.19,goods per income unit,1.0,1.0,1.0,1.0,,19.0,-3.302399999999998,,6.92,True,True,False,,False
mpc_joint_gate,m_H,0.9199999999999999,goods per income unit,m_S,0.2,goods per income unit,1.0,1.0,1.0,1.0,,19.0,-3.302399999999998,,6.92,True,True,False,,False
mpc_joint_gate,m_H,0.9199999999999999,goods per income unit,m_S,0.21000000000000002,goods per income unit,1.0,1.0,1.0,1.0,,19.0,-3.302399999999998,,6.92,True,True,False,,False
mpc_joint_gate,m_H,0.9199999999999999,goods per income unit,m_S,0.22,goods per income unit,1.0,1.0,1.0,1.0,,19.0,-3.302399999999998,,6.92,True,True,False,,False
mpc_joint_gate,m_H,0.9199999999999999,goods per income unit,m_S,0.23,goods per income unit,1.0,1.0,1.0,1.0,,19.0,-3.302399999999998,,6.92,True,True,False,,False
mpc_joint_gate,m_H,0.9199999999999999,goods per income unit,m_S,0.24000000000000002,goods per income unit,1.0,1.0,1.0,1.0,,19.0,-3.302399999999998,,6.92,True,True,False,,False
mpc_joint_gate,m_H,0.9199999999999999,goods per income unit,m_S,0.25,goods per income unit,1.0,1.0,1.0,1.0,,19.0,-3.302399999999998,,6.92,True,True,False,,False
mpc_joint_gate,m_H,0.9199999999999999,goods per income unit,m_S,0.26,goods per income unit,1.0,1.0,1.0,1.0,,19.0,-3.302399999999998,,6.92,True,True,False,,False
mpc_joint_gate,m_H,0.9199999999999999,goods per income unit,m_S,0.27,goods per income unit,1.0,1.0,1.0,1.0,,19.0,-3.302399999999998,,6.92,True,True,False,,False
mpc_joint_gate,m_H,0.9199999999999999,goods per income unit,m_S,0.28,goods per income unit,1.0,1.0,1.0,1.0,,19.0,-3.302399999999998,,6.92,True,True,False,,False
mpc_joint_gate,m_H,0.9199999999999999,goods per income unit,m_S,0.29000000000000004,goods per income unit,1.0,1.0,1.0,1.0,,19.0,-3.302399999999998,,6.92,True,True,False,,False
mpc_joint_gate,m_H,0.9199999999999999,goods per income unit,m_S,0.30000000000000004,goods per income unit,1.0,1.0,1.0,1.0,,19.0,-3.302399999999998,,6.92,True,True,False,,False
mpc_joint_gate,m_H,0.9199999999999999,goods per income unit,m_S,0.31,goods per income unit,1.0,1.0,1.0,1.0,,19.0,-3.302399999999998,,6.92,True,True,False,,False
mpc_joint_gate,m_H,0.9199999999999999,goods per income unit,m_S,0.32,goods per income unit,1.0,1.0,1.0,1.0,,19.0,-3.302399999999998,,6.92,True,True,False,,False
mpc_joint_gate,m_H,0.9199999999999999,goods per income unit,m_S,0.33,goods per income unit,1.0,1.0,1.0,1.0,,19.0,-3.302399999999998,,6.92,True,True,False,,False
mpc_joint_gate,m_H,0.9199999999999999,goods per income unit,m_S,0.33999999999999997,goods per income unit,1.0,1.0,1.0,1.0,,19.0,-3.302399999999998,,6.92,True,True,False,,False
mpc_joint_gate,m_H,0.9199999999999999,goods per income unit,m_S,0.35,goods per income unit,1.0,1.0,1.0,1.0,,19.0,-3.302399999999998,,6.92,True,True,False,,False
mpc_joint_gate,m_H,0.9199999999999999,goods per income unit,m_S,0.36,goods per income unit,1.0,1.0,1.0,1.0,,19.0,-3.302399999999998,,6.92,True,True,False,,False
mpc_joint_gate,m_H,0.9199999999999999,goods per income unit,m_S,0.37,goods per income unit,1.0,1.0,1.0,1.0,,19.0,-3.302399999999998,,6.92,True,True,False,,False
mpc_joint_gate,m_H,0.9199999999999999,goods per income unit,m_S,0.38,goods per income unit,1.0,1.0,1.0,1.0,,19.0,-3.302399999999998,,6.92,True,True,False,,False
mpc_joint_gate,m_H,0.9199999999999999,goods per income unit,m_S,0.39,goods per income unit,1.0,1.0,1.0,1.0,,19.0,-3.302399999999998,,6.92,True,True,False,,False
mpc_joint_gate,m_H,0.9199999999999999,goods per income unit,m_S,0.4,goods per income unit,1.0,1.0,1.0,1.0,,19.0,-3.302399999999998,,6.92,True,True,False,,False
mpc_joint_gate,m_H,0.9199999999999999,goods per income unit,m_S,0.41000000000000003,goods per income unit,1.0,1.0,1.0,1.0,,19.0,-3.302399999999998,,6.92,True,True,False,,False
mpc_joint_gate,m_H,0.9199999999999999,goods per income unit,m_S,0.42000000000000004,goods per income unit,1.0,1.0,1.0,1.0,,19.0,-3.302399999999998,,6.92,True,True,False,,False
mpc_joint_gate,m_H,0.9199999999999999,goods per income unit,m_S,0.43000000000000005,goods per income unit,1.0,1.0,1.0,1.0,,19.0,-3.302399999999998,,6.92,True,True,False,,False
mpc_joint_gate,m_H,0.9199999999999999,goods per income unit,m_S,0.44000000000000006,goods per income unit,1.0,1.0,1.0,1.0,,19.0,-3.302399999999998,,6.92,True,True,False,,False
mpc_joint_gate,m_H,0.9199999999999999,goods per income unit,m_S,0.45000000000000007,goods per income unit,1.0,1.0,1.0,1.0,,19.0,-3.302399999999998,,6.92,True,True,False,,False
mpc_joint_gate,m_H,0.9199999999999999,goods per income unit,m_S,0.45999999999999996,goods per income unit,1.0,1.0,1.0,1.0,,19.0,-3.302399999999998,,6.92,True,True,False,,False
mpc_joint_gate,m_H,0.9199999999999999,goods per income unit,m_S,0.47,goods per income unit,1.0,1.0,1.0,1.0,,19.0,-3.302399999999998,,6.92,True,True,False,,False
mpc_joint_gate,m_H,0.9199999999999999,goods per income unit,m_S,0.48,goods per income unit,1.0,1.0,1.0,1.0,,19.0,-3.302399999999998,,6.92,True,True,False,,False
mpc_joint_gate,m_H,0.9199999999999999,goods per income unit,m_S,0.49,goods per income unit,1.0,1.0,1.0,1.0,,19.0,-3.302399999999998,,6.92,True,True,False,,False
mpc_joint_gate,m_H,0.9199999999999999,goods per income unit,m_S,0.5,goods per income unit,1.0,1.0,1.0,1.0,,19.0,-3.302399999999998,,6.92,True,True,False,,False
mpc_joint_gate,m_H,0.9299999999999999,goods per income unit,m_S,0.1,goods per income unit,1.0,1.0,1.0,1.0,,19.0,-3.389599999999997,,6.92,True,True,False,,False
mpc_joint_gate,m_H,0.9299999999999999,goods per income unit,m_S,0.11,goods per income unit,1.0,1.0,1.0,1.0,,19.0,-3.389599999999997,,6.92,True,True,False,,False
mpc_joint_gate,m_H,0.9299999999999999,goods per income unit,m_S,0.12000000000000001,goods per income unit,1.0,1.0,1.0,1.0,,19.0,-3.389599999999997,,6.92,True,True,False,,False
mpc_joint_gate,m_H,0.9299999999999999,goods per income unit,m_S,0.13,goods per income unit,1.0,1.0,1.0,1.0,,19.0,-3.389599999999997,,6.92,True,True,False,,False
mpc_joint_gate,m_H,0.9299999999999999,goods per income unit,m_S,0.14,goods per income unit,1.0,1.0,1.0,1.0,,19.0,-3.389599999999997,,6.92,True,True,False,,False
mpc_joint_gate,m_H,0.9299999999999999,goods per income unit,m_S,0.15000000000000002,goods per income unit,1.0,1.0,1.0,1.0,,19.0,-3.389599999999997,,6.92,True,True,False,,False
mpc_joint_gate,m_H,0.9299999999999999,goods per income unit,m_S,0.16,goods per income unit,1.0,1.0,1.0,1.0,,19.0,-3.389599999999997,,6.92,True,True,False,,False
mpc_joint_gate,m_H,0.9299999999999999,goods per income unit,m_S,0.17,goods per income unit,1.0,1.0,1.0,1.0,,19.0,-3.389599999999997,,6.92,True,True,False,,False
mpc_joint_gate,m_H,0.9299999999999999,goods per income unit,m_S,0.18,goods per income unit,1.0,1.0,1.0,1.0,,19.0,-3.389599999999997,,6.92,True,True,False,,False
mpc_joint_gate,m_H,0.9299999999999999,goods per income unit,m_S,0.19,goods per income unit,1.0,1.0,1.0,1.0,,19.0,-3.389599999999997,,6.92,True,True,False,,False
mpc_joint_gate,m_H,0.9299999999999999,goods per income unit,m_S,0.2,goods per income unit,1.0,1.0,1.0,1.0,,19.0,-3.389599999999997,,6.92,True,True,False,,False
mpc_joint_gate,m_H,0.9299999999999999,goods per income unit,m_S,0.21000000000000002,goods per income unit,1.0,1.0,1.0,1.0,,19.0,-3.389599999999997,,6.92,True,True,False,,False
mpc_joint_gate,m_H,0.9299999999999999,goods per income unit,m_S,0.22,goods per income unit,1.0,1.0,1.0,1.0,,19.0,-3.389599999999997,,6.92,True,True,False,,False
mpc_joint_gate,m_H,0.9299999999999999,goods per income unit,m_S,0.23,goods per income unit,1.0,1.0,1.0,1.0,,19.0,-3.389599999999997,,6.92,True,True,False,,False
mpc_joint_gate,m_H,0.9299999999999999,goods per income unit,m_S,0.24000000000000002,goods per income unit,1.0,1.0,1.0,1.0,,19.0,-3.389599999999997,,6.92,True,True,False,,False
mpc_joint_gate,m_H,0.9299999999999999,goods per income unit,m_S,0.25,goods per income unit,1.0,1.0,1.0,1.0,,19.0,-3.389599999999997,,6.92,True,True,False,,False
mpc_joint_gate,m_H,0.9299999999999999,goods per income unit,m_S,0.26,goods per income unit,1.0,1.0,1.0,1.0,,19.0,-3.389599999999997,,6.92,True,True,False,,False
mpc_joint_gate,m_H,0.9299999999999999,goods per income unit,m_S,0.27,goods per income unit,1.0,1.0,1.0,1.0,,19.0,-3.389599999999997,,6.92,True,True,False,,False
mpc_joint_gate,m_H,0.9299999999999999,goods per income unit,m_S,0.28,goods per income unit,1.0,1.0,1.0,1.0,,19.0,-3.389599999999997,,6.92,True,True,False,,False
mpc_joint_gate,m_H,0.9299999999999999,goods per income unit,m_S,0.29000000000000004,goods per income unit,1.0,1.0,1.0,1.0,,19.0,-3.389599999999997,,6.92,True,True,False,,False
mpc_joint_gate,m_H,0.9299999999999999,goods per income unit,m_S,0.30000000000000004,goods per income unit,1.0,1.0,1.0,1.0,,19.0,-3.389599999999997,,6.92,True,True,False,,False
mpc_joint_gate,m_H,0.9299999999999999,goods per income unit,m_S,0.31,goods per income unit,1.0,1.0,1.0,1.0,,19.0,-3.389599999999997,,6.92,True,True,False,,False
mpc_joint_gate,m_H,0.9299999999999999,goods per income unit,m_S,0.32,goods per income unit,1.0,1.0,1.0,1.0,,19.0,-3.389599999999997,,6.92,True,True,False,,False
mpc_joint_gate,m_H,0.9299999999999999,goods per income unit,m_S,0.33,goods per income unit,1.0,1.0,1.0,1.0,,19.0,-3.389599999999997,,6.92,True,True,False,,False
mpc_joint_gate,m_H,0.9299999999999999,goods per income unit,m_S,0.33999999999999997,goods per income unit,1.0,1.0,1.0,1.0,,19.0,-3.389599999999997,,6.92,True,True,False,,False
mpc_joint_gate,m_H,0.9299999999999999,goods per income unit,m_S,0.35,goods per income unit,1.0,1.0,1.0,1.0,,19.0,-3.389599999999997,,6.92,True,True,False,,False
mpc_joint_gate,m_H,0.9299999999999999,goods per income unit,m_S,0.36,goods per income unit,1.0,1.0,1.0,1.0,,19.0,-3.389599999999997,,6.92,True,True,False,,False
mpc_joint_gate,m_H,0.9299999999999999,goods per income unit,m_S,0.37,goods per income unit,1.0,1.0,1.0,1.0,,19.0,-3.389599999999997,,6.92,True,True,False,,False
mpc_joint_gate,m_H,0.9299999999999999,goods per income unit,m_S,0.38,goods per income unit,1.0,1.0,1.0,1.0,,19.0,-3.389599999999997,,6.92,True,True,False,,False
mpc_joint_gate,m_H,0.9299999999999999,goods per income unit,m_S,0.39,goods per income unit,1.0,1.0,1.0,1.0,,19.0,-3.389599999999997,,6.92,True,True,False,,False
mpc_joint_gate,m_H,0.9299999999999999,goods per income unit,m_S,0.4,goods per income unit,1.0,1.0,1.0,1.0,,19.0,-3.389599999999997,,6.92,True,True,False,,False
mpc_joint_gate,m_H,0.9299999999999999,goods per income unit,m_S,0.41000000000000003,goods per income unit,1.0,1.0,1.0,1.0,,19.0,-3.389599999999997,,6.92,True,True,False,,False
mpc_joint_gate,m_H,0.9299999999999999,goods per income unit,m_S,0.42000000000000004,goods per income unit,1.0,1.0,1.0,1.0,,19.0,-3.389599999999997,,6.92,True,True,False,,False
mpc_joint_gate,m_H,0.9299999999999999,goods per income unit,m_S,0.43000000000000005,goods per income unit,1.0,1.0,1.0,1.0,,19.0,-3.389599999999997,,6.92,True,True,False,,False
mpc_joint_gate,m_H,0.9299999999999999,goods per income unit,m_S,0.44000000000000006,goods per income unit,1.0,1.0,1.0,1.0,,19.0,-3.389599999999997,,6.92,True,True,False,,False
mpc_joint_gate,m_H,0.9299999999999999,goods per income unit,m_S,0.45000000000000007,goods per income unit,1.0,1.0,1.0,1.0,,19.0,-3.389599999999997,,6.92,True,True,False,,False
mpc_joint_gate,m_H,0.9299999999999999,goods per income unit,m_S,0.45999999999999996,goods per income unit,1.0,1.0,1.0,1.0,,19.0,-3.389599999999997,,6.92,True,True,False,,False
mpc_joint_gate,m_H,0.9299999999999999,goods per income unit,m_S,0.47,goods per income unit,1.0,1.0,1.0,1.0,,19.0,-3.389599999999997,,6.92,True,True,False,,False
mpc_joint_gate,m_H,0.9299999999999999,goods per income unit,m_S,0.48,goods per income unit,1.0,1.0,1.0,1.0,,19.0,-3.389599999999997,,6.92,True,True,False,,False
mpc_joint_gate,m_H,0.9299999999999999,goods per income unit,m_S,0.49,goods per income unit,1.0,1.0,1.0,1.0,,19.0,-3.389599999999997,,6.92,True,True,False,,False
mpc_joint_gate,m_H,0.9299999999999999,goods per income unit,m_S,0.5,goods per income unit,1.0,1.0,1.0,1.0,,19.0,-3.389599999999997,,6.92,True,True,False,,False
mpc_joint_gate,m_H,0.94,goods per income unit,m_S,0.1,goods per income unit,1.0,1.0,1.0,1.0,,19.0,-3.4767999999999963,,6.92,True,True,False,,False
mpc_joint_gate,m_H,0.94,goods per income unit,m_S,0.11,goods per income unit,1.0,1.0,1.0,1.0,,19.0,-3.4767999999999963,,6.92,True,True,False,,False
mpc_joint_gate,m_H,0.94,goods per income unit,m_S,0.12000000000000001,goods per income unit,1.0,1.0,1.0,1.0,,19.0,-3.4767999999999963,,6.92,True,True,False,,False
mpc_joint_gate,m_H,0.94,goods per income unit,m_S,0.13,goods per income unit,1.0,1.0,1.0,1.0,,19.0,-3.4767999999999963,,6.92,True,True,False,,False
mpc_joint_gate,m_H,0.94,goods per income unit,m_S,0.14,goods per income unit,1.0,1.0,1.0,1.0,,19.0,-3.4767999999999963,,6.92,True,True,False,,False
mpc_joint_gate,m_H,0.94,goods per income unit,m_S,0.15000000000000002,goods per income unit,1.0,1.0,1.0,1.0,,19.0,-3.4767999999999963,,6.92,True,True,False,,False
mpc_joint_gate,m_H,0.94,goods per income unit,m_S,0.16,goods per income unit,1.0,1.0,1.0,1.0,,19.0,-3.4767999999999963,,6.92,True,True,False,,False
mpc_joint_gate,m_H,0.94,goods per income unit,m_S,0.17,goods per income unit,1.0,1.0,1.0,1.0,,19.0,-3.4767999999999963,,6.92,True,True,False,,False
mpc_joint_gate,m_H,0.94,goods per income unit,m_S,0.18,goods per income unit,1.0,1.0,1.0,1.0,,19.0,-3.4767999999999963,,6.92,True,True,False,,False
mpc_joint_gate,m_H,0.94,goods per income unit,m_S,0.19,goods per income unit,1.0,1.0,1.0,1.0,,19.0,-3.4767999999999963,,6.92,True,True,False,,False
mpc_joint_gate,m_H,0.94,goods per income unit,m_S,0.2,goods per income unit,1.0,1.0,1.0,1.0,,19.0,-3.4767999999999963,,6.92,True,True,False,,False
mpc_joint_gate,m_H,0.94,goods per income unit,m_S,0.21000000000000002,goods per income unit,1.0,1.0,1.0,1.0,,19.0,-3.4767999999999963,,6.92,True,True,False,,False
mpc_joint_gate,m_H,0.94,goods per income unit,m_S,0.22,goods per income unit,1.0,1.0,1.0,1.0,,19.0,-3.4767999999999963,,6.92,True,True,False,,False
mpc_joint_gate,m_H,0.94,goods per income unit,m_S,0.23,goods per income unit,1.0,1.0,1.0,1.0,,19.0,-3.4767999999999963,,6.92,True,True,False,,False
mpc_joint_gate,m_H,0.94,goods per income unit,m_S,0.24000000000000002,goods per income unit,1.0,1.0,1.0,1.0,,19.0,-3.4767999999999963,,6.92,True,True,False,,False
mpc_joint_gate,m_H,0.94,goods per income unit,m_S,0.25,goods per income unit,1.0,1.0,1.0,1.0,,19.0,-3.4767999999999963,,6.92,True,True,False,,False
mpc_joint_gate,m_H,0.94,goods per income unit,m_S,0.26,goods per income unit,1.0,1.0,1.0,1.0,,19.0,-3.4767999999999963,,6.92,True,True,False,,False
mpc_joint_gate,m_H,0.94,goods per income unit,m_S,0.27,goods per income unit,1.0,1.0,1.0,1.0,,19.0,-3.4767999999999963,,6.92,True,True,False,,False
mpc_joint_gate,m_H,0.94,goods per income unit,m_S,0.28,goods per income unit,1.0,1.0,1.0,1.0,,19.0,-3.4767999999999963,,6.92,True,True,False,,False
mpc_joint_gate,m_H,0.94,goods per income unit,m_S,0.29000000000000004,goods per income unit,1.0,1.0,1.0,1.0,,19.0,-3.4767999999999963,,6.92,True,True,False,,False
mpc_joint_gate,m_H,0.94,goods per income unit,m_S,0.30000000000000004,goods per income unit,1.0,1.0,1.0,1.0,,19.0,-3.4767999999999963,,6.92,True,True,False,,False
mpc_joint_gate,m_H,0.94,goods per income unit,m_S,0.31,goods per income unit,1.0,1.0,1.0,1.0,,19.0,-3.4767999999999963,,6.92,True,True,False,,False
mpc_joint_gate,m_H,0.94,goods per income unit,m_S,0.32,goods per income unit,1.0,1.0,1.0,1.0,,19.0,-3.4767999999999963,,6.92,True,True,False,,False
mpc_joint_gate,m_H,0.94,goods per income unit,m_S,0.33,goods per income unit,1.0,1.0,1.0,1.0,,19.0,-3.4767999999999963,,6.92,True,True,False,,False
mpc_joint_gate,m_H,0.94,goods per income unit,m_S,0.33999999999999997,goods per income unit,1.0,1.0,1.0,1.0,,19.0,-3.4767999999999963,,6.92,True,True,False,,False
mpc_joint_gate,m_H,0.94,goods per income unit,m_S,0.35,goods per income unit,1.0,1.0,1.0,1.0,,19.0,-3.4767999999999963,,6.92,True,True,False,,False
mpc_joint_gate,m_H,0.94,goods per income unit,m_S,0.36,goods per income unit,1.0,1.0,1.0,1.0,,19.0,-3.4767999999999963,,6.92,True,True,False,,False
mpc_joint_gate,m_H,0.94,goods per income unit,m_S,0.37,goods per income unit,1.0,1.0,1.0,1.0,,19.0,-3.4767999999999963,,6.92,True,True,False,,False
mpc_joint_gate,m_H,0.94,goods per income unit,m_S,0.38,goods per income unit,1.0,1.0,1.0,1.0,,19.0,-3.4767999999999963,,6.92,True,True,False,,False
mpc_joint_gate,m_H,0.94,goods per income unit,m_S,0.39,goods per income unit,1.0,1.0,1.0,1.0,,19.0,-3.4767999999999963,,6.92,True,True,False,,False
mpc_joint_gate,m_H,0.94,goods per income unit,m_S,0.4,goods per income unit,1.0,1.0,1.0,1.0,,19.0,-3.4767999999999963,,6.92,True,True,False,,False
mpc_joint_gate,m_H,0.94,goods per income unit,m_S,0.41000000000000003,goods per income unit,1.0,1.0,1.0,1.0,,19.0,-3.4767999999999963,,6.92,True,True,False,,False
mpc_joint_gate,m_H,0.94,goods per income unit,m_S,0.42000000000000004,goods per income unit,1.0,1.0,1.0,1.0,,19.0,-3.4767999999999963,,6.92,True,True,False,,False
mpc_joint_gate,m_H,0.94,goods per income unit,m_S,0.43000000000000005,goods per income unit,1.0,1.0,1.0,1.0,,19.0,-3.4767999999999963,,6.92,True,True,False,,False
mpc_joint_gate,m_H,0.94,goods per income unit,m_S,0.44000000000000006,goods per income unit,1.0,1.0,1.0,1.0,,19.0,-3.4767999999999963,,6.92,True,True,False,,False
mpc_joint_gate,m_H,0.94,goods per income unit,m_S,0.45000000000000007,goods per income unit,1.0,1.0,1.0,1.0,,19.0,-3.4767999999999963,,6.92,True,True,False,,False
mpc_joint_gate,m_H,0.94,goods per income unit,m_S,0.45999999999999996,goods per income unit,1.0,1.0,1.0,1.0,,19.0,-3.4767999999999963,,6.92,True,True,False,,False
mpc_joint_gate,m_H,0.94,goods per income unit,m_S,0.47,goods per income unit,1.0,1.0,1.0,1.0,,19.0,-3.4767999999999963,,6.92,True,True,False,,False
mpc_joint_gate,m_H,0.94,goods per income unit,m_S,0.48,goods per income unit,1.0,1.0,1.0,1.0,,19.0,-3.4767999999999963,,6.92,True,True,False,,False
mpc_joint_gate,m_H,0.94,goods per income unit,m_S,0.49,goods per income unit,1.0,1.0,1.0,1.0,,19.0,-3.4767999999999963,,6.92,True,True,False,,False
mpc_joint_gate,m_H,0.94,goods per income unit,m_S,0.5,goods per income unit,1.0,1.0,1.0,1.0,,19.0,-3.4767999999999963,,6.92,True,True,False,,False
mpc_joint_gate,m_H,0.95,goods per income unit,m_S,0.1,goods per income unit,1.0,1.0,1.0,1.0,,19.0,-3.563999999999999,,6.92,True,True,False,,False
mpc_joint_gate,m_H,0.95,goods per income unit,m_S,0.11,goods per income unit,1.0,1.0,1.0,1.0,,19.0,-3.563999999999999,,6.92,True,True,False,,False
mpc_joint_gate,m_H,0.95,goods per income unit,m_S,0.12000000000000001,goods per income unit,1.0,1.0,1.0,1.0,,19.0,-3.563999999999999,,6.92,True,True,False,,False
mpc_joint_gate,m_H,0.95,goods per income unit,m_S,0.13,goods per income unit,1.0,1.0,1.0,1.0,,19.0,-3.563999999999999,,6.92,True,True,False,,False
mpc_joint_gate,m_H,0.95,goods per income unit,m_S,0.14,goods per income unit,1.0,1.0,1.0,1.0,,19.0,-3.563999999999999,,6.92,True,True,False,,False
mpc_joint_gate,m_H,0.95,goods per income unit,m_S,0.15000000000000002,goods per income unit,1.0,1.0,1.0,1.0,,19.0,-3.563999999999999,,6.92,True,True,False,,False
mpc_joint_gate,m_H,0.95,goods per income unit,m_S,0.16,goods per income unit,1.0,1.0,1.0,1.0,,19.0,-3.563999999999999,,6.92,True,True,False,,False
mpc_joint_gate,m_H,0.95,goods per income unit,m_S,0.17,goods per income unit,1.0,1.0,1.0,1.0,,19.0,-3.563999999999999,,6.92,True,True,False,,False
mpc_joint_gate,m_H,0.95,goods per income unit,m_S,0.18,goods per income unit,1.0,1.0,1.0,1.0,,19.0,-3.563999999999999,,6.92,True,True,False,,False
mpc_joint_gate,m_H,0.95,goods per income unit,m_S,0.19,goods per income unit,1.0,1.0,1.0,1.0,,19.0,-3.563999999999999,,6.92,True,True,False,,False
mpc_joint_gate,m_H,0.95,goods per income unit,m_S,0.2,goods per income unit,1.0,1.0,1.0,1.0,,19.0,-3.563999999999999,,6.92,True,True,False,,False
mpc_joint_gate,m_H,0.95,goods per income unit,m_S,0.21000000000000002,goods per income unit,1.0,1.0,1.0,1.0,,19.0,-3.563999999999999,,6.92,True,True,False,,False
mpc_joint_gate,m_H,0.95,goods per income unit,m_S,0.22,goods per income unit,1.0,1.0,1.0,1.0,,19.0,-3.563999999999999,,6.92,True,True,False,,False
mpc_joint_gate,m_H,0.95,goods per income unit,m_S,0.23,goods per income unit,1.0,1.0,1.0,1.0,,19.0,-3.563999999999999,,6.92,True,True,False,,False
mpc_joint_gate,m_H,0.95,goods per income unit,m_S,0.24000000000000002,goods per income unit,1.0,1.0,1.0,1.0,,19.0,-3.563999999999999,,6.92,True,True,False,,False
mpc_joint_gate,m_H,0.95,goods per income unit,m_S,0.25,goods per income unit,1.0,1.0,1.0,1.0,,19.0,-3.563999999999999,,6.92,True,True,False,,False
mpc_joint_gate,m_H,0.95,goods per income unit,m_S,0.26,goods per income unit,1.0,1.0,1.0,1.0,,19.0,-3.563999999999999,,6.92,True,True,False,,False
mpc_joint_gate,m_H,0.95,goods per income unit,m_S,0.27,goods per income unit,1.0,1.0,1.0,1.0,,19.0,-3.563999999999999,,6.92,True,True,False,,False
mpc_joint_gate,m_H,0.95,goods per income unit,m_S,0.28,goods per income unit,1.0,1.0,1.0,1.0,,19.0,-3.563999999999999,,6.92,True,True,False,,False
mpc_joint_gate,m_H,0.95,goods per income unit,m_S,0.29000000000000004,goods per income unit,1.0,1.0,1.0,1.0,,19.0,-3.563999999999999,,6.92,True,True,False,,False
mpc_joint_gate,m_H,0.95,goods per income unit,m_S,0.30000000000000004,goods per income unit,1.0,1.0,1.0,1.0,,19.0,-3.563999999999999,,6.92,True,True,False,,False
mpc_joint_gate,m_H,0.95,goods per income unit,m_S,0.31,goods per income unit,1.0,1.0,1.0,1.0,,19.0,-3.563999999999999,,6.92,True,True,False,,False
mpc_joint_gate,m_H,0.95,goods per income unit,m_S,0.32,goods per income unit,1.0,1.0,1.0,1.0,,19.0,-3.563999999999999,,6.92,True,True,False,,False
mpc_joint_gate,m_H,0.95,goods per income unit,m_S,0.33,goods per income unit,1.0,1.0,1.0,1.0,,19.0,-3.563999999999999,,6.92,True,True,False,,False
mpc_joint_gate,m_H,0.95,goods per income unit,m_S,0.33999999999999997,goods per income unit,1.0,1.0,1.0,1.0,,19.0,-3.563999999999999,,6.92,True,True,False,,False
mpc_joint_gate,m_H,0.95,goods per income unit,m_S,0.35,goods per income unit,1.0,1.0,1.0,1.0,,19.0,-3.563999999999999,,6.92,True,True,False,,False
mpc_joint_gate,m_H,0.95,goods per income unit,m_S,0.36,goods per income unit,1.0,1.0,1.0,1.0,,19.0,-3.563999999999999,,6.92,True,True,False,,False
mpc_joint_gate,m_H,0.95,goods per income unit,m_S,0.37,goods per income unit,1.0,1.0,1.0,1.0,,19.0,-3.563999999999999,,6.92,True,True,False,,False
mpc_joint_gate,m_H,0.95,goods per income unit,m_S,0.38,goods per income unit,1.0,1.0,1.0,1.0,,19.0,-3.563999999999999,,6.92,True,True,False,,False
mpc_joint_gate,m_H,0.95,goods per income unit,m_S,0.39,goods per income unit,1.0,1.0,1.0,1.0,,19.0,-3.563999999999999,,6.92,True,True,False,,False
mpc_joint_gate,m_H,0.95,goods per income unit,m_S,0.4,goods per income unit,1.0,1.0,1.0,1.0,,19.0,-3.563999999999999,,6.92,True,True,False,,False
mpc_joint_gate,m_H,0.95,goods per income unit,m_S,0.41000000000000003,goods per income unit,1.0,1.0,1.0,1.0,,19.0,-3.563999999999999,,6.92,True,True,False,,False
mpc_joint_gate,m_H,0.95,goods per income unit,m_S,0.42000000000000004,goods per income unit,1.0,1.0,1.0,1.0,,19.0,-3.563999999999999,,6.92,True,True,False,,False
mpc_joint_gate,m_H,0.95,goods per income unit,m_S,0.43000000000000005,goods per income unit,1.0,1.0,1.0,1.0,,19.0,-3.563999999999999,,6.92,True,True,False,,False
mpc_joint_gate,m_H,0.95,goods per income unit,m_S,0.44000000000000006,goods per income unit,1.0,1.0,1.0,1.0,,19.0,-3.563999999999999,,6.92,True,True,False,,False
mpc_joint_gate,m_H,0.95,goods per income unit,m_S,0.45000000000000007,goods per income unit,1.0,1.0,1.0,1.0,,19.0,-3.563999999999999,,6.92,True,True,False,,False
mpc_joint_gate,m_H,0.95,goods per income unit,m_S,0.45999999999999996,goods per income unit,1.0,1.0,1.0,1.0,,19.0,-3.563999999999999,,6.92,True,True,False,,False
mpc_joint_gate,m_H,0.95,goods per income unit,m_S,0.47,goods per income unit,1.0,1.0,1.0,1.0,,19.0,-3.563999999999999,,6.92,True,True,False,,False
mpc_joint_gate,m_H,0.95,goods per income unit,m_S,0.48,goods per income unit,1.0,1.0,1.0,1.0,,19.0,-3.563999999999999,,6.92,True,True,False,,False
mpc_joint_gate,m_H,0.95,goods per income unit,m_S,0.49,goods per income unit,1.0,1.0,1.0,1.0,,19.0,-3.563999999999999,,6.92,True,True,False,,False
mpc_joint_gate,m_H,0.95,goods per income unit,m_S,0.5,goods per income unit,1.0,1.0,1.0,1.0,,19.0,-3.563999999999999,,6.92,True,True,False,,False
capacity,phi,0.04,capacity per investment good,I_q,3.0,date-0 goods,1.0,1.0,1.0,1.0,12.0,19.0,-3.1999999999999993,1.95,,True,True,False,False,False
capacity,phi,0.0425,capacity per investment good,I_q,3.0,date-0 goods,1.0,1.0,1.0,1.0,12.0,19.0,-3.1999999999999993,1.9875,,True,True,False,False,False
capacity,phi,0.045,capacity per investment good,I_q,3.0,date-0 goods,1.0,1.0,1.0,1.0,12.0,19.0,-3.1999999999999993,2.0250000000000004,,True,True,False,False,False
capacity,phi,0.0475,capacity per investment good,I_q,3.0,date-0 goods,1.0,1.0,1.0,1.0,12.0,19.0,-3.1999999999999993,2.0625,,True,True,False,False,False
capacity,phi,0.05,capacity per investment good,I_q,3.0,date-0 goods,1.0,1.0,1.0,1.0,12.0,19.0,-3.1999999999999993,2.1,,True,True,False,False,False
capacity,phi,0.052500000000000005,capacity per investment good,I_q,3.0,date-0 goods,1.0,1.0,1.0,1.0,12.0,19.0,-3.1999999999999993,2.1375,,True,True,False,False,False
capacity,phi,0.055,capacity per investment good,I_q,3.0,date-0 goods,1.0,1.0,1.0,1.0,12.0,19.0,-3.1999999999999993,2.175,,True,True,False,False,False
capacity,phi,0.0575,capacity per investment good,I_q,3.0,date-0 goods,1.0,1.0,1.0,1.0,12.0,19.0,-3.1999999999999993,2.2125000000000004,,True,True,False,False,False
capacity,phi,0.06,capacity per investment good,I_q,3.0,date-0 goods,1.0,1.0,1.0,1.0,12.0,19.0,-3.1999999999999993,2.25,,True,True,False,False,False
capacity,phi,0.0625,capacity per investment good,I_q,3.0,date-0 goods,1.0,1.0,1.0,1.0,12.0,19.0,-3.1999999999999993,2.2875,,True,True,False,False,False
capacity,phi,0.065,capacity per investment good,I_q,3.0,date-0 goods,1.0,1.0,1.0,1.0,12.0,19.0,-3.1999999999999993,2.325,,True,True,False,False,False
capacity,phi,0.0675,capacity per investment good,I_q,3.0,date-0 goods,1.0,1.0,1.0,1.0,12.0,19.0,-3.1999999999999993,2.3625,,True,True,False,False,False
capacity,phi,0.07,capacity per investment good,I_q,3.0,date-0 goods,1.0,1.0,1.0,1.0,12.0,19.0,-3.1999999999999993,2.4000000000000004,,True,True,False,False,False
capacity,phi,0.07250000000000001,capacity per investment good,I_q,3.0,date-0 goods,1.0,1.0,1.0,1.0,12.0,19.0,-3.1999999999999993,2.4375,,True,True,False,False,False
capacity,phi,0.07500000000000001,capacity per investment good,I_q,3.0,date-0 goods,1.0,1.0,1.0,1.0,12.0,19.0,-3.1999999999999993,2.475,,True,True,False,False,False
capacity,phi,0.0775,capacity per investment good,I_q,3.0,date-0 goods,1.0,1.0,1.0,1.0,12.0,19.0,-3.1999999999999993,2.5125,,True,True,False,False,False
capacity,phi,0.08,capacity per investment good,I_q,3.0,date-0 goods,1.0,1.0,1.0,1.0,12.0,19.0,-3.1999999999999993,2.55,,True,True,False,False,False
capacity,phi,0.0825,capacity per investment good,I_q,3.0,date-0 goods,1.0,1.0,1.0,1.0,12.0,19.0,-3.1999999999999993,2.5875,,True,True,False,False,False
capacity,phi,0.08499999999999999,capacity per investment good,I_q,3.0,date-0 goods,1.0,1.0,1.0,1.0,12.0,19.0,-3.1999999999999993,2.625,,True,True,False,False,False
capacity,phi,0.0875,capacity per investment good,I_q,3.0,date-0 goods,1.0,1.0,1.0,1.0,12.0,19.0,-3.1999999999999993,2.6624999999999996,,True,True,False,False,False
capacity,phi,0.09,capacity per investment good,I_q,3.0,date-0 goods,1.0,1.0,1.0,1.0,12.0,19.0,-3.1999999999999993,2.7,,True,True,False,False,False
capacity,phi,0.0925,capacity per investment good,I_q,3.0,date-0 goods,1.0,1.0,1.0,1.0,12.0,19.0,-3.1999999999999993,2.7375,,True,True,False,False,False
capacity,phi,0.095,capacity per investment good,I_q,3.0,date-0 goods,1.0,1.0,1.0,1.0,12.0,19.0,-3.1999999999999993,2.7750000000000004,,True,True,False,False,False
capacity,phi,0.0975,capacity per investment good,I_q,3.0,date-0 goods,1.0,1.0,1.0,1.0,12.0,19.0,-3.1999999999999993,2.8125,,True,True,False,False,False
capacity,phi,0.1,capacity per investment good,I_q,3.0,date-0 goods,1.0,1.0,1.0,1.0,12.0,19.0,-3.1999999999999993,2.8500000000000005,,True,True,False,False,False
capacity,phi,0.10250000000000001,capacity per investment good,I_q,3.0,date-0 goods,1.0,1.0,1.0,1.0,12.0,19.0,-3.1999999999999993,2.8875,,True,True,False,False,False
capacity,phi,0.10500000000000001,capacity per investment good,I_q,3.0,date-0 goods,1.0,1.0,1.0,1.0,12.0,19.0,-3.1999999999999993,2.9250000000000003,,True,True,False,False,False
capacity,phi,0.10750000000000001,capacity per investment good,I_q,3.0,date-0 goods,1.0,1.0,1.0,1.0,12.0,19.0,-3.1999999999999993,2.9625000000000004,,True,True,False,False,False
capacity,phi,0.11000000000000001,capacity per investment good,I_q,3.0,date-0 goods,1.0,1.0,1.0,1.0,12.0,19.0,-3.1999999999999993,3.0000000000000004,,True,True,False,False,False
capacity,phi,0.11249999999999999,capacity per investment good,I_q,3.0,date-0 goods,1.0,1.0,1.0,1.0,12.0,19.0,-3.1999999999999993,3.0374999999999996,,True,True,False,False,False
capacity,phi,0.11499999999999999,capacity per investment good,I_q,3.0,date-0 goods,1.0,1.0,1.0,1.0,12.0,19.0,-3.1999999999999993,3.0749999999999997,,True,True,False,False,False
capacity,phi,0.1175,capacity per investment good,I_q,3.0,date-0 goods,1.0,1.0,1.0,1.0,12.0,19.0,-3.1999999999999993,3.1125,,True,True,False,False,False
capacity,phi,0.12,capacity per investment good,I_q,3.0,date-0 goods,1.0,1.0,1.0,1.0,12.0,19.0,-3.1999999999999993,3.15,,True,True,False,False,False
capacity,phi,0.1225,capacity per investment good,I_q,3.0,date-0 goods,1.0,1.0,1.0,1.0,12.0,19.0,-3.1999999999999993,3.1875,,True,True,False,False,False
capacity,phi,0.125,capacity per investment good,I_q,3.0,date-0 goods,1.0,1.0,1.0,1.0,12.0,19.0,-3.1999999999999993,3.225,,True,True,False,False,False
capacity,phi,0.1275,capacity per investment good,I_q,3.0,date-0 goods,1.0,1.0,1.0,1.0,12.0,19.0,-3.1999999999999993,3.2625,,True,True,False,False,False
capacity,phi,0.13,capacity per investment good,I_q,3.0,date-0 goods,1.0,1.0,1.0,1.0,12.0,19.0,-3.1999999999999993,3.3000000000000003,,True,True,False,False,False
capacity,phi,0.1325,capacity per investment good,I_q,3.0,date-0 goods,1.0,1.0,1.0,1.0,12.0,19.0,-3.1999999999999993,3.3375000000000004,,True,True,False,False,False
capacity,phi,0.135,capacity per investment good,I_q,3.0,date-0 goods,1.0,1.0,1.0,1.0,12.0,19.0,-3.1999999999999993,3.375,,True,True,False,False,False
capacity,phi,0.1375,capacity per investment good,I_q,3.0,date-0 goods,1.0,1.0,1.0,1.0,12.0,19.0,-3.1999999999999993,3.4125,,True,True,False,False,False
capacity,phi,0.14,capacity per investment good,I_q,3.0,date-0 goods,1.0,1.0,1.0,1.0,12.0,19.0,-3.1999999999999993,3.45,,True,True,False,False,False
capacity,phi,0.14250000000000002,capacity per investment good,I_q,3.0,date-0 goods,1.0,1.0,1.0,1.0,12.0,19.0,-3.1999999999999993,3.4875000000000003,,True,True,False,False,False
capacity,phi,0.145,capacity per investment good,I_q,3.0,date-0 goods,1.0,1.0,1.0,1.0,12.0,19.0,-3.1999999999999993,3.5249999999999995,,True,True,False,False,False
capacity,phi,0.1475,capacity per investment good,I_q,3.0,date-0 goods,1.0,1.0,1.0,1.0,12.0,19.0,-3.1999999999999993,3.5625,,True,True,False,False,False
capacity,phi,0.15,capacity per investment good,I_q,3.0,date-0 goods,1.0,1.0,1.0,1.0,12.0,19.0,-3.1999999999999993,3.6,,True,True,False,False,False
capacity,phi,0.1525,capacity per investment good,I_q,3.0,date-0 goods,1.0,1.0,1.0,1.0,12.0,19.0,-3.1999999999999993,3.6375,,True,True,False,False,False
capacity,phi,0.155,capacity per investment good,I_q,3.0,date-0 goods,1.0,1.0,1.0,1.0,12.0,19.0,-3.1999999999999993,3.675,,True,True,False,False,False
capacity,phi,0.1575,capacity per investment good,I_q,3.0,date-0 goods,1.0,1.0,1.0,1.0,12.0,19.0,-3.1999999999999993,3.7125,,True,True,False,False,False
capacity,phi,0.16,capacity per investment good,I_q,3.0,date-0 goods,1.0,1.0,1.0,1.0,12.0,19.0,-3.1999999999999993,3.75,,True,True,False,False,False
capacity,phi,0.1625,capacity per investment good,I_q,3.0,date-0 goods,1.0,1.0,1.0,1.0,12.0,19.0,-3.1999999999999993,3.7875000000000005,,True,True,False,False,False
capacity,phi,0.165,capacity per investment good,I_q,3.0,date-0 goods,1.0,1.0,1.0,1.0,12.0,19.0,-3.1999999999999993,3.8249999999999997,,True,True,False,False,False
capacity,phi,0.1675,capacity per investment good,I_q,3.0,date-0 goods,1.0,1.0,1.0,1.0,12.0,19.0,-3.1999999999999993,3.8625,,True,True,False,False,False
capacity,phi,0.17,capacity per investment good,I_q,3.0,date-0 goods,1.0,1.0,1.0,1.0,12.0,19.0,-3.1999999999999993,3.9000000000000004,,True,True,False,False,False
capacity,phi,0.17250000000000001,capacity per investment good,I_q,3.0,date-0 goods,1.0,1.0,1.0,1.0,12.0,19.0,-3.1999999999999993,3.937500000000001,,True,True,False,False,False
capacity,phi,0.17500000000000002,capacity per investment good,I_q,3.0,date-0 goods,1.0,1.0,1.0,1.0,12.0,19.0,-3.1999999999999993,3.9749999999999996,,True,True,False,False,False
capacity,phi,0.17750000000000002,capacity per investment good,I_q,3.0,date-0 goods,1.0,1.0,1.0,1.0,12.0,19.0,-3.1999999999999993,4.0125,,True,True,False,False,False
capacity,phi,0.18000000000000002,capacity per investment good,I_q,3.0,date-0 goods,1.0,1.0,1.0,1.0,12.0,19.0,-3.1999999999999993,4.050000000000001,,True,True,False,False,False
capacity,phi,0.18250000000000002,capacity per investment good,I_q,3.0,date-0 goods,1.0,1.0,1.0,1.0,12.0,19.0,-3.1999999999999993,4.0875,,True,True,False,False,False
capacity,phi,0.185,capacity per investment good,I_q,3.0,date-0 goods,1.0,1.0,1.0,1.0,12.0,19.0,-3.1999999999999993,4.125,,True,True,False,False,False
capacity,phi,0.1875,capacity per investment good,I_q,3.0,date-0 goods,1.0,1.0,1.0,1.0,12.0,19.0,-3.1999999999999993,4.1625000000000005,,True,True,False,False,False
capacity,phi,0.19,capacity per investment good,I_q,3.0,date-0 goods,1.0,1.0,1.0,1.0,12.0,19.0,-3.1999999999999993,4.200000000000001,,True,True,False,False,False
capacity,phi,0.1925,capacity per investment good,I_q,3.0,date-0 goods,1.0,1.0,1.0,1.0,12.0,19.0,-3.1999999999999993,4.2375,,True,True,False,False,False
capacity,phi,0.195,capacity per investment good,I_q,3.0,date-0 goods,1.0,1.0,1.0,1.0,12.0,19.0,-3.1999999999999993,4.275,,True,True,False,False,False
capacity,phi,0.1975,capacity per investment good,I_q,3.0,date-0 goods,1.0,1.0,1.0,1.0,12.0,19.0,-3.1999999999999993,4.3125,,True,True,False,False,False
capacity,phi,0.2,capacity per investment good,I_q,3.0,date-0 goods,1.0,1.0,1.0,1.0,12.0,19.0,-3.1999999999999993,4.3500000000000005,,True,True,False,False,False
capacity,phi,0.2025,capacity per investment good,I_q,3.0,date-0 goods,1.0,1.0,1.0,1.0,12.0,19.0,-3.1999999999999993,4.3875,,True,True,False,False,False
capacity,phi,0.20500000000000002,capacity per investment good,I_q,3.0,date-0 goods,1.0,1.0,1.0,1.0,12.0,19.0,-3.1999999999999993,4.425000000000001,,True,True,False,False,False
capacity,phi,0.20750000000000002,capacity per investment good,I_q,3.0,date-0 goods,1.0,1.0,1.0,1.0,12.0,19.0,-3.1999999999999993,4.4625,,True,True,False,False,False
capacity,phi,0.21000000000000002,capacity per investment good,I_q,3.0,date-0 goods,1.0,1.0,1.0,1.0,12.0,19.0,-3.1999999999999993,4.500000000000001,,True,True,False,False,False
capacity,phi,0.21250000000000002,capacity per investment good,I_q,3.0,date-0 goods,1.0,1.0,1.0,1.0,12.0,19.0,-3.1999999999999993,4.5375,,True,True,False,False,False
capacity,phi,0.21500000000000002,capacity per investment good,I_q,3.0,date-0 goods,1.0,1.0,1.0,1.0,12.0,19.0,-3.1999999999999993,4.575,,True,True,False,False,False
capacity,phi,0.2175,capacity per investment good,I_q,3.0,date-0 goods,1.0,1.0,1.0,1.0,12.0,19.0,-3.1999999999999993,4.6125,,True,True,False,False,False
capacity,phi,0.22,capacity per investment good,I_q,3.0,date-0 goods,1.0,1.0,1.0,1.0,12.0,19.0,-3.1999999999999993,4.65,,True,True,False,False,False
capacity,phi,0.2225,capacity per investment good,I_q,3.0,date-0 goods,1.0,1.0,1.0,1.0,12.0,19.0,-3.1999999999999993,4.6875,,True,True,False,False,False
capacity,phi,0.225,capacity per investment good,I_q,3.0,date-0 goods,1.0,1.0,1.0,1.0,12.0,19.0,-3.1999999999999993,4.7250000000000005,,True,True,False,False,False
capacity,phi,0.2275,capacity per investment good,I_q,3.0,date-0 goods,1.0,1.0,1.0,1.0,12.0,19.0,-3.1999999999999993,4.762499999999999,,True,True,False,False,False
capacity,phi,0.23,capacity per investment good,I_q,3.0,date-0 goods,1.0,1.0,1.0,1.0,12.0,19.0,-3.1999999999999993,4.8,,True,True,False,False,False
capacity,phi,0.2325,capacity per investment good,I_q,3.0,date-0 goods,1.0,1.0,1.0,1.0,12.0,19.0,-3.1999999999999993,4.8375,,True,True,False,False,False
capacity,phi,0.23500000000000001,capacity per investment good,I_q,3.0,date-0 goods,1.0,1.0,1.0,1.0,12.0,19.0,-3.1999999999999993,4.875000000000001,,True,True,False,False,False
capacity,phi,0.23750000000000002,capacity per investment good,I_q,3.0,date-0 goods,1.0,1.0,1.0,1.0,12.0,19.0,-3.1999999999999993,4.9125,,True,True,False,False,False
capacity,phi,0.24000000000000002,capacity per investment good,I_q,3.0,date-0 goods,1.0,1.0,1.0,1.0,12.0,19.0,-3.1999999999999993,4.95,,True,True,False,False,False
capacity,phi,0.24250000000000002,capacity per investment good,I_q,3.0,date-0 goods,1.0,1.0,1.0,1.0,12.0,19.0,-3.1999999999999993,4.987500000000001,,True,True,False,False,False
capacity,phi,0.24500000000000002,capacity per investment good,I_q,3.0,date-0 goods,1.0,1.0,1.0,1.0,12.0,19.0,-3.1999999999999993,5.0,,True,True,False,True,False
capacity,phi,0.24750000000000003,capacity per investment good,I_q,3.0,date-0 goods,1.0,1.0,1.0,1.0,12.0,19.0,-3.1999999999999993,5.0,,True,True,False,True,False
capacity,phi,0.25,capacity per investment good,I_q,3.0,date-0 goods,1.0,1.0,1.0,1.0,12.0,19.0,-3.1999999999999993,5.0,,True,True,False,True,False
capacity,phi,0.2525,capacity per investment good,I_q,3.0,date-0 goods,1.0,1.0,1.0,1.0,12.0,19.0,-3.1999999999999993,5.0,,True,True,False,True,False
capacity,phi,0.255,capacity per investment good,I_q,3.0,date-0 goods,1.0,1.0,1.0,1.0,12.0,19.0,-3.1999999999999993,5.0,,True,True,False,True,False
capacity,phi,0.2575,capacity per investment good,I_q,3.0,date-0 goods,1.0,1.0,1.0,1.0,12.0,19.0,-3.1999999999999993,5.0,,True,True,False,True,False
capacity,phi,0.26,capacity per investment good,I_q,3.0,date-0 goods,1.0,1.0,1.0,1.0,12.0,19.0,-3.1999999999999993,5.0,,True,True,False,True,False
capacity,phi,0.2625,capacity per investment good,I_q,3.0,date-0 goods,1.0,1.0,1.0,1.0,12.0,19.0,-3.1999999999999993,5.0,,True,True,False,True,False
capacity,phi,0.265,capacity per investment good,I_q,3.0,date-0 goods,1.0,1.0,1.0,1.0,12.0,19.0,-3.1999999999999993,5.0,,True,True,False,True,False
capacity,phi,0.2675,capacity per investment good,I_q,3.0,date-0 goods,1.0,1.0,1.0,1.0,12.0,19.0,-3.1999999999999993,5.0,,True,True,False,True,False
capacity,phi,0.27,capacity per investment good,I_q,3.0,date-0 goods,1.0,1.0,1.0,1.0,12.0,19.0,-3.1999999999999993,5.0,,True,True,False,True,False
capacity,phi,0.2725,capacity per investment good,I_q,3.0,date-0 goods,1.0,1.0,1.0,1.0,12.0,19.0,-3.1999999999999993,5.0,,True,True,False,True,False
capacity,phi,0.275,capacity per investment good,I_q,3.0,date-0 goods,1.0,1.0,1.0,1.0,12.0,19.0,-3.1999999999999993,5.0,,True,True,False,True,False
capacity,phi,0.2775,capacity per investment good,I_q,3.0,date-0 goods,1.0,1.0,1.0,1.0,12.0,19.0,-3.1999999999999993,5.0,,True,True,False,True,False
capacity,phi,0.27999999999999997,capacity per investment good,I_q,3.0,date-0 goods,1.0,1.0,1.0,1.0,12.0,19.0,-3.1999999999999993,5.0,,True,True,False,True,False
capacity,phi,0.2825,capacity per investment good,I_q,3.0,date-0 goods,1.0,1.0,1.0,1.0,12.0,19.0,-3.1999999999999993,5.0,,True,True,False,True,False
capacity,phi,0.285,capacity per investment good,I_q,3.0,date-0 goods,1.0,1.0,1.0,1.0,12.0,19.0,-3.1999999999999993,5.0,,True,True,False,True,False
capacity,phi,0.2875,capacity per investment good,I_q,3.0,date-0 goods,1.0,1.0,1.0,1.0,12.0,19.0,-3.1999999999999993,5.0,,True,True,False,True,False
capacity,phi,0.29,capacity per investment good,I_q,3.0,date-0 goods,1.0,1.0,1.0,1.0,12.0,19.0,-3.1999999999999993,5.0,,True,True,False,True,False
capacity,phi,0.2925,capacity per investment good,I_q,3.0,date-0 goods,1.0,1.0,1.0,1.0,12.0,19.0,-3.1999999999999993,5.0,,True,True,False,True,False
capacity,phi,0.295,capacity per investment good,I_q,3.0,date-0 goods,1.0,1.0,1.0,1.0,12.0,19.0,-3.1999999999999993,5.0,,True,True,False,True,False
capacity,phi,0.2975,capacity per investment good,I_q,3.0,date-0 goods,1.0,1.0,1.0,1.0,12.0,19.0,-3.1999999999999993,5.0,,True,True,False,True,False
capacity,phi,0.3,capacity per investment good,I_q,3.0,date-0 goods,1.0,1.0,1.0,1.0,12.0,19.0,-3.1999999999999993,5.0,,True,True,False,True,False
capacity,phi,0.3025,capacity per investment good,I_q,3.0,date-0 goods,1.0,1.0,1.0,1.0,12.0,19.0,-3.1999999999999993,5.0,,True,True,False,True,False
capacity,phi,0.305,capacity per investment good,I_q,3.0,date-0 goods,1.0,1.0,1.0,1.0,12.0,19.0,-3.1999999999999993,5.0,,True,True,False,True,False
capacity,phi,0.3075,capacity per investment good,I_q,3.0,date-0 goods,1.0,1.0,1.0,1.0,12.0,19.0,-3.1999999999999993,5.0,,True,True,False,True,False
capacity,phi,0.31,capacity per investment good,I_q,3.0,date-0 goods,1.0,1.0,1.0,1.0,12.0,19.0,-3.1999999999999993,5.0,,True,True,False,True,False
capacity,phi,0.3125,capacity per investment good,I_q,3.0,date-0 goods,1.0,1.0,1.0,1.0,12.0,19.0,-3.1999999999999993,5.0,,True,True,False,True,False
capacity,phi,0.315,capacity per investment good,I_q,3.0,date-0 goods,1.0,1.0,1.0,1.0,12.0,19.0,-3.1999999999999993,5.0,,True,True,False,True,False
capacity,phi,0.3175,capacity per investment good,I_q,3.0,date-0 goods,1.0,1.0,1.0,1.0,12.0,19.0,-3.1999999999999993,5.0,,True,True,False,True,False
capacity,phi,0.32,capacity per investment good,I_q,3.0,date-0 goods,1.0,1.0,1.0,1.0,12.0,19.0,-3.1999999999999993,5.0,,True,True,False,True,False
capacity,phi,0.3225,capacity per investment good,I_q,3.0,date-0 goods,1.0,1.0,1.0,1.0,12.0,19.0,-3.1999999999999993,5.0,,True,True,False,True,False
capacity,phi,0.325,capacity per investment good,I_q,3.0,date-0 goods,1.0,1.0,1.0,1.0,12.0,19.0,-3.1999999999999993,5.0,,True,True,False,True,False
capacity,phi,0.3275,capacity per investment good,I_q,3.0,date-0 goods,1.0,1.0,1.0,1.0,12.0,19.0,-3.1999999999999993,5.0,,True,True,False,True,False
capacity,phi,0.32999999999999996,capacity per investment good,I_q,3.0,date-0 goods,1.0,1.0,1.0,1.0,12.0,19.0,-3.1999999999999993,5.0,,True,True,False,True,False
capacity,phi,0.33249999999999996,capacity per investment good,I_q,3.0,date-0 goods,1.0,1.0,1.0,1.0,12.0,19.0,-3.1999999999999993,5.0,,True,True,False,True,False
capacity,phi,0.33499999999999996,capacity per investment good,I_q,3.0,date-0 goods,1.0,1.0,1.0,1.0,12.0,19.0,-3.1999999999999993,5.0,,True,True,False,True,False
capacity,phi,0.33749999999999997,capacity per investment good,I_q,3.0,date-0 goods,1.0,1.0,1.0,1.0,12.0,19.0,-3.1999999999999993,5.0,,True,True,False,True,False
capacity,phi,0.33999999999999997,capacity per investment good,I_q,3.0,date-0 goods,1.0,1.0,1.0,1.0,12.0,19.0,-3.1999999999999993,5.0,,True,True,False,True,False
capacity,phi,0.34249999999999997,capacity per investment good,I_q,3.0,date-0 goods,1.0,1.0,1.0,1.0,12.0,19.0,-3.1999999999999993,5.0,,True,True,False,True,False
capacity,phi,0.345,capacity per investment good,I_q,3.0,date-0 goods,1.0,1.0,1.0,1.0,12.0,19.0,-3.1999999999999993,5.0,,True,True,False,True,False
capacity,phi,0.3475,capacity per investment good,I_q,3.0,date-0 goods,1.0,1.0,1.0,1.0,12.0,19.0,-3.1999999999999993,5.0,,True,True,False,True,False
capacity,phi,0.35,capacity per investment good,I_q,3.0,date-0 goods,1.0,1.0,1.0,1.0,12.0,19.0,-3.1999999999999993,5.0,,True,True,False,True,False
depreciation,delta_q,0.0,rate,phi,0.25,capacity per investment good,1.0,1.0,1.0,1.0,12.0,19.0,-3.1999999999999993,5.0,,True,True,False,True,False
depreciation,delta_q,0.005,rate,phi,0.25,capacity per investment good,1.0,1.0,1.0,1.0,12.0,19.0,-3.1999999999999993,5.0,,True,True,False,True,False
depreciation,delta_q,0.01,rate,phi,0.25,capacity per investment good,1.0,1.0,1.0,1.0,12.0,19.0,-3.1999999999999993,5.0,,True,True,False,True,False
depreciation,delta_q,0.015,rate,phi,0.25,capacity per investment good,1.0,1.0,1.0,1.0,12.0,19.0,-3.1999999999999993,5.0,,True,True,False,True,False
depreciation,delta_q,0.02,rate,phi,0.25,capacity per investment good,1.0,1.0,1.0,1.0,12.0,19.0,-3.1999999999999993,5.0,,True,True,False,True,False
depreciation,delta_q,0.025,rate,phi,0.25,capacity per investment good,1.0,1.0,1.0,1.0,12.0,19.0,-3.1999999999999993,5.0,,True,True,False,True,False
depreciation,delta_q,0.03,rate,phi,0.25,capacity per investment good,1.0,1.0,1.0,1.0,12.0,19.0,-3.1999999999999993,5.0,,True,True,False,True,False
depreciation,delta_q,0.035,rate,phi,0.25,capacity per investment good,1.0,1.0,1.0,1.0,12.0,19.0,-3.1999999999999993,5.0,,True,True,False,True,False
depreciation,delta_q,0.04,rate,phi,0.25,capacity per investment good,1.0,1.0,1.0,1.0,12.0,19.0,-3.1999999999999993,5.0,,True,True,False,True,False
depreciation,delta_q,0.045,rate,phi,0.25,capacity per investment good,1.0,1.0,1.0,1.0,12.0,19.0,-3.1999999999999993,5.0,,True,True,False,True,False
depreciation,delta_q,0.05,rate,phi,0.25,capacity per investment good,1.0,1.0,1.0,1.0,12.0,19.0,-3.1999999999999993,5.0,,True,True,False,True,False
depreciation,delta_q,0.055,rate,phi,0.25,capacity per investment good,1.0,1.0,1.0,1.0,12.0,19.0,-3.1999999999999993,5.0,,True,True,False,True,False
depreciation,delta_q,0.06,rate,phi,0.25,capacity per investment good,1.0,1.0,1.0,1.0,12.0,19.0,-3.1999999999999993,5.0,,True,True,False,True,False
depreciation,delta_q,0.065,rate,phi,0.25,capacity per investment good,1.0,1.0,1.0,1.0,12.0,19.0,-3.1999999999999993,5.0,,True,True,False,True,False
depreciation,delta_q,0.07,rate,phi,0.25,capacity per investment good,1.0,1.0,1.0,1.0,12.0,19.0,-3.1999999999999993,5.0,,True,True,False,True,False
depreciation,delta_q,0.075,rate,phi,0.25,capacity per investment good,1.0,1.0,1.0,1.0,12.0,19.0,-3.1999999999999993,5.0,,True,True,False,True,False
depreciation,delta_q,0.08,rate,phi,0.25,capacity per investment good,1.0,1.0,1.0,1.0,12.0,19.0,-3.1999999999999993,5.0,,True,True,False,True,False
depreciation,delta_q,0.085,rate,phi,0.25,capacity per investment good,1.0,1.0,1.0,1.0,12.0,19.0,-3.1999999999999993,5.0,,True,True,False,True,False
depreciation,delta_q,0.09,rate,phi,0.25,capacity per investment good,1.0,1.0,1.0,1.0,12.0,19.0,-3.1999999999999993,5.0,,True,True,False,True,False
depreciation,delta_q,0.095,rate,phi,0.25,capacity per investment good,1.0,1.0,1.0,1.0,12.0,19.0,-3.1999999999999993,5.0,,True,True,False,True,False
depreciation,delta_q,0.1,rate,phi,0.25,capacity per investment good,1.0,1.0,1.0,1.0,12.0,19.0,-3.1999999999999993,5.0,,True,True,False,True,False
depreciation,delta_q,0.105,rate,phi,0.25,capacity per investment good,1.0,1.0,1.0,1.0,12.0,19.0,-3.1999999999999993,5.0,,True,True,False,True,False
depreciation,delta_q,0.11,rate,phi,0.25,capacity per investment good,1.0,1.0,1.0,1.0,12.0,19.0,-3.1999999999999993,5.0,,True,True,False,True,False
depreciation,delta_q,0.115,rate,phi,0.25,capacity per investment good,1.0,1.0,1.0,1.0,12.0,19.0,-3.1999999999999993,5.0,,True,True,False,True,False
depreciation,delta_q,0.12,rate,phi,0.25,capacity per investment good,1.0,1.0,1.0,1.0,12.0,19.0,-3.1999999999999993,5.0,,True,True,False,True,False
depreciation,delta_q,0.125,rate,phi,0.25,capacity per investment good,1.0,1.0,1.0,1.0,12.0,19.0,-3.1999999999999993,5.0,,True,True,False,True,False
depreciation,delta_q,0.13,rate,phi,0.25,capacity per investment good,1.0,1.0,1.0,1.0,12.0,19.0,-3.1999999999999993,5.0,,True,True,False,True,False
depreciation,delta_q,0.135,rate,phi,0.25,capacity per investment good,1.0,1.0,1.0,1.0,12.0,19.0,-3.1999999999999993,5.0,,True,True,False,True,False
depreciation,delta_q,0.14,rate,phi,0.25,capacity per investment good,1.0,1.0,1.0,1.0,12.0,19.0,-3.1999999999999993,5.0,,True,True,False,True,False
depreciation,delta_q,0.145,rate,phi,0.25,capacity per investment good,1.0,1.0,1.0,1.0,12.0,19.0,-3.1999999999999993,5.0,,True,True,False,True,False
depreciation,delta_q,0.15,rate,phi,0.25,capacity per investment good,1.0,1.0,1.0,1.0,12.0,19.0,-3.1999999999999993,5.0,,True,True,False,True,False
depreciation,delta_q,0.155,rate,phi,0.25,capacity per investment good,1.0,1.0,1.0,1.0,12.0,19.0,-3.1999999999999993,5.0,,True,True,False,True,False
depreciation,delta_q,0.16,rate,phi,0.25,capacity per investment good,1.0,1.0,1.0,1.0,12.0,19.0,-3.1999999999999993,5.0,,True,True,False,True,False
depreciation,delta_q,0.165,rate,phi,0.25,capacity per investment good,1.0,1.0,1.0,1.0,12.0,19.0,-3.1999999999999993,5.0,,True,True,False,True,False
depreciation,delta_q,0.17,rate,phi,0.25,capacity per investment good,1.0,1.0,1.0,1.0,12.0,19.0,-3.1999999999999993,5.0,,True,True,False,True,False
depreciation,delta_q,0.17500000000000002,rate,phi,0.25,capacity per investment good,1.0,1.0,1.0,1.0,12.0,19.0,-3.1999999999999993,5.0,,True,True,False,True,False
depreciation,delta_q,0.18,rate,phi,0.25,capacity per investment good,1.0,1.0,1.0,1.0,12.0,19.0,-3.1999999999999993,5.0,,True,True,False,True,False
depreciation,delta_q,0.185,rate,phi,0.25,capacity per investment good,1.0,1.0,1.0,1.0,12.0,19.0,-3.1999999999999993,5.0,,True,True,False,True,False
depreciation,delta_q,0.19,rate,phi,0.25,capacity per investment good,1.0,1.0,1.0,1.0,12.0,19.0,-3.1999999999999993,5.0,,True,True,False,True,False
depreciation,delta_q,0.195,rate,phi,0.25,capacity per investment good,1.0,1.0,1.0,1.0,12.0,19.0,-3.1999999999999993,5.0,,True,True,False,True,False
depreciation,delta_q,0.2,rate,phi,0.25,capacity per investment good,1.0,1.0,1.0,1.0,12.0,19.0,-3.1999999999999993,5.0,,True,True,False,True,False
depreciation,delta_q,0.20500000000000002,rate,phi,0.25,capacity per investment good,1.0,1.0,1.0,1.0,12.0,19.0,-3.1999999999999993,5.0,,True,True,False,True,False
depreciation,delta_q,0.21,rate,phi,0.25,capacity per investment good,1.0,1.0,1.0,1.0,12.0,19.0,-3.1999999999999993,5.0,,True,True,False,True,False
depreciation,delta_q,0.215,rate,phi,0.25,capacity per investment good,1.0,1.0,1.0,1.0,12.0,19.0,-3.1999999999999993,5.0,,True,True,False,True,False
depreciation,delta_q,0.22,rate,phi,0.25,capacity per investment good,1.0,1.0,1.0,1.0,12.0,19.0,-3.1999999999999993,5.0,,True,True,False,True,False
depreciation,delta_q,0.225,rate,phi,0.25,capacity per investment good,1.0,1.0,1.0,1.0,12.0,19.0,-3.1999999999999993,5.0,,True,True,False,True,False
depreciation,delta_q,0.23,rate,phi,0.25,capacity per investment good,1.0,1.0,1.0,1.0,12.0,19.0,-3.1999999999999993,5.0,,True,True,False,True,False
depreciation,delta_q,0.23500000000000001,rate,phi,0.25,capacity per investment good,1.0,1.0,1.0,1.0,12.0,19.0,-3.1999999999999993,5.0,,True,True,False,True,False
depreciation,delta_q,0.24,rate,phi,0.25,capacity per investment good,1.0,1.0,1.0,1.0,12.0,19.0,-3.1999999999999993,5.0,,True,True,False,True,False
depreciation,delta_q,0.245,rate,phi,0.25,capacity per investment good,1.0,1.0,1.0,1.0,12.0,19.0,-3.1999999999999993,5.0,,True,True,False,True,False
depreciation,delta_q,0.25,rate,phi,0.25,capacity per investment good,1.0,1.0,1.0,1.0,12.0,19.0,-3.1999999999999993,5.0,,True,True,False,True,False
depreciation,delta_q,0.255,rate,phi,0.25,capacity per investment good,1.0,1.0,1.0,1.0,12.0,19.0,-3.1999999999999993,5.0,,True,True,False,True,False
depreciation,delta_q,0.26,rate,phi,0.25,capacity per investment good,1.0,1.0,1.0,1.0,12.0,19.0,-3.1999999999999993,5.0,,True,True,False,True,False
depreciation,delta_q,0.265,rate,phi,0.25,capacity per investment good,1.0,1.0,1.0,1.0,12.0,19.0,-3.1999999999999993,5.0,,True,True,False,True,False
depreciation,delta_q,0.27,rate,phi,0.25,capacity per investment good,1.0,1.0,1.0,1.0,12.0,19.0,-3.1999999999999993,5.0,,True,True,False,True,False
depreciation,delta_q,0.275,rate,phi,0.25,capacity per investment good,1.0,1.0,1.0,1.0,12.0,19.0,-3.1999999999999993,5.0,,True,True,False,True,False
depreciation,delta_q,0.28,rate,phi,0.25,capacity per investment good,1.0,1.0,1.0,1.0,12.0,19.0,-3.1999999999999993,5.0,,True,True,False,True,False
depreciation,delta_q,0.28500000000000003,rate,phi,0.25,capacity per investment good,1.0,1.0,1.0,1.0,12.0,19.0,-3.1999999999999993,5.0,,True,True,False,True,False
depreciation,delta_q,0.29,rate,phi,0.25,capacity per investment good,1.0,1.0,1.0,1.0,12.0,19.0,-3.1999999999999993,5.0,,True,True,False,True,False
depreciation,delta_q,0.295,rate,phi,0.25,capacity per investment good,1.0,1.0,1.0,1.0,12.0,19.0,-3.1999999999999993,5.0,,True,True,False,True,False
depreciation,delta_q,0.3,rate,phi,0.25,capacity per investment good,1.0,1.0,1.0,1.0,12.0,19.0,-3.1999999999999993,5.0,,True,True,False,True,False
depreciation,delta_q,0.305,rate,phi,0.25,capacity per investment good,1.0,1.0,1.0,1.0,12.0,19.0,-3.1999999999999993,4.9975000000000005,,True,True,False,False,False
depreciation,delta_q,0.31,rate,phi,0.25,capacity per investment good,1.0,1.0,1.0,1.0,12.0,19.0,-3.1999999999999993,4.994999999999999,,True,True,False,False,False
depreciation,delta_q,0.315,rate,phi,0.25,capacity per investment good,1.0,1.0,1.0,1.0,12.0,19.0,-3.1999999999999993,4.9925,,True,True,False,False,False
depreciation,delta_q,0.32,rate,phi,0.25,capacity per investment good,1.0,1.0,1.0,1.0,12.0,19.0,-3.1999999999999993,4.99,,True,True,False,False,False
depreciation,delta_q,0.325,rate,phi,0.25,capacity per investment good,1.0,1.0,1.0,1.0,12.0,19.0,-3.1999999999999993,4.9875,,True,True,False,False,False
depreciation,delta_q,0.33,rate,phi,0.25,capacity per investment good,1.0,1.0,1.0,1.0,12.0,19.0,-3.1999999999999993,4.984999999999999,,True,True,False,False,False
depreciation,delta_q,0.335,rate,phi,0.25,capacity per investment good,1.0,1.0,1.0,1.0,12.0,19.0,-3.1999999999999993,4.9825,,True,True,False,False,False
depreciation,delta_q,0.34,rate,phi,0.25,capacity per investment good,1.0,1.0,1.0,1.0,12.0,19.0,-3.1999999999999993,4.98,,True,True,False,False,False
depreciation,delta_q,0.34500000000000003,rate,phi,0.25,capacity per investment good,1.0,1.0,1.0,1.0,12.0,19.0,-3.1999999999999993,4.9775,,True,True,False,False,False
depreciation,delta_q,0.35000000000000003,rate,phi,0.25,capacity per investment good,1.0,1.0,1.0,1.0,12.0,19.0,-3.1999999999999993,4.975,,True,True,False,False,False
depreciation,delta_q,0.355,rate,phi,0.25,capacity per investment good,1.0,1.0,1.0,1.0,12.0,19.0,-3.1999999999999993,4.9725,,True,True,False,False,False
depreciation,delta_q,0.36,rate,phi,0.25,capacity per investment good,1.0,1.0,1.0,1.0,12.0,19.0,-3.1999999999999993,4.970000000000001,,True,True,False,False,False
depreciation,delta_q,0.365,rate,phi,0.25,capacity per investment good,1.0,1.0,1.0,1.0,12.0,19.0,-3.1999999999999993,4.967499999999999,,True,True,False,False,False
depreciation,delta_q,0.37,rate,phi,0.25,capacity per investment good,1.0,1.0,1.0,1.0,12.0,19.0,-3.1999999999999993,4.965,,True,True,False,False,False
depreciation,delta_q,0.375,rate,phi,0.25,capacity per investment good,1.0,1.0,1.0,1.0,12.0,19.0,-3.1999999999999993,4.9625,,True,True,False,False,False
depreciation,delta_q,0.38,rate,phi,0.25,capacity per investment good,1.0,1.0,1.0,1.0,12.0,19.0,-3.1999999999999993,4.96,,True,True,False,False,False
depreciation,delta_q,0.385,rate,phi,0.25,capacity per investment good,1.0,1.0,1.0,1.0,12.0,19.0,-3.1999999999999993,4.9575,,True,True,False,False,False
depreciation,delta_q,0.39,rate,phi,0.25,capacity per investment good,1.0,1.0,1.0,1.0,12.0,19.0,-3.1999999999999993,4.955,,True,True,False,False,False
depreciation,delta_q,0.395,rate,phi,0.25,capacity per investment good,1.0,1.0,1.0,1.0,12.0,19.0,-3.1999999999999993,4.9525,,True,True,False,False,False
depreciation,delta_q,0.4,rate,phi,0.25,capacity per investment good,1.0,1.0,1.0,1.0,12.0,19.0,-3.1999999999999993,4.95,,True,True,False,False,False
depreciation,delta_q,0.405,rate,phi,0.25,capacity per investment good,1.0,1.0,1.0,1.0,12.0,19.0,-3.1999999999999993,4.9475,,True,True,False,False,False
depreciation,delta_q,0.41000000000000003,rate,phi,0.25,capacity per investment good,1.0,1.0,1.0,1.0,12.0,19.0,-3.1999999999999993,4.945,,True,True,False,False,False
depreciation,delta_q,0.41500000000000004,rate,phi,0.25,capacity per investment good,1.0,1.0,1.0,1.0,12.0,19.0,-3.1999999999999993,4.9425,,True,True,False,False,False
depreciation,delta_q,0.42,rate,phi,0.25,capacity per investment good,1.0,1.0,1.0,1.0,12.0,19.0,-3.1999999999999993,4.94,,True,True,False,False,False
depreciation,delta_q,0.425,rate,phi,0.25,capacity per investment good,1.0,1.0,1.0,1.0,12.0,19.0,-3.1999999999999993,4.9375,,True,True,False,False,False
depreciation,delta_q,0.43,rate,phi,0.25,capacity per investment good,1.0,1.0,1.0,1.0,12.0,19.0,-3.1999999999999993,4.9350000000000005,,True,True,False,False,False
depreciation,delta_q,0.435,rate,phi,0.25,capacity per investment good,1.0,1.0,1.0,1.0,12.0,19.0,-3.1999999999999993,4.9325,,True,True,False,False,False
depreciation,delta_q,0.44,rate,phi,0.25,capacity per investment good,1.0,1.0,1.0,1.0,12.0,19.0,-3.1999999999999993,4.93,,True,True,False,False,False
depreciation,delta_q,0.445,rate,phi,0.25,capacity per investment good,1.0,1.0,1.0,1.0,12.0,19.0,-3.1999999999999993,4.9275,,True,True,False,False,False
depreciation,delta_q,0.45,rate,phi,0.25,capacity per investment good,1.0,1.0,1.0,1.0,12.0,19.0,-3.1999999999999993,4.925000000000001,,True,True,False,False,False
depreciation,delta_q,0.455,rate,phi,0.25,capacity per investment good,1.0,1.0,1.0,1.0,12.0,19.0,-3.1999999999999993,4.922499999999999,,True,True,False,False,False
depreciation,delta_q,0.46,rate,phi,0.25,capacity per investment good,1.0,1.0,1.0,1.0,12.0,19.0,-3.1999999999999993,4.92,,True,True,False,False,False
depreciation,delta_q,0.465,rate,phi,0.25,capacity per investment good,1.0,1.0,1.0,1.0,12.0,19.0,-3.1999999999999993,4.9175,,True,True,False,False,False
depreciation,delta_q,0.47000000000000003,rate,phi,0.25,capacity per investment good,1.0,1.0,1.0,1.0,12.0,19.0,-3.1999999999999993,4.915,,True,True,False,False,False
depreciation,delta_q,0.47500000000000003,rate,phi,0.25,capacity per investment good,1.0,1.0,1.0,1.0,12.0,19.0,-3.1999999999999993,4.9125,,True,True,False,False,False
depreciation,delta_q,0.48,rate,phi,0.25,capacity per investment good,1.0,1.0,1.0,1.0,12.0,19.0,-3.1999999999999993,4.91,,True,True,False,False,False
depreciation,delta_q,0.485,rate,phi,0.25,capacity per investment good,1.0,1.0,1.0,1.0,12.0,19.0,-3.1999999999999993,4.9075,,True,True,False,False,False
depreciation,delta_q,0.49,rate,phi,0.25,capacity per investment good,1.0,1.0,1.0,1.0,12.0,19.0,-3.1999999999999993,4.905,,True,True,False,False,False
depreciation,delta_q,0.495,rate,phi,0.25,capacity per investment good,1.0,1.0,1.0,1.0,12.0,19.0,-3.1999999999999993,4.9025,,True,True,False,False,False
depreciation,delta_q,0.5,rate,phi,0.25,capacity per investment good,1.0,1.0,1.0,1.0,12.0,19.0,-3.1999999999999993,4.9,,True,True,False,False,False
opportunity_target,O_min,1.0,opportunity index,phi_high,0.25,capacity per investment good,1.0,1.0,1.0,1.0,12.0,19.0,,,0.0,True,True,,,
opportunity_target,O_min,1.0,opportunity index,phi_low,0.08,capacity per investment good,1.0,1.0,1.0,1.0,12.0,19.0,,,0.0,True,True,,,
opportunity_target,O_min,1.1,opportunity index,phi_high,0.25,capacity per investment good,1.0,1.0,1.0,1.0,12.0,19.0,,,0.10000000000000009,True,True,,,
opportunity_target,O_min,1.1,opportunity index,phi_low,0.08,capacity per investment good,1.0,1.0,1.0,1.0,12.0,19.0,,,0.10000000000000009,True,True,,,
opportunity_target,O_min,1.2,opportunity index,phi_high,0.25,capacity per investment good,1.0,1.0,1.0,1.0,12.0,19.0,,,0.19999999999999996,True,True,,,
opportunity_target,O_min,1.2,opportunity index,phi_low,0.08,capacity per investment good,1.0,1.0,1.0,1.0,12.0,19.0,,,0.19999999999999996,True,True,,,
opportunity_target,O_min,1.3,opportunity index,phi_high,0.25,capacity per investment good,1.0,1.0,1.0,1.0,12.0,19.0,,,0.30000000000000004,True,True,,,
opportunity_target,O_min,1.3,opportunity index,phi_low,0.08,capacity per investment good,1.0,1.0,1.0,1.0,12.0,19.0,,,0.30000000000000004,True,True,,,
opportunity_target,O_min,1.4,opportunity index,phi_high,0.25,capacity per investment good,1.0,1.0,1.0,1.0,12.0,19.0,,,0.43999999999999984,True,True,,,
opportunity_target,O_min,1.4,opportunity index,phi_low,0.08,capacity per investment good,1.0,1.0,1.0,1.0,12.0,19.0,,,0.5249999999999997,True,True,,,
opportunity_target,O_min,1.5,opportunity index,phi_high,0.25,capacity per investment good,1.0,1.0,1.0,1.0,12.0,19.0,,,0.62,True,True,,,
opportunity_target,O_min,1.5,opportunity index,phi_low,0.08,capacity per investment good,1.0,1.0,1.0,1.0,12.0,19.0,,,0.875,True,True,,,
opportunity_target,O_min,1.6,opportunity index,phi_high,0.25,capacity per investment good,1.0,1.0,1.0,1.0,12.0,19.0,,,0.8000000000000002,True,True,,,
opportunity_target,O_min,1.6,opportunity index,phi_low,0.08,capacity per investment good,1.0,1.0,1.0,1.0,12.0,19.0,,,1.2250000000000003,True,True,,,
opportunity_target,O_min,1.7000000000000002,opportunity index,phi_high,0.25,capacity per investment good,1.0,1.0,1.0,1.0,12.0,19.0,,,0.9800000000000003,True,True,,,
opportunity_target,O_min,1.7000000000000002,opportunity index,phi_low,0.08,capacity per investment good,1.0,1.0,1.0,1.0,12.0,19.0,,,1.5750000000000006,True,True,,,
opportunity_target,O_min,1.8,opportunity index,phi_high,0.25,capacity per investment good,1.0,1.0,1.0,1.0,12.0,19.0,,,1.1600000000000001,True,True,,,
opportunity_target,O_min,1.8,opportunity index,phi_low,0.08,capacity per investment good,1.0,1.0,1.0,1.0,12.0,19.0,,,1.925,True,True,,,
opportunity_target,O_min,1.9,opportunity index,phi_high,0.25,capacity per investment good,1.0,1.0,1.0,1.0,12.0,19.0,,,1.3399999999999999,True,True,,,
opportunity_target,O_min,1.9,opportunity index,phi_low,0.08,capacity per investment good,1.0,1.0,1.0,1.0,12.0,19.0,,,2.2749999999999995,True,True,,,
opportunity_target,O_min,2.0,opportunity index,phi_high,0.25,capacity per investment good,1.0,1.0,1.0,1.0,12.0,19.0,,,1.52,True,True,,,
opportunity_target,O_min,2.0,opportunity index,phi_low,0.08,capacity per investment good,1.0,1.0,1.0,1.0,12.0,19.0,,,2.625,True,True,,,
opportunity_target,O_min,2.1,opportunity index,phi_high,0.25,capacity per investment good,1.0,1.0,1.0,1.0,12.0,19.0,,,1.7000000000000002,True,True,,,
opportunity_target,O_min,2.1,opportunity index,phi_low,0.08,capacity per investment good,1.0,1.0,1.0,1.0,12.0,19.0,,,2.9750000000000005,True,True,,,
opportunity_target,O_min,2.2,opportunity index,phi_high,0.25,capacity per investment good,1.0,1.0,1.0,1.0,12.0,19.0,,,1.8800000000000003,True,True,,,
opportunity_target,O_min,2.2,opportunity index,phi_low,0.08,capacity per investment good,1.0,1.0,1.0,1.0,12.0,19.0,,,3.3250000000000006,True,True,,,
opportunity_target,O_min,2.3,opportunity index,phi_high,0.25,capacity per investment good,1.0,1.0,1.0,1.0,12.0,19.0,,,2.0599999999999996,True,True,,,
opportunity_target,O_min,2.3,opportunity index,phi_low,0.08,capacity per investment good,1.0,1.0,1.0,1.0,12.0,19.0,,,3.674999999999999,True,True,,,
opportunity_target,O_min,2.4000000000000004,opportunity index,phi_high,0.25,capacity per investment good,1.0,1.0,1.0,1.0,12.0,19.0,,,2.2400000000000007,True,True,,,
opportunity_target,O_min,2.4000000000000004,opportunity index,phi_low,0.08,capacity per investment good,1.0,1.0,1.0,1.0,12.0,19.0,,,4.025000000000001,True,True,,,
opportunity_target,O_min,2.5,opportunity index,phi_high,0.25,capacity per investment good,1.0,1.0,1.0,1.0,12.0,19.0,,,2.42,True,True,,,
opportunity_target,O_min,2.5,opportunity index,phi_low,0.08,capacity per investment good,1.0,1.0,1.0,1.0,12.0,19.0,,,4.375,True,True,,,
opportunity_target,O_min,2.6,opportunity index,phi_high,0.25,capacity per investment good,1.0,1.0,1.0,1.0,12.0,19.0,,,2.6,True,True,,,
opportunity_target,O_min,2.6,opportunity index,phi_low,0.08,capacity per investment good,1.0,1.0,1.0,1.0,12.0,19.0,,,4.725,True,True,,,
opportunity_target,O_min,2.7,opportunity index,phi_high,0.25,capacity per investment good,1.0,1.0,1.0,1.0,12.0,19.0,,,2.7800000000000002,True,True,,,
opportunity_target,O_min,2.7,opportunity index,phi_low,0.08,capacity per investment good,1.0,1.0,1.0,1.0,12.0,19.0,,,5.075,True,True,,,
opportunity_target,O_min,2.8,opportunity index,phi_high,0.25,capacity per investment good,1.0,1.0,1.0,1.0,12.0,19.0,,,2.96,True,True,,,
opportunity_target,O_min,2.8,opportunity index,phi_low,0.08,capacity per investment good,1.0,1.0,1.0,1.0,12.0,19.0,,,5.424999999999999,True,True,,,
opportunity_target,O_min,2.9000000000000004,opportunity index,phi_high,0.25,capacity per investment good,1.0,1.0,1.0,1.0,12.0,19.0,,,3.1400000000000006,True,True,,,
opportunity_target,O_min,2.9000000000000004,opportunity index,phi_low,0.08,capacity per investment good,1.0,1.0,1.0,1.0,12.0,19.0,,,5.775,True,True,,,
opportunity_target,O_min,3.0,opportunity index,phi_high,0.25,capacity per investment good,1.0,1.0,1.0,1.0,12.0,19.0,,,3.3200000000000003,True,True,,,
opportunity_target,O_min,3.0,opportunity index,phi_low,0.08,capacity per investment good,1.0,1.0,1.0,1.0,12.0,19.0,,,6.125,True,True,,,
opportunity_target,O_min,3.1,opportunity index,phi_high,0.25,capacity per investment good,1.0,1.0,1.0,1.0,12.0,19.0,,,3.5,True,True,,,
opportunity_target,O_min,3.1,opportunity index,phi_low,0.08,capacity per investment good,1.0,1.0,1.0,1.0,12.0,19.0,,,6.475,True,True,,,
opportunity_target,O_min,3.2,opportunity index,phi_high,0.25,capacity per investment good,1.0,1.0,1.0,1.0,12.0,19.0,,,3.6800000000000006,True,True,,,
opportunity_target,O_min,3.2,opportunity index,phi_low,0.08,capacity per investment good,1.0,1.0,1.0,1.0,12.0,19.0,,,6.825000000000001,True,True,,,
opportunity_target,O_min,3.3000000000000003,opportunity index,phi_high,0.25,capacity per investment good,1.0,1.0,1.0,1.0,12.0,19.0,,,3.8600000000000003,True,True,,,
opportunity_target,O_min,3.3000000000000003,opportunity index,phi_low,0.08,capacity per investment good,1.0,1.0,1.0,1.0,12.0,19.0,,,7.175000000000001,True,False,,,
opportunity_target,O_min,3.4000000000000004,opportunity index,phi_high,0.25,capacity per investment good,1.0,1.0,1.0,1.0,12.0,19.0,,,4.040000000000001,True,True,,,
opportunity_target,O_min,3.4000000000000004,opportunity index,phi_low,0.08,capacity per investment good,1.0,1.0,1.0,1.0,12.0,19.0,,,7.525000000000001,True,False,,,
opportunity_target,O_min,3.5,opportunity index,phi_high,0.25,capacity per investment good,1.0,1.0,1.0,1.0,12.0,19.0,,,4.22,True,True,,,
opportunity_target,O_min,3.5,opportunity index,phi_low,0.08,capacity per investment good,1.0,1.0,1.0,1.0,12.0,19.0,,,7.875,True,False,,,
opportunity_target,O_min,3.6,opportunity index,phi_high,0.25,capacity per investment good,1.0,1.0,1.0,1.0,12.0,19.0,,,4.4,True,True,,,
opportunity_target,O_min,3.6,opportunity index,phi_low,0.08,capacity per investment good,1.0,1.0,1.0,1.0,12.0,19.0,,,8.225,True,False,,,
opportunity_target,O_min,3.7,opportunity index,phi_high,0.25,capacity per investment good,1.0,1.0,1.0,1.0,12.0,19.0,,,4.58,True,True,,,
opportunity_target,O_min,3.7,opportunity index,phi_low,0.08,capacity per investment good,1.0,1.0,1.0,1.0,12.0,19.0,,,8.575,True,False,,,
opportunity_target,O_min,3.8000000000000003,opportunity index,phi_high,0.25,capacity per investment good,1.0,1.0,1.0,1.0,12.0,19.0,,,4.760000000000001,True,True,,,
opportunity_target,O_min,3.8000000000000003,opportunity index,phi_low,0.08,capacity per investment good,1.0,1.0,1.0,1.0,12.0,19.0,,,8.925,True,False,,,
opportunity_target,O_min,3.9000000000000004,opportunity index,phi_high,0.25,capacity per investment good,1.0,1.0,1.0,1.0,12.0,19.0,,,4.94,True,True,,,
opportunity_target,O_min,3.9000000000000004,opportunity index,phi_low,0.08,capacity per investment good,1.0,1.0,1.0,1.0,12.0,19.0,,,9.275,True,False,,,
opportunity_target,O_min,4.0,opportunity index,phi_high,0.25,capacity per investment good,1.0,1.0,1.0,1.0,12.0,19.0,,,5.12,True,True,,,
opportunity_target,O_min,4.0,opportunity index,phi_low,0.08,capacity per investment good,1.0,1.0,1.0,1.0,12.0,19.0,,,9.625,True,False,,,
opportunity_target,O_min,4.1,opportunity index,phi_high,0.25,capacity per investment good,1.0,1.0,1.0,1.0,12.0,19.0,,,5.299999999999999,True,True,,,
opportunity_target,O_min,4.1,opportunity index,phi_low,0.08,capacity per investment good,1.0,1.0,1.0,1.0,12.0,19.0,,,9.974999999999998,True,False,,,
opportunity_target,O_min,4.2,opportunity index,phi_high,0.25,capacity per investment good,1.0,1.0,1.0,1.0,12.0,19.0,,,5.48,True,True,,,
opportunity_target,O_min,4.2,opportunity index,phi_low,0.08,capacity per investment good,1.0,1.0,1.0,1.0,12.0,19.0,,,10.325000000000001,True,False,,,
opportunity_target,O_min,4.300000000000001,opportunity index,phi_high,0.25,capacity per investment good,1.0,1.0,1.0,1.0,12.0,19.0,,,5.660000000000001,True,True,,,
opportunity_target,O_min,4.300000000000001,opportunity index,phi_low,0.08,capacity per investment good,1.0,1.0,1.0,1.0,12.0,19.0,,,10.675,True,False,,,
opportunity_target,O_min,4.4,opportunity index,phi_high,0.25,capacity per investment good,1.0,1.0,1.0,1.0,12.0,19.0,,,5.840000000000001,True,True,,,
opportunity_target,O_min,4.4,opportunity index,phi_low,0.08,capacity per investment good,1.0,1.0,1.0,1.0,12.0,19.0,,,11.025000000000002,True,False,,,
opportunity_target,O_min,4.5,opportunity index,phi_high,0.25,capacity per investment good,1.0,1.0,1.0,1.0,12.0,19.0,,,6.02,True,True,,,
opportunity_target,O_min,4.5,opportunity index,phi_low,0.08,capacity per investment good,1.0,1.0,1.0,1.0,12.0,19.0,,,11.374999999999998,True,False,,,
opportunity_target,O_min,4.6,opportunity index,phi_high,0.25,capacity per investment good,1.0,1.0,1.0,1.0,12.0,19.0,,,6.199999999999999,True,True,,,
opportunity_target,O_min,4.6,opportunity index,phi_low,0.08,capacity per investment good,1.0,1.0,1.0,1.0,12.0,19.0,,,11.724999999999998,True,False,,,
opportunity_target,O_min,4.7,opportunity index,phi_high,0.25,capacity per investment good,1.0,1.0,1.0,1.0,12.0,19.0,,,6.38,True,True,,,
opportunity_target,O_min,4.7,opportunity index,phi_low,0.08,capacity per investment good,1.0,1.0,1.0,1.0,12.0,19.0,,,12.075,True,False,,,
opportunity_target,O_min,4.800000000000001,opportunity index,phi_high,0.25,capacity per investment good,1.0,1.0,1.0,1.0,12.0,19.0,,,6.560000000000001,True,True,,,
opportunity_target,O_min,4.800000000000001,opportunity index,phi_low,0.08,capacity per investment good,1.0,1.0,1.0,1.0,12.0,19.0,,,12.425000000000002,True,False,,,
opportunity_target,O_min,4.9,opportunity index,phi_high,0.25,capacity per investment good,1.0,1.0,1.0,1.0,12.0,19.0,,,6.74,True,True,,,
opportunity_target,O_min,4.9,opportunity index,phi_low,0.08,capacity per investment good,1.0,1.0,1.0,1.0,12.0,19.0,,,12.775,True,False,,,
opportunity_target,O_min,5.0,opportunity index,phi_high,0.25,capacity per investment good,1.0,1.0,1.0,1.0,12.0,19.0,,,6.92,True,True,,,
opportunity_target,O_min,5.0,opportunity index,phi_low,0.08,capacity per investment good,1.0,1.0,1.0,1.0,12.0,19.0,,,13.125,True,False,,,
opportunity_target,O_min,5.1000000000000005,opportunity index,phi_high,0.25,capacity per investment good,1.0,1.0,1.0,1.0,12.0,19.0,,,7.1000000000000005,True,False,,,
opportunity_target,O_min,5.1000000000000005,opportunity index,phi_low,0.08,capacity per investment good,1.0,1.0,1.0,1.0,12.0,19.0,,,13.475000000000001,True,False,,,
opportunity_target,O_min,5.2,opportunity index,phi_high,0.25,capacity per investment good,1.0,1.0,1.0,1.0,12.0,19.0,,,7.28,True,False,,,
opportunity_target,O_min,5.2,opportunity index,phi_low,0.08,capacity per investment good,1.0,1.0,1.0,1.0,12.0,19.0,,,13.825,True,False,,,
opportunity_target,O_min,5.3,opportunity index,phi_high,0.25,capacity per investment good,1.0,1.0,1.0,1.0,12.0,19.0,,,7.46,True,False,,,
opportunity_target,O_min,5.3,opportunity index,phi_low,0.08,capacity per investment good,1.0,1.0,1.0,1.0,12.0,19.0,,,14.175,True,False,,,
opportunity_target,O_min,5.4,opportunity index,phi_high,0.25,capacity per investment good,1.0,1.0,1.0,1.0,12.0,19.0,,,7.640000000000001,True,False,,,
opportunity_target,O_min,5.4,opportunity index,phi_low,0.08,capacity per investment good,1.0,1.0,1.0,1.0,12.0,19.0,,,14.525,True,False,,,
opportunity_target,O_min,5.5,opportunity index,phi_high,0.25,capacity per investment good,1.0,1.0,1.0,1.0,12.0,19.0,,,7.82,True,False,,,
opportunity_target,O_min,5.5,opportunity index,phi_low,0.08,capacity per investment good,1.0,1.0,1.0,1.0,12.0,19.0,,,14.875,True,False,,,
opportunity_target,O_min,5.6000000000000005,opportunity index,phi_high,0.25,capacity per investment good,1.0,1.0,1.0,1.0,12.0,19.0,,,8.0,True,False,,,
opportunity_target,O_min,5.6000000000000005,opportunity index,phi_low,0.08,capacity per investment good,1.0,1.0,1.0,1.0,12.0,19.0,,,15.225000000000001,True,False,,,
opportunity_target,O_min,5.7,opportunity index,phi_high,0.25,capacity per investment good,1.0,1.0,1.0,1.0,12.0,19.0,,,8.18,True,False,,,
opportunity_target,O_min,5.7,opportunity index,phi_low,0.08,capacity per investment good,1.0,1.0,1.0,1.0,12.0,19.0,,,15.575000000000003,True,False,,,
opportunity_target,O_min,5.800000000000001,opportunity index,phi_high,0.25,capacity per investment good,1.0,1.0,1.0,1.0,12.0,19.0,,,8.360000000000001,True,False,,,
opportunity_target,O_min,5.800000000000001,opportunity index,phi_low,0.08,capacity per investment good,1.0,1.0,1.0,1.0,12.0,19.0,,,15.925000000000002,True,False,,,
opportunity_target,O_min,5.9,opportunity index,phi_high,0.25,capacity per investment good,1.0,1.0,1.0,1.0,12.0,19.0,,,8.540000000000001,True,False,,,
opportunity_target,O_min,5.9,opportunity index,phi_low,0.08,capacity per investment good,1.0,1.0,1.0,1.0,12.0,19.0,,,16.275000000000002,True,False,,,
opportunity_target,O_min,6.0,opportunity index,phi_high,0.25,capacity per investment good,1.0,1.0,1.0,1.0,12.0,19.0,,,8.719999999999999,True,False,,,
opportunity_target,O_min,6.0,opportunity index,phi_low,0.08,capacity per investment good,1.0,1.0,1.0,1.0,12.0,19.0,,,16.625,True,False,,,
opportunity_target,O_min,6.1000000000000005,opportunity index,phi_high,0.25,capacity per investment good,1.0,1.0,1.0,1.0,12.0,19.0,,,,False,False,,,
opportunity_target,O_min,6.1000000000000005,opportunity index,phi_low,0.08,capacity per investment good,1.0,1.0,1.0,1.0,12.0,19.0,,,,False,False,,,
opportunity_target,O_min,6.2,opportunity index,phi_high,0.25,capacity per investment good,1.0,1.0,1.0,1.0,12.0,19.0,,,,False,False,,,
opportunity_target,O_min,6.2,opportunity index,phi_low,0.08,capacity per investment good,1.0,1.0,1.0,1.0,12.0,19.0,,,,False,False,,,
opportunity_target,O_min,6.300000000000001,opportunity index,phi_high,0.25,capacity per investment good,1.0,1.0,1.0,1.0,12.0,19.0,,,,False,False,,,
opportunity_target,O_min,6.300000000000001,opportunity index,phi_low,0.08,capacity per investment good,1.0,1.0,1.0,1.0,12.0,19.0,,,,False,False,,,
opportunity_target,O_min,6.4,opportunity index,phi_high,0.25,capacity per investment good,1.0,1.0,1.0,1.0,12.0,19.0,,,,False,False,,,
opportunity_target,O_min,6.4,opportunity index,phi_low,0.08,capacity per investment good,1.0,1.0,1.0,1.0,12.0,19.0,,,,False,False,,,
opportunity_target,O_min,6.5,opportunity index,phi_high,0.25,capacity per investment good,1.0,1.0,1.0,1.0,12.0,19.0,,,,False,False,,,
opportunity_target,O_min,6.5,opportunity index,phi_low,0.08,capacity per investment good,1.0,1.0,1.0,1.0,12.0,19.0,,,,False,False,,,
